2026-04-15 21:09:58,404 
{   'RGB_shift_prob': 0.5,
    'base_learning_rate': 0.0002,
    'batch_size': 64,
    'bbox_scale_factor': 1.2,
    'blur_limit': (3, 7),
    'brightness': (0.6, 1.3),
    'center_jittering': 0.2,
    'checkpoint': '',
    'clahe_prob': 0.5,
    'clean_data_mode': '2023_CVPR_HFL',
    'color_jitter_prob': 0.5,
    'contact_normal_distance_thresh': (-0.01, 0.01),
    'contact_vertical_distance_thresh': 0.005,
    'contrast': (0.6, 1.3),
    'data_dir': '/home/jun/Projects/HandPoseEstimation/DexYCB',
    'dataset_name': 'dexycb',
    'eval_batch_size': 32,
    'eval_full': False,
    'eval_num_workers': 8,
    'eval_path': '',
    'eval_repeat_num': 50,
    'full_evaluation_freq': 10,
    'gamma': 0.96,
    'gaussian_blur_prob': 0.5,
    'gradient_accumulation_steps': 1,
    'gradient_clip': -1.0,
    'heatmap_hand_sigma': 2.0,
    'heatmap_obj_sigma': 2.0,
    'heatmap_size': 64,
    'hue': (-0.15, 0.15),
    'img_size': (640, 480),
    'lr_step': 5,
    'mark': 'DexYCB-HBBox-Force',
    'max_epochs': 100,
    'max_rot': 30,
    'mode': 'train',
    'model': 'DiffHandObj_BBox_Force',
    'motion_blur_limit': (3, 7),
    'motion_blur_prob': 0.5,
    'num_workers': 16,
    'optimizer': 'adamw',
    'output_dir': 'output',
    'patch_size': 256,
    'pretrain': '',
    'print_freq': 500,
    'random_erasing_max_area': 0.2,
    'random_erasing_max_count': 1,
    'random_erasing_min_area': 0.02,
    'random_erasing_mode': 'pixel',
    'random_erasing_prob': 0.5,
    'random_seed': 206,
    'remove_pretrained_keys': [],
    'repeat_num': 20,
    'roi_size': 32,
    'rot_prob': 1,
    'sample_T0': 0.55,
    'sample_num': 50,
    'sampler': 'ode',
    'sampling_steps': 500,
    'saturation': (0.6, 1.3),
    'scale_factor': 0.2,
    'scheduler': 'exp',
    'sde_mode': 've',
    'shift_limit': (-20, 20),
    'sigma_limit': (0.2, 2.0),
    'start_with_eval': False,
    'topk_hand': 15,
    'topk_obj': 5,
    'use_mix_trainset': False,
    'viz_freq': 50,
    'weight_CoM_loss': 100.0,
    'weight_diff_hand_loss': 1.0,
    'weight_diff_obj_loss': 1.0,
    'weight_distrib_loss': 1.0,
    'weight_force_loss': 1.0,
    'weight_gravity_loss': 1.0,
    'weight_hand_contact_loss': 1.0,
    'weight_hm_hand_loss': 1000.0,
    'weight_hm_obj_loss': 1000.0,
    'weight_joint2hm_loss': 1000.0,
    'weight_joint_loss': 10000.0,
    'weight_mano_pose_loss': 10,
    'weight_mano_shape_loss': 1.0,
    'weight_point_loss': 100.0,
    'weight_segm_obj_loss': 30.0,
    'weight_supervised_loss': 10,
    'weight_torque_loss': 30.0,
    'weight_vert_loss': 10000.0}
2026-04-15 21:09:59,296 
Epoch: 0/100 | Learning Rate: 2.000e-04
2026-04-15 21:10:03,042 
[0000/6273]| Loss diff_H:9.64e+01 diff_O:8.80e+00 hm_H:4.48e+00 hm_O:3.08e+00 vert:4.75e+01 joint:5.12e+01 mano_pose:6.98e+00 mano_shape:1.35e-01 force:1.04e+00 gravity:9.40e-01 torque:1.87e-02 supervised:7.16e-02 CoM:1.63e+00 total:2.22e+02
2026-04-15 21:12:21,137 
[0500/6273]| Loss diff_H:5.07e+01 diff_O:4.07e+00 hm_H:4.20e+00 hm_O:3.00e+00 vert:5.32e+00 joint:5.68e+00 mano_pose:4.09e-01 mano_shape:1.91e-01 force:4.41e-01 gravity:1.96e-01 torque:4.74e-02 supervised:7.29e-02 CoM:3.16e-01 total:7.46e+01
2026-04-15 21:14:39,108 
[1000/6273]| Loss diff_H:3.72e+01 diff_O:3.88e+00 hm_H:4.14e+00 hm_O:2.99e+00 vert:3.95e+00 joint:4.24e+00 mano_pose:2.62e-01 mano_shape:1.93e-01 force:3.11e-01 gravity:1.25e-01 torque:4.12e-02 supervised:6.56e-02 CoM:2.40e-01 total:5.76e+01
2026-04-15 21:16:57,287 
[1500/6273]| Loss diff_H:3.26e+01 diff_O:3.95e+00 hm_H:4.12e+00 hm_O:2.98e+00 vert:4.33e+00 joint:4.67e+00 mano_pose:2.96e-01 mano_shape:1.45e-01 force:3.19e-01 gravity:1.79e-01 torque:3.36e-02 supervised:8.61e-02 CoM:2.05e-01 total:5.39e+01
2026-04-15 21:19:15,785 
[2000/6273]| Loss diff_H:2.94e+01 diff_O:3.53e+00 hm_H:3.90e+00 hm_O:2.99e+00 vert:4.31e+00 joint:4.62e+00 mano_pose:2.66e-01 mano_shape:1.38e-01 force:3.35e-01 gravity:1.91e-01 torque:4.85e-02 supervised:8.54e-02 CoM:1.02e-01 total:4.99e+01
2026-04-15 21:21:36,389 
[2500/6273]| Loss diff_H:2.58e+01 diff_O:3.48e+00 hm_H:3.91e+00 hm_O:2.95e+00 vert:2.15e+00 joint:2.31e+00 mano_pose:2.14e-01 mano_shape:1.16e-01 force:2.65e-01 gravity:1.21e-01 torque:4.33e-02 supervised:7.08e-02 CoM:1.14e-01 total:4.16e+01
2026-04-15 21:23:54,455 
[3000/6273]| Loss diff_H:2.43e+01 diff_O:3.37e+00 hm_H:3.87e+00 hm_O:2.95e+00 vert:2.29e+00 joint:2.45e+00 mano_pose:2.39e-01 mano_shape:1.55e-01 force:1.94e-01 gravity:1.02e-01 torque:3.96e-02 supervised:7.11e-02 CoM:1.33e-01 total:4.02e+01
2026-04-15 21:26:12,332 
[3500/6273]| Loss diff_H:2.34e+01 diff_O:3.32e+00 hm_H:3.68e+00 hm_O:2.95e+00 vert:3.29e+00 joint:3.56e+00 mano_pose:2.54e-01 mano_shape:9.52e-02 force:2.40e-01 gravity:9.58e-02 torque:3.52e-02 supervised:7.44e-02 CoM:1.24e-01 total:4.11e+01
2026-04-15 21:28:30,326 
[4000/6273]| Loss diff_H:2.19e+01 diff_O:3.30e+00 hm_H:3.61e+00 hm_O:2.94e+00 vert:4.14e+00 joint:4.48e+00 mano_pose:2.58e-01 mano_shape:1.07e-01 force:2.31e-01 gravity:1.32e-01 torque:3.84e-02 supervised:9.15e-02 CoM:1.60e-01 total:4.13e+01
2026-04-15 21:30:48,438 
[4500/6273]| Loss diff_H:2.19e+01 diff_O:3.15e+00 hm_H:3.73e+00 hm_O:2.93e+00 vert:2.68e+00 joint:2.86e+00 mano_pose:2.06e-01 mano_shape:1.10e-01 force:2.61e-01 gravity:1.41e-01 torque:4.47e-02 supervised:8.13e-02 CoM:1.09e-01 total:3.82e+01
2026-04-15 21:33:06,340 
[5000/6273]| Loss diff_H:2.09e+01 diff_O:3.30e+00 hm_H:3.63e+00 hm_O:2.92e+00 vert:2.32e+00 joint:2.50e+00 mano_pose:1.91e-01 mano_shape:1.18e-01 force:2.18e-01 gravity:1.09e-01 torque:3.21e-02 supervised:8.58e-02 CoM:7.52e-02 total:3.64e+01
2026-04-15 21:35:24,335 
[5500/6273]| Loss diff_H:2.02e+01 diff_O:3.15e+00 hm_H:3.84e+00 hm_O:2.91e+00 vert:2.75e+00 joint:2.96e+00 mano_pose:2.21e-01 mano_shape:1.06e-01 force:2.27e-01 gravity:9.39e-02 torque:4.71e-02 supervised:6.69e-02 CoM:1.34e-01 total:3.67e+01
2026-04-15 21:37:42,464 
[6000/6273]| Loss diff_H:2.08e+01 diff_O:2.96e+00 hm_H:4.19e+00 hm_O:2.89e+00 vert:5.00e+00 joint:5.41e+00 mano_pose:2.42e-01 mano_shape:1.37e-01 force:2.92e-01 gravity:1.26e-01 torque:4.76e-02 supervised:6.49e-02 CoM:1.19e-01 total:4.23e+01
2026-04-15 21:38:58,171 
Evaluation on subtest dataset: 13128
2026-04-15 22:19:07,873 
Hand Evaluation: 13128 samples
2026-04-15 22:19:07,903 
regression: 
         MJE PA_MJE MJE_0  MJE_1  MJE_2  ... MJE_16 MJE_17 MJE_18 MJE_19 MJE_20
right  23.92   8.46  0.00   9.95  16.92  ...  34.85  18.83  22.57  26.23  32.90
left   24.01   8.30  0.00  10.57  17.25  ...  34.10  19.50  23.67  27.03  33.07
both   23.96   8.38  0.00  10.26  17.08  ...  34.47  19.17  23.11  26.63  32.98

[3 rows x 23 columns]
2026-04-15 22:19:07,910 
one_candidate: 
         MJE PA_MJE MJE_0  MJE_1  MJE_2  ... MJE_16 MJE_17 MJE_18 MJE_19 MJE_20
right  52.45  14.70  0.00  19.19  34.57  ...  73.19  39.87  48.62  55.34  65.64
left   52.92  14.19  0.00  19.85  35.20  ...  73.51  41.18  50.15  56.73  66.72
both   52.69  14.45  0.00  19.52  34.88  ...  73.35  40.52  49.38  56.03  66.18

[3 rows x 23 columns]
2026-04-15 22:19:07,916 
mean_candidate_mano: 
         MJE PA_MJE MJE_0  MJE_1  MJE_2  ... MJE_16 MJE_17 MJE_18 MJE_19 MJE_20
right  22.64   9.41  0.00   9.51  15.58  ...  34.13  18.42  21.78  25.50  32.48
left   22.25   9.27  0.00  10.03  15.83  ...  32.70  18.80  22.39  25.71  32.08
both   22.45   9.34  0.00   9.77  15.71  ...  33.42  18.61  22.08  25.60  32.28

[3 rows x 23 columns]
2026-04-15 22:19:08,032 
Object Evaluation: 13128 samples 
Mean Pose: 
                          MCE   MCE2    OCE  ... ADD01d ADDS01d    REP
002_master_chef_can    117.90  41.87  38.33  ...  1.03%  65.24%  40.26
003_cracker_box        132.89  55.71  41.95  ...  3.41%  63.26%  45.84
004_sugar_box           99.21  50.13  39.37  ...  1.80%  53.00%  31.32
005_tomato_soup_can     91.53  38.00  34.11  ...  0.29%  52.35%  31.10
006_mustard_bottle      97.88  42.03  33.75  ...  3.26%  67.91%  28.63
007_tuna_fish_can       89.44  35.95  34.13  ...  0.00%  42.40%  28.01
008_pudding_box        109.29  54.78  48.92  ...  2.18%  61.68%  37.66
009_gelatin_box         85.10  43.56  38.72  ...  0.76%  45.14%  28.70
010_potted_meat_can     92.40  36.27  32.10  ...  0.59%  55.08%  33.24
011_banana             109.98  55.69  42.22  ...  5.07%  44.03%  29.79
019_pitcher_base       169.48  61.33  52.18  ...  3.46%  72.48%  49.71
021_bleach_cleanser    132.41  57.59  45.06  ...  2.31%  58.02%  37.67
024_bowl               135.17  44.81  39.72  ...  3.00%  53.15%  40.99
025_mug                109.95  39.23  37.55  ...  1.24%  68.78%  32.08
035_power_drill        144.82  60.18  48.09  ...  1.72%  39.59%  41.02
036_wood_block         152.95  54.42  42.05  ...  1.15%  61.29%  59.02
037_scissors           118.31  62.24  45.69  ...  1.65%  28.68%  30.19
040_large_marker        64.63  42.83  35.71  ...  1.24%  23.02%  17.45
052_extra_large_clamp  171.42  65.81  44.04  ...  1.68%  48.63%  45.64
061_foam_brick          83.59  38.86  36.09  ...  0.00%  43.58%  30.89
average_instance       115.28  49.07  40.50  ...  1.80%  52.42%  35.90

[21 rows x 8 columns]
2026-04-15 22:19:10,037 
Epoch: 1/100 | Learning Rate: 1.920e-04
2026-04-15 22:19:12,201 
[0000/6273]| Loss diff_H:1.96e+01 diff_O:3.22e+00 hm_H:3.57e+00 hm_O:2.89e+00 vert:2.61e+00 joint:2.80e+00 mano_pose:2.03e-01 mano_shape:1.04e-01 force:2.27e-01 gravity:1.47e-01 torque:4.09e-02 supervised:8.15e-02 CoM:1.07e-01 total:3.56e+01
2026-04-15 22:21:30,264 
[0500/6273]| Loss diff_H:2.13e+01 diff_O:3.21e+00 hm_H:3.50e+00 hm_O:2.89e+00 vert:2.52e+00 joint:2.74e+00 mano_pose:2.36e-01 mano_shape:1.21e-01 force:2.62e-01 gravity:1.55e-01 torque:4.39e-02 supervised:7.62e-02 CoM:1.39e-01 total:3.72e+01
2026-04-15 22:23:48,331 
[1000/6273]| Loss diff_H:2.17e+01 diff_O:3.24e+00 hm_H:4.32e+00 hm_O:2.90e+00 vert:7.40e+00 joint:7.97e+00 mano_pose:3.12e-01 mano_shape:2.78e-01 force:3.67e-01 gravity:2.08e-01 torque:3.24e-02 supervised:5.70e-02 CoM:1.91e-01 total:4.90e+01
2026-04-15 22:26:06,608 
[1500/6273]| Loss diff_H:1.93e+01 diff_O:3.14e+00 hm_H:3.99e+00 hm_O:2.89e+00 vert:2.89e+00 joint:3.10e+00 mano_pose:2.32e-01 mano_shape:1.26e-01 force:2.68e-01 gravity:1.40e-01 torque:3.22e-02 supervised:6.39e-02 CoM:9.73e-02 total:3.63e+01
2026-04-15 22:28:24,596 
[2000/6273]| Loss diff_H:1.92e+01 diff_O:3.07e+00 hm_H:3.85e+00 hm_O:2.87e+00 vert:3.23e+00 joint:3.50e+00 mano_pose:2.21e-01 mano_shape:1.03e-01 force:2.09e-01 gravity:9.27e-02 torque:3.65e-02 supervised:7.72e-02 CoM:1.05e-01 total:3.65e+01
2026-04-15 22:30:42,596 
[2500/6273]| Loss diff_H:1.84e+01 diff_O:2.90e+00 hm_H:3.84e+00 hm_O:2.86e+00 vert:1.97e+00 joint:2.12e+00 mano_pose:2.08e-01 mano_shape:1.16e-01 force:2.35e-01 gravity:1.07e-01 torque:4.08e-02 supervised:8.06e-02 CoM:6.70e-02 total:3.29e+01
2026-04-15 22:33:00,794 
[3000/6273]| Loss diff_H:1.98e+01 diff_O:2.95e+00 hm_H:3.65e+00 hm_O:2.87e+00 vert:1.72e+00 joint:1.85e+00 mano_pose:1.94e-01 mano_shape:1.28e-01 force:2.25e-01 gravity:1.20e-01 torque:3.65e-02 supervised:7.51e-02 CoM:7.64e-02 total:3.37e+01
2026-04-15 22:35:18,806 
[3500/6273]| Loss diff_H:1.83e+01 diff_O:2.93e+00 hm_H:3.46e+00 hm_O:2.86e+00 vert:1.54e+00 joint:1.65e+00 mano_pose:1.96e-01 mano_shape:1.33e-01 force:2.02e-01 gravity:1.01e-01 torque:3.59e-02 supervised:8.23e-02 CoM:7.56e-02 total:3.15e+01
2026-04-15 22:37:36,978 
[4000/6273]| Loss diff_H:1.74e+01 diff_O:2.94e+00 hm_H:3.75e+00 hm_O:2.84e+00 vert:1.57e+00 joint:1.68e+00 mano_pose:1.78e-01 mano_shape:1.05e-01 force:2.05e-01 gravity:9.64e-02 torque:4.77e-02 supervised:7.57e-02 CoM:7.81e-02 total:3.10e+01
2026-04-15 22:39:55,059 
[4500/6273]| Loss diff_H:1.67e+01 diff_O:2.88e+00 hm_H:3.64e+00 hm_O:2.85e+00 vert:2.09e+00 joint:2.27e+00 mano_pose:1.81e-01 mano_shape:8.38e-02 force:3.04e-01 gravity:1.55e-01 torque:3.71e-02 supervised:6.42e-02 CoM:9.62e-02 total:3.13e+01
2026-04-15 22:42:13,163 
[5000/6273]| Loss diff_H:1.89e+01 diff_O:3.00e+00 hm_H:3.92e+00 hm_O:2.87e+00 vert:4.71e+00 joint:5.14e+00 mano_pose:2.41e-01 mano_shape:1.14e-01 force:3.38e-01 gravity:2.05e-01 torque:2.33e-02 supervised:7.81e-02 CoM:9.34e-02 total:3.96e+01
2026-04-15 22:44:31,174 
[5500/6273]| Loss diff_H:1.77e+01 diff_O:2.85e+00 hm_H:3.64e+00 hm_O:2.82e+00 vert:1.46e+00 joint:1.58e+00 mano_pose:1.76e-01 mano_shape:1.13e-01 force:2.08e-01 gravity:1.08e-01 torque:5.15e-02 supervised:8.65e-02 CoM:7.02e-02 total:3.08e+01
2026-04-15 22:46:49,237 
[6000/6273]| Loss diff_H:1.67e+01 diff_O:2.88e+00 hm_H:3.83e+00 hm_O:2.86e+00 vert:1.92e+00 joint:2.08e+00 mano_pose:2.07e-01 mano_shape:1.26e-01 force:2.04e-01 gravity:1.06e-01 torque:3.18e-02 supervised:6.83e-02 CoM:5.69e-02 total:3.10e+01
2026-04-15 22:48:04,895 
Evaluation on subtest dataset: 13128
2026-04-15 23:21:00,353 
Hand Evaluation: 13128 samples
2026-04-15 23:21:00,370 
regression: 
         MJE PA_MJE MJE_0  MJE_1  MJE_2  ... MJE_16 MJE_17 MJE_18 MJE_19 MJE_20
right  26.06   8.76  0.00  10.75  18.29  ...  36.51  20.77  24.38  27.73  34.09
left   27.12   8.79  0.00  11.54  19.23  ...  36.89  22.44  26.61  29.64  35.29
both   26.59   8.77  0.00  11.14  18.76  ...  36.70  21.60  25.49  28.68  34.69

[3 rows x 23 columns]
2026-04-15 23:21:00,377 
one_candidate: 
         MJE PA_MJE MJE_0  MJE_1  MJE_2  ... MJE_16 MJE_17 MJE_18 MJE_19 MJE_20
right  56.09  13.54  0.00  21.75  38.16  ...  76.45  43.01  51.91  58.37  68.34
left   57.30  13.20  0.00  22.63  39.19  ...  77.94  44.67  54.39  60.86  70.49
both   56.69  13.37  0.00  22.19  38.67  ...  77.19  43.83  53.14  59.61  69.41

[3 rows x 23 columns]
2026-04-15 23:21:00,383 
mean_candidate_mano: 
         MJE PA_MJE MJE_0  MJE_1  MJE_2  ... MJE_16 MJE_17 MJE_18 MJE_19 MJE_20
right  24.37   9.47  0.00  10.58  17.15  ...  35.93  21.00  24.70  28.17  35.00
left   24.58   9.50  0.00  11.38  17.94  ...  34.96  21.95  25.68  28.83  35.11
both   24.47   9.49  0.00  10.98  17.55  ...  35.45  21.47  25.19  28.50  35.06

[3 rows x 23 columns]
2026-04-15 23:21:00,503 
Object Evaluation: 13128 samples 
Mean Pose: 
                          MCE   MCE2    OCE  ...  ADD01d ADDS01d    REP
002_master_chef_can    102.69  37.25  34.18  ...   4.42%  74.82%  34.48
003_cracker_box         90.18  58.23  48.68  ...  11.41%  69.48%  28.20
004_sugar_box           78.31  45.48  37.55  ...  11.86%  60.51%  22.80
005_tomato_soup_can     77.95  37.98  35.13  ...   0.15%  49.71%  25.46
006_mustard_bottle      68.54  37.30  30.06  ...  22.48%  79.84%  20.28
007_tuna_fish_can       80.84  35.15  33.64  ...   1.69%  49.77%  25.57
008_pudding_box         83.71  53.39  48.42  ...  10.89%  63.13%  26.92
009_gelatin_box         64.02  42.33  38.76  ...   7.29%  52.58%  19.22
010_potted_meat_can     71.69  36.28  32.70  ...   5.01%  57.58%  24.01
011_banana              89.76  52.94  40.90  ...   9.55%  51.04%  22.12
019_pitcher_base       130.16  63.22  57.82  ...   9.47%  72.33%  37.89
021_bleach_cleanser    105.67  53.11  39.89  ...  12.65%  68.06%  30.91
024_bowl               133.74  42.04  38.06  ...   3.47%  62.15%  40.67
025_mug                 83.80  37.56  36.38  ...   6.49%  74.81%  23.41
035_power_drill        107.24  55.73  44.63  ...  11.89%  54.15%  29.64
036_wood_block         154.16  56.21  45.00  ...   0.99%  60.96%  60.05
037_scissors           105.08  60.55  46.45  ...   5.26%  37.39%  24.92
040_large_marker        60.90  43.19  36.50  ...   2.18%  30.33%  15.66
052_extra_large_clamp  145.76  68.27  48.11  ...   5.79%  50.30%  36.44
061_foam_brick          80.88  41.75  39.03  ...   0.32%  39.62%  28.98
average_instance        95.46  47.90  40.61  ...   7.19%  57.98%  28.75

[21 rows x 8 columns]
2026-04-15 23:21:00,823 
Epoch: 2/100 | Learning Rate: 1.843e-04
2026-04-15 23:21:03,126 
[0000/6273]| Loss diff_H:1.78e+01 diff_O:2.85e+00 hm_H:3.78e+00 hm_O:2.80e+00 vert:3.97e+00 joint:4.29e+00 mano_pose:2.30e-01 mano_shape:1.36e-01 force:2.57e-01 gravity:1.13e-01 torque:3.37e-02 supervised:6.84e-02 CoM:6.31e-02 total:3.64e+01
2026-04-15 23:23:20,869 
[0500/6273]| Loss diff_H:1.60e+01 diff_O:2.85e+00 hm_H:3.58e+00 hm_O:2.83e+00 vert:1.33e+00 joint:1.44e+00 mano_pose:1.62e-01 mano_shape:7.97e-02 force:2.09e-01 gravity:1.31e-01 torque:3.40e-02 supervised:6.62e-02 CoM:6.96e-02 total:2.88e+01
2026-04-15 23:25:38,915 
[1000/6273]| Loss diff_H:1.57e+01 diff_O:2.90e+00 hm_H:3.57e+00 hm_O:2.84e+00 vert:2.10e+00 joint:2.28e+00 mano_pose:1.74e-01 mano_shape:1.08e-01 force:1.80e-01 gravity:9.63e-02 torque:5.99e-02 supervised:6.07e-02 CoM:6.20e-02 total:3.01e+01
2026-04-15 23:27:57,297 
[1500/6273]| Loss diff_H:1.53e+01 diff_O:2.69e+00 hm_H:3.52e+00 hm_O:2.82e+00 vert:1.31e+00 joint:1.42e+00 mano_pose:1.60e-01 mano_shape:1.08e-01 force:1.80e-01 gravity:9.20e-02 torque:3.01e-02 supervised:6.16e-02 CoM:7.99e-02 total:2.78e+01
2026-04-15 23:30:15,451 
[2000/6273]| Loss diff_H:1.49e+01 diff_O:2.90e+00 hm_H:3.53e+00 hm_O:2.82e+00 vert:1.61e+00 joint:1.74e+00 mano_pose:1.51e-01 mano_shape:1.51e-01 force:1.36e-01 gravity:5.67e-02 torque:3.32e-02 supervised:6.22e-02 CoM:8.14e-02 total:2.82e+01
2026-04-15 23:32:33,888 
[2500/6273]| Loss diff_H:1.59e+01 diff_O:2.58e+00 hm_H:3.55e+00 hm_O:2.81e+00 vert:1.44e+00 joint:1.55e+00 mano_pose:1.76e-01 mano_shape:9.36e-02 force:1.92e-01 gravity:9.74e-02 torque:3.93e-02 supervised:7.43e-02 CoM:5.23e-02 total:2.86e+01
2026-04-15 23:34:51,898 
[3000/6273]| Loss diff_H:1.66e+01 diff_O:2.58e+00 hm_H:3.47e+00 hm_O:2.77e+00 vert:1.21e+00 joint:1.31e+00 mano_pose:1.87e-01 mano_shape:1.00e-01 force:2.51e-01 gravity:1.46e-01 torque:4.07e-02 supervised:8.47e-02 CoM:5.56e-02 total:2.88e+01
2026-04-15 23:37:10,121 
[3500/6273]| Loss diff_H:1.49e+01 diff_O:2.72e+00 hm_H:3.32e+00 hm_O:2.80e+00 vert:1.40e+00 joint:1.51e+00 mano_pose:1.58e-01 mano_shape:1.09e-01 force:2.20e-01 gravity:1.33e-01 torque:3.15e-02 supervised:6.58e-02 CoM:7.20e-02 total:2.75e+01
2026-04-15 23:39:28,428 
[4000/6273]| Loss diff_H:1.54e+01 diff_O:2.56e+00 hm_H:3.49e+00 hm_O:2.77e+00 vert:1.41e+00 joint:1.53e+00 mano_pose:1.63e-01 mano_shape:1.08e-01 force:1.94e-01 gravity:1.07e-01 torque:5.06e-02 supervised:9.09e-02 CoM:4.53e-02 total:2.79e+01
2026-04-15 23:41:46,660 
[4500/6273]| Loss diff_H:1.51e+01 diff_O:2.63e+00 hm_H:3.59e+00 hm_O:2.80e+00 vert:1.61e+00 joint:1.74e+00 mano_pose:1.71e-01 mano_shape:9.23e-02 force:1.75e-01 gravity:7.74e-02 torque:4.75e-02 supervised:8.16e-02 CoM:8.62e-02 total:2.82e+01
2026-04-15 23:44:04,748 
[5000/6273]| Loss diff_H:1.60e+01 diff_O:2.58e+00 hm_H:3.57e+00 hm_O:2.79e+00 vert:1.39e+00 joint:1.50e+00 mano_pose:1.81e-01 mano_shape:1.02e-01 force:2.05e-01 gravity:1.12e-01 torque:2.98e-02 supervised:7.24e-02 CoM:6.85e-02 total:2.86e+01
2026-04-15 23:46:22,978 
[5500/6273]| Loss diff_H:1.52e+01 diff_O:2.70e+00 hm_H:3.60e+00 hm_O:2.79e+00 vert:2.49e+00 joint:2.70e+00 mano_pose:1.88e-01 mano_shape:1.41e-01 force:2.38e-01 gravity:1.44e-01 torque:3.30e-02 supervised:6.08e-02 CoM:8.44e-02 total:3.04e+01
2026-04-15 23:48:41,210 
[6000/6273]| Loss diff_H:1.51e+01 diff_O:2.25e+00 hm_H:3.36e+00 hm_O:2.75e+00 vert:1.06e+00 joint:1.15e+00 mano_pose:1.48e-01 mano_shape:8.24e-02 force:1.91e-01 gravity:1.01e-01 torque:3.69e-02 supervised:7.35e-02 CoM:2.68e-02 total:2.64e+01
2026-04-15 23:49:57,161 
Evaluation on subtest dataset: 13128
2026-04-16 00:03:48,515 
Hand Evaluation: 13128 samples
2026-04-16 00:03:48,535 
regression: 
         MJE PA_MJE MJE_0 MJE_1  MJE_2  ... MJE_16 MJE_17 MJE_18 MJE_19 MJE_20
right  17.14   7.07  0.00  6.88  11.95  ...  25.31  12.99  15.93  18.86  24.14
left   17.51   7.26  0.00  7.38  12.30  ...  24.96  13.77  17.14  20.05  25.16
both   17.32   7.16  0.00  7.13  12.12  ...  25.14  13.38  16.54  19.45  24.65

[3 rows x 23 columns]
2026-04-16 00:03:48,542 
one_candidate: 
         MJE PA_MJE MJE_0  MJE_1  MJE_2  ... MJE_16 MJE_17 MJE_18 MJE_19 MJE_20
right  36.03  12.06  0.00  13.51  24.40  ...  52.10  26.91  33.07  38.53  47.80
left   37.44  11.74  0.00  14.26  25.37  ...  53.55  28.55  35.45  40.79  49.68
both   36.73  11.90  0.00  13.88  24.88  ...  52.82  27.72  34.25  39.65  48.74

[3 rows x 23 columns]
2026-04-16 00:03:48,549 
mean_candidate_mano: 
         MJE PA_MJE MJE_0 MJE_1  MJE_2  ... MJE_16 MJE_17 MJE_18 MJE_19 MJE_20
right  16.39   7.72  0.00  6.78  11.64  ...  26.20  13.02  15.82  19.20  25.38
left   15.73   7.61  0.00  7.15  11.39  ...  24.11  12.96  15.96  18.92  24.61
both   16.06   7.66  0.00  6.96  11.52  ...  25.16  12.99  15.89  19.06  24.99

[3 rows x 23 columns]
2026-04-16 00:03:48,674 
Object Evaluation: 13128 samples 
Mean Pose: 
                          MCE   MCE2    OCE  ...  ADD01d ADDS01d    REP
002_master_chef_can     90.41  33.60  31.04  ...   8.54%  78.50%  31.37
003_cracker_box         52.09  40.42  35.01  ...  38.67%  86.96%  16.65
004_sugar_box           55.33  37.06  30.60  ...  24.17%  77.03%  16.57
005_tomato_soup_can     57.77  30.94  28.66  ...   6.47%  67.35%  19.15
006_mustard_bottle      52.19  30.63  25.88  ...  37.52%  85.74%  16.15
007_tuna_fish_can       67.84  29.40  27.86  ...   4.76%  65.59%  21.74
008_pudding_box         67.78  48.17  44.55  ...  22.93%  71.70%  23.29
009_gelatin_box         53.92  38.30  35.28  ...  10.79%  66.26%  16.53
010_potted_meat_can     53.80  29.58  26.57  ...  16.35%  73.34%  18.71
011_banana              77.02  46.38  35.26  ...  17.91%  64.33%  21.22
019_pitcher_base        96.66  51.87  48.45  ...  22.41%  81.05%  29.59
021_bleach_cleanser     77.75  43.62  35.27  ...  32.56%  78.55%  24.58
024_bowl               129.76  33.90  30.32  ...   8.20%  76.81%  39.74
025_mug                 69.22  32.27  31.54  ...  10.20%  77.28%  20.09
035_power_drill         76.64  47.40  39.31  ...  26.76%  70.74%  21.77
036_wood_block         147.35  50.32  40.40  ...   1.32%  68.20%  58.39
037_scissors            88.56  54.00  43.20  ...  11.86%  51.50%  20.25
040_large_marker        53.35  38.46  32.24  ...   2.49%  36.55%  14.90
052_extra_large_clamp  132.60  57.20  41.08  ...  13.72%  63.26%  32.76
061_foam_brick          75.95  35.36  32.74  ...   1.58%  52.77%  28.02
average_instance        78.39  40.43  34.77  ...  16.06%  69.75%  24.41

[21 rows x 8 columns]
2026-04-16 00:03:49,015 
Epoch: 3/100 | Learning Rate: 1.769e-04
2026-04-16 00:03:51,419 
[0000/6273]| Loss diff_H:1.48e+01 diff_O:2.39e+00 hm_H:3.72e+00 hm_O:2.77e+00 vert:1.35e+00 joint:1.46e+00 mano_pose:1.84e-01 mano_shape:6.95e-02 force:2.04e-01 gravity:8.73e-02 torque:4.22e-02 supervised:6.89e-02 CoM:4.65e-02 total:2.72e+01
2026-04-16 00:06:09,227 
[0500/6273]| Loss diff_H:1.42e+01 diff_O:2.37e+00 hm_H:3.41e+00 hm_O:2.77e+00 vert:1.20e+00 joint:1.29e+00 mano_pose:1.54e-01 mano_shape:9.91e-02 force:1.51e-01 gravity:6.59e-02 torque:4.17e-02 supervised:6.30e-02 CoM:7.22e-02 total:2.59e+01
2026-04-16 00:08:27,570 
[1000/6273]| Loss diff_H:1.43e+01 diff_O:2.53e+00 hm_H:3.40e+00 hm_O:2.79e+00 vert:1.13e+00 joint:1.22e+00 mano_pose:1.59e-01 mano_shape:8.87e-02 force:2.01e-01 gravity:1.07e-01 torque:3.79e-02 supervised:8.15e-02 CoM:3.84e-02 total:2.61e+01
2026-04-16 00:10:45,732 
[1500/6273]| Loss diff_H:1.44e+01 diff_O:2.53e+00 hm_H:3.50e+00 hm_O:2.76e+00 vert:1.07e+00 joint:1.16e+00 mano_pose:1.59e-01 mano_shape:6.04e-02 force:1.27e-01 gravity:6.94e-02 torque:3.09e-02 supervised:7.31e-02 CoM:5.68e-02 total:2.59e+01
2026-04-16 00:13:03,994 
[2000/6273]| Loss diff_H:1.53e+01 diff_O:2.41e+00 hm_H:3.44e+00 hm_O:2.74e+00 vert:1.70e+00 joint:1.82e+00 mano_pose:2.08e-01 mano_shape:1.13e-01 force:1.58e-01 gravity:7.71e-02 torque:4.02e-02 supervised:6.80e-02 CoM:6.56e-02 total:2.82e+01
2026-04-16 00:15:22,065 
[2500/6273]| Loss diff_H:1.39e+01 diff_O:2.43e+00 hm_H:3.58e+00 hm_O:2.77e+00 vert:3.69e+00 joint:3.99e+00 mano_pose:1.62e-01 mano_shape:1.02e-01 force:1.88e-01 gravity:1.23e-01 torque:3.13e-02 supervised:9.27e-02 CoM:4.91e-02 total:3.11e+01
2026-04-16 00:17:40,178 
[3000/6273]| Loss diff_H:1.42e+01 diff_O:2.30e+00 hm_H:3.44e+00 hm_O:2.77e+00 vert:1.75e+00 joint:1.89e+00 mano_pose:1.58e-01 mano_shape:1.01e-01 force:1.55e-01 gravity:7.51e-02 torque:3.73e-02 supervised:7.50e-02 CoM:7.45e-02 total:2.70e+01
2026-04-16 00:19:58,476 
[3500/6273]| Loss diff_H:1.46e+01 diff_O:2.37e+00 hm_H:3.40e+00 hm_O:2.69e+00 vert:1.38e+00 joint:1.49e+00 mano_pose:1.63e-01 mano_shape:9.23e-02 force:1.57e-01 gravity:7.92e-02 torque:3.56e-02 supervised:6.69e-02 CoM:8.26e-02 total:2.66e+01
2026-04-16 00:22:16,656 
[4000/6273]| Loss diff_H:1.61e+01 diff_O:2.26e+00 hm_H:3.51e+00 hm_O:2.73e+00 vert:1.19e+00 joint:1.29e+00 mano_pose:1.54e-01 mano_shape:8.41e-02 force:1.52e-01 gravity:7.66e-02 torque:3.75e-02 supervised:7.62e-02 CoM:4.76e-02 total:2.77e+01
2026-04-16 00:24:34,875 
[4500/6273]| Loss diff_H:1.38e+01 diff_O:2.27e+00 hm_H:3.61e+00 hm_O:2.74e+00 vert:1.31e+00 joint:1.42e+00 mano_pose:1.62e-01 mano_shape:8.29e-02 force:1.02e-01 gravity:3.47e-02 torque:4.08e-02 supervised:5.54e-02 CoM:4.73e-02 total:2.57e+01
2026-04-16 00:26:53,053 
[5000/6273]| Loss diff_H:1.35e+01 diff_O:2.49e+00 hm_H:3.46e+00 hm_O:2.76e+00 vert:1.03e+00 joint:1.11e+00 mano_pose:1.59e-01 mano_shape:7.51e-02 force:1.38e-01 gravity:6.27e-02 torque:4.43e-02 supervised:7.03e-02 CoM:6.04e-02 total:2.49e+01
2026-04-16 00:29:11,157 
[5500/6273]| Loss diff_H:1.38e+01 diff_O:2.29e+00 hm_H:3.55e+00 hm_O:2.74e+00 vert:1.64e+00 joint:1.78e+00 mano_pose:1.42e-01 mano_shape:8.98e-02 force:2.34e-01 gravity:1.12e-01 torque:2.84e-02 supervised:9.05e-02 CoM:7.31e-02 total:2.66e+01
2026-04-16 00:31:29,367 
[6000/6273]| Loss diff_H:1.31e+01 diff_O:2.28e+00 hm_H:3.38e+00 hm_O:2.72e+00 vert:9.57e-01 joint:1.03e+00 mano_pose:1.31e-01 mano_shape:8.22e-02 force:1.23e-01 gravity:5.41e-02 torque:2.85e-02 supervised:5.60e-02 CoM:6.38e-02 total:2.40e+01
2026-04-16 00:32:44,934 
Evaluation on subtest dataset: 13128
2026-04-16 00:42:19,777 
Hand Evaluation: 13128 samples
2026-04-16 00:42:19,796 
regression: 
         MJE PA_MJE MJE_0 MJE_1  MJE_2  ... MJE_16 MJE_17 MJE_18 MJE_19 MJE_20
right  15.77   6.68  0.00  6.24  10.83  ...  23.56  11.91  14.58  17.35  22.41
left   16.39   6.77  0.00  6.80  11.38  ...  23.61  13.03  15.86  18.45  23.11
both   16.08   6.73  0.00  6.52  11.10  ...  23.59  12.46  15.22  17.89  22.76

[3 rows x 23 columns]
2026-04-16 00:42:19,803 
one_candidate: 
         MJE PA_MJE MJE_0  MJE_1  MJE_2  ... MJE_16 MJE_17 MJE_18 MJE_19 MJE_20
right  33.67  11.47  0.00  12.58  22.82  ...  49.12  24.98  30.99  36.44  45.63
left   34.11  11.08  0.00  13.08  23.18  ...  48.96  25.98  32.42  37.57  45.99
both   33.89  11.28  0.00  12.83  23.00  ...  49.04  25.48  31.70  37.00  45.81

[3 rows x 23 columns]
2026-04-16 00:42:19,809 
mean_candidate_mano: 
         MJE PA_MJE MJE_0 MJE_1  MJE_2  ... MJE_16 MJE_17 MJE_18 MJE_19 MJE_20
right  15.26   7.40  0.00  6.23  10.60  ...  24.59  11.85  14.57  17.80  23.65
left   15.08   7.31  0.00  6.64  10.65  ...  23.13  12.37  15.11  17.82  23.12
both   15.17   7.36  0.00  6.43  10.62  ...  23.86  12.11  14.84  17.81  23.39

[3 rows x 23 columns]
2026-04-16 00:42:19,933 
Object Evaluation: 13128 samples 
Mean Pose: 
                          MCE   MCE2    OCE  ...  ADD01d ADDS01d    REP
002_master_chef_can     75.89  29.29  27.03  ...  12.52%  84.39%  26.62
003_cracker_box         46.26  37.32  33.58  ...  43.41%  88.00%  14.14
004_sugar_box           47.81  33.87  28.67  ...  33.48%  82.73%  14.33
005_tomato_soup_can     52.72  29.06  27.24  ...   9.41%  70.00%  17.62
006_mustard_bottle      44.82  28.68  24.91  ...  47.44%  88.37%  13.79
007_tuna_fish_can       60.66  26.85  25.66  ...   7.68%  67.59%  19.42
008_pudding_box         61.12  44.45  41.22  ...  28.74%  73.15%  20.09
009_gelatin_box         47.80  35.88  33.34  ...  18.24%  67.17%  13.87
010_potted_meat_can     46.04  27.01  24.65  ...  21.35%  77.17%  16.03
011_banana              76.98  43.05  33.47  ...  21.34%  67.31%  20.41
019_pitcher_base        82.58  50.00  46.94  ...  29.02%  83.16%  24.61
021_bleach_cleanser     67.54  37.58  29.93  ...  40.90%  84.57%  21.73
024_bowl               123.81  32.60  29.86  ...  10.73%  77.13%  38.39
025_mug                 60.26  30.09  29.40  ...  18.24%  80.37%  17.20
035_power_drill         62.36  39.98  33.83  ...  39.91%  80.28%  17.04
036_wood_block         147.28  45.01  35.58  ...   2.47%  74.63%  59.13
037_scissors            84.23  47.63  37.37  ...  17.87%  57.06%  19.22
040_large_marker        47.81  33.50  27.84  ...   5.60%  45.10%  13.43
052_extra_large_clamp  127.52  50.67  35.17  ...  13.87%  69.82%  31.93
061_foam_brick          68.49  31.41  28.95  ...   2.54%  58.95%  24.88
average_instance        71.17  36.70  31.75  ...  21.35%  73.90%  22.01

[21 rows x 8 columns]
2026-04-16 00:42:20,258 
Epoch: 4/100 | Learning Rate: 1.699e-04
2026-04-16 00:42:22,737 
[0000/6273]| Loss diff_H:1.32e+01 diff_O:2.40e+00 hm_H:3.62e+00 hm_O:2.77e+00 vert:1.08e+00 joint:1.16e+00 mano_pose:1.34e-01 mano_shape:6.76e-02 force:8.73e-02 gravity:2.95e-02 torque:3.09e-02 supervised:7.11e-02 CoM:7.14e-02 total:2.47e+01
2026-04-16 00:44:40,935 
[0500/6273]| Loss diff_H:1.30e+01 diff_O:2.38e+00 hm_H:3.62e+00 hm_O:2.72e+00 vert:9.96e-01 joint:1.07e+00 mano_pose:1.49e-01 mano_shape:8.89e-02 force:1.41e-01 gravity:6.93e-02 torque:4.50e-02 supervised:6.53e-02 CoM:1.01e-01 total:2.45e+01
2026-04-16 00:46:58,706 
[1000/6273]| Loss diff_H:1.25e+01 diff_O:2.37e+00 hm_H:3.58e+00 hm_O:2.72e+00 vert:1.52e+00 joint:1.64e+00 mano_pose:1.28e-01 mano_shape:9.75e-02 force:1.22e-01 gravity:5.44e-02 torque:3.21e-02 supervised:5.51e-02 CoM:7.87e-02 total:2.49e+01
2026-04-16 00:49:16,911 
[1500/6273]| Loss diff_H:1.28e+01 diff_O:2.14e+00 hm_H:3.37e+00 hm_O:2.67e+00 vert:1.00e+00 joint:1.08e+00 mano_pose:1.22e-01 mano_shape:6.51e-02 force:7.98e-02 gravity:4.37e-02 torque:3.65e-02 supervised:6.94e-02 CoM:3.61e-02 total:2.35e+01
2026-04-16 00:51:35,116 
[2000/6273]| Loss diff_H:1.31e+01 diff_O:2.05e+00 hm_H:3.38e+00 hm_O:2.69e+00 vert:9.98e-01 joint:1.08e+00 mano_pose:1.37e-01 mano_shape:6.64e-02 force:1.98e-01 gravity:1.12e-01 torque:4.13e-02 supervised:7.01e-02 CoM:4.18e-02 total:2.40e+01
2026-04-16 00:53:53,045 
[2500/6273]| Loss diff_H:1.28e+01 diff_O:2.29e+00 hm_H:3.59e+00 hm_O:2.68e+00 vert:1.51e+00 joint:1.62e+00 mano_pose:1.41e-01 mano_shape:1.07e-01 force:1.60e-01 gravity:6.53e-02 torque:4.13e-02 supervised:6.86e-02 CoM:6.39e-02 total:2.51e+01
2026-04-16 00:56:11,348 
[3000/6273]| Loss diff_H:1.29e+01 diff_O:2.19e+00 hm_H:3.33e+00 hm_O:2.70e+00 vert:1.21e+00 joint:1.30e+00 mano_pose:1.24e-01 mano_shape:7.47e-02 force:1.27e-01 gravity:8.37e-02 torque:3.97e-02 supervised:9.12e-02 CoM:4.09e-02 total:2.42e+01
2026-04-16 00:58:29,257 
[3500/6273]| Loss diff_H:1.35e+01 diff_O:2.28e+00 hm_H:3.41e+00 hm_O:2.65e+00 vert:1.02e+00 joint:1.09e+00 mano_pose:1.40e-01 mano_shape:7.39e-02 force:1.87e-01 gravity:9.92e-02 torque:3.32e-02 supervised:7.37e-02 CoM:4.35e-02 total:2.46e+01
2026-04-16 01:00:47,489 
[4000/6273]| Loss diff_H:1.34e+01 diff_O:1.96e+00 hm_H:3.33e+00 hm_O:2.70e+00 vert:1.29e+00 joint:1.39e+00 mano_pose:1.23e-01 mano_shape:6.79e-02 force:1.79e-01 gravity:1.12e-01 torque:3.82e-02 supervised:6.75e-02 CoM:4.97e-02 total:2.47e+01
2026-04-16 01:03:05,605 
[4500/6273]| Loss diff_H:1.28e+01 diff_O:2.08e+00 hm_H:3.14e+00 hm_O:2.70e+00 vert:8.31e-01 joint:8.97e-01 mano_pose:1.20e-01 mano_shape:7.54e-02 force:1.92e-01 gravity:1.24e-01 torque:2.57e-02 supervised:6.25e-02 CoM:5.50e-02 total:2.31e+01
2026-04-16 01:05:23,571 
[5000/6273]| Loss diff_H:1.23e+01 diff_O:2.01e+00 hm_H:3.41e+00 hm_O:2.69e+00 vert:8.10e-01 joint:8.75e-01 mano_pose:1.07e-01 mano_shape:7.62e-02 force:1.43e-01 gravity:6.53e-02 torque:3.64e-02 supervised:7.71e-02 CoM:4.46e-02 total:2.27e+01
2026-04-16 01:07:41,839 
[5500/6273]| Loss diff_H:1.32e+01 diff_O:2.09e+00 hm_H:3.21e+00 hm_O:2.67e+00 vert:1.14e+00 joint:1.24e+00 mano_pose:1.54e-01 mano_shape:7.13e-02 force:1.50e-01 gravity:8.36e-02 torque:3.49e-02 supervised:6.52e-02 CoM:3.73e-02 total:2.41e+01
2026-04-16 01:10:00,065 
[6000/6273]| Loss diff_H:1.25e+01 diff_O:2.11e+00 hm_H:3.33e+00 hm_O:2.69e+00 vert:1.04e+00 joint:1.12e+00 mano_pose:1.26e-01 mano_shape:7.87e-02 force:1.67e-01 gravity:9.31e-02 torque:3.47e-02 supervised:7.18e-02 CoM:6.62e-02 total:2.35e+01
2026-04-16 01:11:15,564 
Evaluation on subtest dataset: 13128
2026-04-16 01:20:14,286 
Hand Evaluation: 13128 samples
2026-04-16 01:20:14,306 
regression: 
         MJE PA_MJE MJE_0 MJE_1  MJE_2  ... MJE_16 MJE_17 MJE_18 MJE_19 MJE_20
right  15.10   6.40  0.00  5.99  10.46  ...  22.62  11.34  14.06  16.86  21.87
left   15.73   6.40  0.00  6.73  11.12  ...  22.39  12.61  15.51  18.02  22.54
both   15.41   6.40  0.00  6.36  10.79  ...  22.51  11.97  14.78  17.44  22.20

[3 rows x 23 columns]
2026-04-16 01:20:14,312 
one_candidate: 
         MJE PA_MJE MJE_0  MJE_1  MJE_2  ... MJE_16 MJE_17 MJE_18 MJE_19 MJE_20
right  32.28  10.85  0.00  12.38  22.12  ...  46.47  23.93  29.71  34.97  43.62
left   32.91  10.64  0.00  12.94  22.82  ...  46.72  25.04  31.07  35.90  43.91
both   32.60  10.75  0.00  12.66  22.47  ...  46.59  24.48  30.39  35.43  43.76

[3 rows x 23 columns]
2026-04-16 01:20:14,319 
mean_candidate_mano: 
         MJE PA_MJE MJE_0 MJE_1  MJE_2  ... MJE_16 MJE_17 MJE_18 MJE_19 MJE_20
right  14.35   7.09  0.00  5.94  10.18  ...  23.13  11.17  13.87  17.04  22.69
left   14.31   7.01  0.00  6.58  10.57  ...  21.71  11.94  14.58  17.04  21.89
both   14.33   7.05  0.00  6.25  10.37  ...  22.42  11.55  14.23  17.04  22.29

[3 rows x 23 columns]
2026-04-16 01:20:14,439 
Object Evaluation: 13128 samples 
Mean Pose: 
                          MCE   MCE2    OCE  ...  ADD01d ADDS01d    REP
002_master_chef_can     75.30  28.45  26.85  ...  14.87%  84.98%  26.65
003_cracker_box         42.01  35.01  31.95  ...  48.74%  87.56%  12.69
004_sugar_box           43.62  31.66  27.05  ...  37.09%  84.98%  13.61
005_tomato_soup_can     53.75  29.85  28.31  ...  10.74%  72.35%  18.84
006_mustard_bottle      41.80  26.88  23.93  ...  50.08%  88.99%  12.79
007_tuna_fish_can       59.39  26.26  25.21  ...   9.68%  70.35%  19.83
008_pudding_box         61.46  47.22  44.70  ...  27.87%  69.81%  21.47
009_gelatin_box         46.96  35.37  33.19  ...  21.28%  67.48%  14.02
010_potted_meat_can     46.44  27.06  24.90  ...  24.45%  74.08%  16.59
011_banana              70.38  39.99  31.38  ...  25.82%  67.31%  18.88
019_pitcher_base        80.22  48.58  45.64  ...  37.59%  85.26%  25.27
021_bleach_cleanser     59.61  35.86  29.55  ...  45.22%  87.35%  19.18
024_bowl               130.22  30.05  27.76  ...   8.99%  82.97%  40.20
025_mug                 59.70  31.58  30.60  ...  17.77%  78.05%  17.14
035_power_drill         59.66  40.45  34.97  ...  41.78%  80.28%  16.82
036_wood_block         143.51  43.61  34.95  ...   1.32%  77.43%  57.73
037_scissors            82.81  46.81  37.18  ...  18.32%  58.56%  19.87
040_large_marker        49.34  34.98  29.92  ...   5.29%  46.50%  14.23
052_extra_large_clamp  119.36  47.43  33.52  ...  20.12%  73.78%  29.66
061_foam_brick          69.15  33.30  31.06  ...   3.01%  53.72%  25.95
average_instance        69.31  36.02  31.65  ...  23.64%  74.62%  21.90

[21 rows x 8 columns]
2026-04-16 01:20:14,762 
Epoch: 5/100 | Learning Rate: 1.631e-04
2026-04-16 01:20:16,886 
[0000/6273]| Loss diff_H:1.34e+01 diff_O:2.03e+00 hm_H:3.45e+00 hm_O:2.74e+00 vert:9.54e-01 joint:1.03e+00 mano_pose:1.31e-01 mano_shape:6.61e-02 force:1.41e-01 gravity:7.17e-02 torque:4.04e-02 supervised:7.51e-02 CoM:4.66e-02 total:2.42e+01
2026-04-16 01:22:34,971 
[0500/6273]| Loss diff_H:1.23e+01 diff_O:2.06e+00 hm_H:3.34e+00 hm_O:2.67e+00 vert:1.27e+00 joint:1.37e+00 mano_pose:1.28e-01 mano_shape:5.14e-02 force:1.32e-01 gravity:6.79e-02 torque:3.20e-02 supervised:6.53e-02 CoM:6.03e-02 total:2.36e+01
2026-04-16 01:24:53,059 
[1000/6273]| Loss diff_H:1.28e+01 diff_O:2.15e+00 hm_H:3.42e+00 hm_O:2.73e+00 vert:8.19e-01 joint:8.83e-01 mano_pose:1.58e-01 mano_shape:7.36e-02 force:1.62e-01 gravity:1.03e-01 torque:2.83e-02 supervised:6.38e-02 CoM:6.35e-02 total:2.35e+01
2026-04-16 01:27:11,264 
[1500/6273]| Loss diff_H:1.22e+01 diff_O:2.02e+00 hm_H:3.24e+00 hm_O:2.65e+00 vert:1.07e+00 joint:1.16e+00 mano_pose:1.38e-01 mano_shape:8.29e-02 force:1.47e-01 gravity:7.22e-02 torque:3.81e-02 supervised:6.14e-02 CoM:5.77e-02 total:2.30e+01
2026-04-16 01:29:29,427 
[2000/6273]| Loss diff_H:1.17e+01 diff_O:1.97e+00 hm_H:3.28e+00 hm_O:2.66e+00 vert:8.71e-01 joint:9.36e-01 mano_pose:1.21e-01 mano_shape:6.38e-02 force:1.10e-01 gravity:4.25e-02 torque:4.01e-02 supervised:6.21e-02 CoM:5.61e-02 total:2.19e+01
2026-04-16 01:31:47,610 
[2500/6273]| Loss diff_H:1.16e+01 diff_O:2.07e+00 hm_H:3.34e+00 hm_O:2.65e+00 vert:9.43e-01 joint:1.02e+00 mano_pose:1.14e-01 mano_shape:8.61e-02 force:1.96e-01 gravity:8.66e-02 torque:4.04e-02 supervised:7.62e-02 CoM:6.78e-02 total:2.23e+01
2026-04-16 01:34:05,855 
[3000/6273]| Loss diff_H:1.15e+01 diff_O:2.10e+00 hm_H:3.24e+00 hm_O:2.71e+00 vert:9.67e-01 joint:1.05e+00 mano_pose:1.44e-01 mano_shape:7.25e-02 force:1.83e-01 gravity:9.36e-02 torque:4.30e-02 supervised:8.43e-02 CoM:2.68e-02 total:2.22e+01
2026-04-16 01:36:24,029 
[3500/6273]| Loss diff_H:1.25e+01 diff_O:1.93e+00 hm_H:3.37e+00 hm_O:2.69e+00 vert:1.40e+00 joint:1.52e+00 mano_pose:1.46e-01 mano_shape:6.64e-02 force:1.66e-01 gravity:8.66e-02 torque:2.80e-02 supervised:5.56e-02 CoM:3.58e-02 total:2.40e+01
2026-04-16 01:38:42,307 
[4000/6273]| Loss diff_H:1.21e+01 diff_O:1.91e+00 hm_H:3.22e+00 hm_O:2.71e+00 vert:1.40e+00 joint:1.51e+00 mano_pose:1.06e-01 mano_shape:4.92e-02 force:1.40e-01 gravity:6.93e-02 torque:3.44e-02 supervised:7.33e-02 CoM:5.71e-02 total:2.34e+01
2026-04-16 01:41:00,482 
[4500/6273]| Loss diff_H:1.23e+01 diff_O:1.98e+00 hm_H:3.29e+00 hm_O:2.61e+00 vert:9.15e-01 joint:9.89e-01 mano_pose:1.23e-01 mano_shape:7.07e-02 force:1.44e-01 gravity:7.28e-02 torque:3.49e-02 supervised:6.07e-02 CoM:3.78e-02 total:2.26e+01
2026-04-16 01:43:18,668 
[5000/6273]| Loss diff_H:1.24e+01 diff_O:2.00e+00 hm_H:3.45e+00 hm_O:2.68e+00 vert:1.03e+00 joint:1.12e+00 mano_pose:1.36e-01 mano_shape:8.06e-02 force:1.52e-01 gravity:8.21e-02 torque:4.18e-02 supervised:6.86e-02 CoM:4.36e-02 total:2.33e+01
2026-04-16 01:45:36,859 
[5500/6273]| Loss diff_H:1.24e+01 diff_O:1.95e+00 hm_H:3.28e+00 hm_O:2.67e+00 vert:8.47e-01 joint:9.16e-01 mano_pose:1.27e-01 mano_shape:5.70e-02 force:1.96e-01 gravity:9.06e-02 torque:3.82e-02 supervised:5.59e-02 CoM:5.12e-02 total:2.27e+01
2026-04-16 01:47:55,093 
[6000/6273]| Loss diff_H:1.20e+01 diff_O:1.84e+00 hm_H:3.28e+00 hm_O:2.66e+00 vert:9.24e-01 joint:9.95e-01 mano_pose:1.23e-01 mano_shape:4.78e-02 force:1.42e-01 gravity:5.89e-02 torque:4.34e-02 supervised:7.01e-02 CoM:2.92e-02 total:2.22e+01
2026-04-16 01:49:10,837 
Evaluation on subtest dataset: 13128
2026-04-16 01:58:48,131 
Hand Evaluation: 13128 samples
2026-04-16 01:58:48,151 
regression: 
         MJE PA_MJE MJE_0 MJE_1  MJE_2  ... MJE_16 MJE_17 MJE_18 MJE_19 MJE_20
right  14.94   6.32  0.00  5.95  10.32  ...  22.57  11.30  14.05  16.79  21.76
left   15.17   6.19  0.00  6.39  10.60  ...  21.86  12.05  14.94  17.44  21.83
both   15.06   6.26  0.00  6.17  10.46  ...  22.21  11.67  14.50  17.11  21.80

[3 rows x 23 columns]
2026-04-16 01:58:48,157 
one_candidate: 
         MJE PA_MJE MJE_0  MJE_1  MJE_2  ... MJE_16 MJE_17 MJE_18 MJE_19 MJE_20
right  30.67  10.62  0.00  11.44  20.53  ...  44.21  22.97  28.40  33.26  41.61
left   30.46  10.27  0.00  11.72  20.65  ...  43.39  23.28  29.18  33.89  41.64
both   30.56  10.45  0.00  11.58  20.59  ...  43.81  23.12  28.78  33.57  41.62

[3 rows x 23 columns]
2026-04-16 01:58:48,164 
mean_candidate_mano: 
         MJE PA_MJE MJE_0 MJE_1  MJE_2  ... MJE_16 MJE_17 MJE_18 MJE_19 MJE_20
right  13.66   6.87  0.00  5.72   9.57  ...  22.18  10.73  13.18  16.05  21.48
left   13.75   6.75  0.00  6.24  10.09  ...  20.91  11.21  13.78  16.28  21.14
both   13.71   6.81  0.00  5.98   9.83  ...  21.55  10.97  13.48  16.16  21.31

[3 rows x 23 columns]
2026-04-16 01:58:48,288 
Object Evaluation: 13128 samples 
Mean Pose: 
                          MCE   MCE2    OCE  ...  ADD01d ADDS01d    REP
002_master_chef_can     70.68  26.09  24.34  ...  20.03%  87.33%  26.03
003_cracker_box         40.67  33.98  31.17  ...  53.78%  88.44%  12.53
004_sugar_box           45.19  31.38  26.73  ...  41.44%  82.43%  14.15
005_tomato_soup_can     49.42  28.25  26.77  ...   8.68%  71.32%  17.34
006_mustard_bottle      43.87  28.87  26.22  ...  49.61%  87.60%  13.39
007_tuna_fish_can       60.05  26.20  25.09  ...   8.45%  69.12%  20.47
008_pudding_box         56.21  42.72  40.29  ...  34.54%  75.33%  19.62
009_gelatin_box         43.99  33.83  31.93  ...  21.28%  68.39%  13.20
010_potted_meat_can     46.76  29.12  27.05  ...  21.50%  73.93%  16.70
011_banana              68.86  40.60  32.27  ...  24.63%  70.30%  19.52
019_pitcher_base        78.67  46.29  43.23  ...  36.24%  85.11%  24.49
021_bleach_cleanser     59.43  34.96  28.93  ...  47.84%  85.03%  19.73
024_bowl               126.54  31.03  29.02  ...  10.25%  80.44%  39.74
025_mug                 57.73  28.65  27.88  ...  19.63%  80.99%  16.68
035_power_drill         54.43  37.89  33.33  ...  44.29%  81.53%  15.41
036_wood_block         146.09  43.56  34.79  ...   3.46%  75.62%  58.65
037_scissors            82.99  47.14  38.56  ...  19.97%  59.76%  20.38
040_large_marker        46.82  33.03  27.93  ...   5.60%  48.06%  13.97
052_extra_large_clamp  121.83  46.89  33.77  ...  19.21%  72.41%  30.41
061_foam_brick          66.89  32.31  30.25  ...   3.49%  58.16%  24.54
average_instance        67.90  35.13  30.99  ...  24.85%  75.11%  21.67

[21 rows x 8 columns]
2026-04-16 01:58:48,616 
Epoch: 6/100 | Learning Rate: 1.566e-04
2026-04-16 01:58:50,880 
[0000/6273]| Loss diff_H:1.10e+01 diff_O:1.98e+00 hm_H:3.22e+00 hm_O:2.67e+00 vert:9.71e-01 joint:1.05e+00 mano_pose:1.07e-01 mano_shape:5.46e-02 force:1.39e-01 gravity:7.36e-02 torque:3.47e-02 supervised:6.14e-02 CoM:6.63e-02 total:2.14e+01
2026-04-16 02:01:08,826 
[0500/6273]| Loss diff_H:1.11e+01 diff_O:1.90e+00 hm_H:3.28e+00 hm_O:2.61e+00 vert:1.05e+00 joint:1.12e+00 mano_pose:1.27e-01 mano_shape:5.60e-02 force:8.66e-02 gravity:4.34e-02 torque:2.54e-02 supervised:5.36e-02 CoM:3.94e-02 total:2.15e+01
2026-04-16 02:03:26,956 
[1000/6273]| Loss diff_H:1.25e+01 diff_O:1.84e+00 hm_H:3.27e+00 hm_O:2.64e+00 vert:1.32e+00 joint:1.43e+00 mano_pose:1.72e-01 mano_shape:7.22e-02 force:1.72e-01 gravity:9.13e-02 torque:4.57e-02 supervised:9.59e-02 CoM:3.50e-02 total:2.37e+01
2026-04-16 02:05:45,172 
[1500/6273]| Loss diff_H:1.13e+01 diff_O:1.79e+00 hm_H:3.10e+00 hm_O:2.63e+00 vert:7.67e-01 joint:8.27e-01 mano_pose:1.19e-01 mano_shape:4.78e-02 force:1.54e-01 gravity:8.30e-02 torque:4.84e-02 supervised:6.95e-02 CoM:5.48e-02 total:2.10e+01
2026-04-16 02:08:03,239 
[2000/6273]| Loss diff_H:1.20e+01 diff_O:1.76e+00 hm_H:3.38e+00 hm_O:2.64e+00 vert:9.86e-01 joint:1.06e+00 mano_pose:1.34e-01 mano_shape:6.12e-02 force:1.78e-01 gravity:8.41e-02 torque:3.53e-02 supervised:1.03e-01 CoM:6.39e-02 total:2.25e+01
2026-04-16 02:10:24,481 
[2500/6273]| Loss diff_H:1.08e+01 diff_O:1.85e+00 hm_H:3.14e+00 hm_O:2.56e+00 vert:8.47e-01 joint:9.24e-01 mano_pose:9.93e-02 mano_shape:4.82e-02 force:1.93e-01 gravity:1.19e-01 torque:4.40e-02 supervised:7.32e-02 CoM:3.97e-02 total:2.07e+01
2026-04-16 02:12:42,446 
[3000/6273]| Loss diff_H:1.22e+01 diff_O:1.92e+00 hm_H:3.01e+00 hm_O:2.64e+00 vert:6.01e-01 joint:6.51e-01 mano_pose:1.06e-01 mano_shape:4.16e-02 force:1.29e-01 gravity:7.31e-02 torque:3.50e-02 supervised:9.15e-02 CoM:3.83e-02 total:2.15e+01
2026-04-16 02:15:00,438 
[3500/6273]| Loss diff_H:1.09e+01 diff_O:2.08e+00 hm_H:3.16e+00 hm_O:2.69e+00 vert:1.06e+00 joint:1.13e+00 mano_pose:1.28e-01 mano_shape:3.67e-02 force:2.27e-01 gravity:1.25e-01 torque:3.52e-02 supervised:9.25e-02 CoM:2.92e-02 total:2.17e+01
2026-04-16 02:17:18,654 
[4000/6273]| Loss diff_H:1.08e+01 diff_O:1.81e+00 hm_H:3.20e+00 hm_O:2.65e+00 vert:7.61e-01 joint:8.25e-01 mano_pose:1.12e-01 mano_shape:6.48e-02 force:1.39e-01 gravity:7.28e-02 torque:2.65e-02 supervised:6.06e-02 CoM:5.34e-02 total:2.06e+01
2026-04-16 02:19:36,787 
[4500/6273]| Loss diff_H:1.18e+01 diff_O:1.77e+00 hm_H:3.30e+00 hm_O:2.60e+00 vert:1.00e+00 joint:1.09e+00 mano_pose:1.16e-01 mano_shape:4.74e-02 force:5.89e-02 gravity:2.38e-02 torque:4.29e-02 supervised:5.33e-02 CoM:5.74e-02 total:2.20e+01
2026-04-16 02:21:55,047 
[5000/6273]| Loss diff_H:1.07e+01 diff_O:1.87e+00 hm_H:3.08e+00 hm_O:2.57e+00 vert:5.62e-01 joint:6.06e-01 mano_pose:1.00e-01 mano_shape:3.77e-02 force:1.01e-01 gravity:5.31e-02 torque:4.06e-02 supervised:5.37e-02 CoM:4.22e-02 total:1.98e+01
2026-04-16 02:24:13,022 
[5500/6273]| Loss diff_H:1.05e+01 diff_O:1.83e+00 hm_H:3.36e+00 hm_O:2.59e+00 vert:5.34e-01 joint:5.78e-01 mano_pose:1.06e-01 mano_shape:5.17e-02 force:1.04e-01 gravity:4.75e-02 torque:4.73e-02 supervised:7.27e-02 CoM:3.94e-02 total:1.99e+01
2026-04-16 02:26:31,322 
[6000/6273]| Loss diff_H:1.04e+01 diff_O:1.79e+00 hm_H:3.07e+00 hm_O:2.60e+00 vert:7.83e-01 joint:8.50e-01 mano_pose:1.03e-01 mano_shape:5.64e-02 force:2.19e-01 gravity:1.12e-01 torque:3.71e-02 supervised:9.40e-02 CoM:3.69e-02 total:2.02e+01
2026-04-16 02:27:48,394 
Evaluation on subtest dataset: 13128
2026-04-16 02:36:26,098 
Hand Evaluation: 13128 samples
2026-04-16 02:36:26,120 
regression: 
         MJE PA_MJE MJE_0 MJE_1 MJE_2  ... MJE_16 MJE_17 MJE_18 MJE_19 MJE_20
right  13.82   5.99  0.00  5.32  9.29  ...  21.14  10.38  12.97  15.63  20.46
left   14.32   5.93  0.00  5.65  9.83  ...  20.86  11.24  14.13  16.54  20.79
both   14.07   5.96  0.00  5.48  9.56  ...  21.00  10.81  13.55  16.08  20.63

[3 rows x 23 columns]
2026-04-16 02:36:26,127 
one_candidate: 
         MJE PA_MJE MJE_0  MJE_1  MJE_2  ... MJE_16 MJE_17 MJE_18 MJE_19 MJE_20
right  27.32   9.99  0.00  10.14  18.19  ...  40.39  20.49  25.43  29.95  37.78
left   27.70   9.69  0.00  10.41  18.63  ...  40.40  21.09  26.35  30.79  38.25
both   27.51   9.84  0.00  10.27  18.41  ...  40.39  20.79  25.89  30.37  38.02

[3 rows x 23 columns]
2026-04-16 02:36:26,133 
mean_candidate_mano: 
         MJE PA_MJE MJE_0 MJE_1 MJE_2  ... MJE_16 MJE_17 MJE_18 MJE_19 MJE_20
right  12.64   6.47  0.00  5.16  8.69  ...  20.75   9.82  12.23  15.01  20.04
left   12.95   6.30  0.00  5.48  9.13  ...  19.96  10.55  13.03  15.35  19.72
both   12.80   6.38  0.00  5.32  8.91  ...  20.36  10.18  12.63  15.18  19.88

[3 rows x 23 columns]
2026-04-16 02:36:26,252 
Object Evaluation: 13128 samples 
Mean Pose: 
                          MCE   MCE2    OCE  ...  ADD01d ADDS01d    REP
002_master_chef_can     69.91  29.51  28.12  ...  18.41%  85.86%  24.24
003_cracker_box         41.02  34.99  32.17  ...  51.70%  89.04%  12.19
004_sugar_box           41.60  30.88  26.88  ...  46.10%  84.53%  12.64
005_tomato_soup_can     50.79  29.47  28.02  ...  11.62%  71.91%  16.22
006_mustard_bottle      39.89  27.45  24.98  ...  54.88%  88.22%  12.14
007_tuna_fish_can       61.20  27.54  26.58  ...   9.83%  68.97%  19.72
008_pudding_box         55.10  40.96  38.45  ...  28.30%  78.81%  18.33
009_gelatin_box         41.89  31.41  29.45  ...  20.52%  71.88%  11.93
010_potted_meat_can     44.87  27.22  25.18  ...  21.50%  77.03%  15.30
011_banana              64.83  39.02  31.63  ...  25.22%  70.60%  17.76
019_pitcher_base        70.50  45.05  42.41  ...  41.50%  85.11%  21.38
021_bleach_cleanser     57.25  34.25  29.36  ...  50.15%  86.27%  18.39
024_bowl               128.81  30.08  28.57  ...   9.31%  82.33%  39.57
025_mug                 55.88  29.97  29.15  ...  20.25%  80.83%  15.68
035_power_drill         51.61  37.16  33.03  ...  48.98%  83.10%  14.73
036_wood_block         145.22  42.99  35.99  ...   3.46%  75.78%  58.13
037_scissors            75.00  44.37  36.76  ...  23.27%  64.26%  17.37
040_large_marker        48.39  34.08  29.39  ...   3.11%  46.35%  13.53
052_extra_large_clamp  121.40  45.13  34.15  ...  18.60%  76.98%  30.90
061_foam_brick          66.86  32.57  30.43  ...   4.44%  54.04%  24.17
average_instance        66.13  34.70  31.04  ...  25.69%  76.17%  20.52

[21 rows x 8 columns]
2026-04-16 02:36:26,582 
Epoch: 7/100 | Learning Rate: 1.503e-04
2026-04-16 02:36:28,774 
[0000/6273]| Loss diff_H:1.06e+01 diff_O:1.71e+00 hm_H:3.11e+00 hm_O:2.63e+00 vert:5.52e-01 joint:5.97e-01 mano_pose:9.93e-02 mano_shape:4.05e-02 force:1.28e-01 gravity:6.24e-02 torque:5.18e-02 supervised:7.90e-02 CoM:2.12e-02 total:1.97e+01
2026-04-16 02:38:46,734 
[0500/6273]| Loss diff_H:1.10e+01 diff_O:1.89e+00 hm_H:3.08e+00 hm_O:2.60e+00 vert:8.49e-01 joint:9.19e-01 mano_pose:1.02e-01 mano_shape:4.51e-02 force:1.72e-01 gravity:1.08e-01 torque:3.84e-02 supervised:7.70e-02 CoM:3.11e-02 total:2.09e+01
2026-04-16 02:41:04,941 
[1000/6273]| Loss diff_H:1.07e+01 diff_O:1.59e+00 hm_H:2.90e+00 hm_O:2.48e+00 vert:5.33e-01 joint:5.73e-01 mano_pose:8.42e-02 mano_shape:3.95e-02 force:1.76e-01 gravity:1.11e-01 torque:3.77e-02 supervised:1.16e-01 CoM:2.96e-02 total:1.94e+01
2026-04-16 02:43:22,987 
[1500/6273]| Loss diff_H:1.07e+01 diff_O:1.77e+00 hm_H:3.16e+00 hm_O:2.56e+00 vert:8.39e-01 joint:9.07e-01 mano_pose:1.05e-01 mano_shape:4.40e-02 force:9.83e-02 gravity:5.59e-02 torque:4.34e-02 supervised:5.81e-02 CoM:2.79e-02 total:2.04e+01
2026-04-16 02:45:40,925 
[2000/6273]| Loss diff_H:1.03e+01 diff_O:1.76e+00 hm_H:3.13e+00 hm_O:2.61e+00 vert:6.77e-01 joint:7.35e-01 mano_pose:8.91e-02 mano_shape:5.59e-02 force:1.66e-01 gravity:9.63e-02 torque:3.64e-02 supervised:7.00e-02 CoM:3.25e-02 total:1.98e+01
2026-04-16 02:47:59,043 
[2500/6273]| Loss diff_H:1.08e+01 diff_O:1.78e+00 hm_H:3.06e+00 hm_O:2.65e+00 vert:6.37e-01 joint:6.87e-01 mano_pose:9.72e-02 mano_shape:6.43e-02 force:1.52e-01 gravity:8.60e-02 torque:5.13e-02 supervised:7.77e-02 CoM:4.04e-02 total:2.02e+01
2026-04-16 02:50:17,012 
[3000/6273]| Loss diff_H:1.05e+01 diff_O:1.82e+00 hm_H:3.27e+00 hm_O:2.58e+00 vert:5.56e-01 joint:6.00e-01 mano_pose:9.54e-02 mano_shape:3.64e-02 force:1.13e-01 gravity:5.96e-02 torque:4.17e-02 supervised:8.09e-02 CoM:5.20e-02 total:1.98e+01
2026-04-16 02:52:35,203 
[3500/6273]| Loss diff_H:1.01e+01 diff_O:1.78e+00 hm_H:2.96e+00 hm_O:2.60e+00 vert:6.49e-01 joint:7.00e-01 mano_pose:9.25e-02 mano_shape:6.06e-02 force:1.23e-01 gravity:7.47e-02 torque:4.50e-02 supervised:7.88e-02 CoM:4.04e-02 total:1.93e+01
2026-04-16 02:54:53,268 
[4000/6273]| Loss diff_H:9.99e+00 diff_O:1.64e+00 hm_H:2.88e+00 hm_O:2.56e+00 vert:5.23e-01 joint:5.64e-01 mano_pose:9.07e-02 mano_shape:6.34e-02 force:1.22e-01 gravity:6.40e-02 torque:3.95e-02 supervised:7.71e-02 CoM:2.91e-02 total:1.86e+01
2026-04-16 02:57:11,238 
[4500/6273]| Loss diff_H:1.10e+01 diff_O:1.62e+00 hm_H:3.02e+00 hm_O:2.52e+00 vert:7.60e-01 joint:8.22e-01 mano_pose:1.12e-01 mano_shape:4.06e-02 force:1.85e-01 gravity:1.15e-01 torque:5.29e-02 supervised:9.22e-02 CoM:3.56e-02 total:2.04e+01
2026-04-16 02:59:29,296 
[5000/6273]| Loss diff_H:1.02e+01 diff_O:1.78e+00 hm_H:3.00e+00 hm_O:2.60e+00 vert:7.40e-01 joint:7.98e-01 mano_pose:9.19e-02 mano_shape:4.28e-02 force:9.97e-02 gravity:4.90e-02 torque:4.26e-02 supervised:7.16e-02 CoM:4.21e-02 total:1.95e+01
2026-04-16 03:01:47,261 
[5500/6273]| Loss diff_H:1.07e+01 diff_O:1.58e+00 hm_H:3.17e+00 hm_O:2.52e+00 vert:4.84e-01 joint:5.23e-01 mano_pose:1.04e-01 mano_shape:3.29e-02 force:9.24e-02 gravity:4.29e-02 torque:4.39e-02 supervised:7.60e-02 CoM:4.89e-02 total:1.94e+01
2026-04-16 03:04:05,516 
[6000/6273]| Loss diff_H:9.96e+00 diff_O:1.59e+00 hm_H:3.18e+00 hm_O:2.53e+00 vert:7.07e-01 joint:7.64e-01 mano_pose:8.22e-02 mano_shape:5.95e-02 force:1.05e-01 gravity:4.40e-02 torque:4.11e-02 supervised:6.76e-02 CoM:4.42e-02 total:1.92e+01
2026-04-16 03:05:20,941 
Evaluation on subtest dataset: 13128
2026-04-16 03:14:31,173 
Hand Evaluation: 13128 samples
2026-04-16 03:14:31,189 
regression: 
         MJE PA_MJE MJE_0 MJE_1 MJE_2  ... MJE_16 MJE_17 MJE_18 MJE_19 MJE_20
right  13.56   5.89  0.00  5.18  8.99  ...  20.61  10.27  12.77  15.27  19.92
left   13.97   5.74  0.00  5.43  9.52  ...  20.17  11.08  13.92  16.23  20.29
both   13.76   5.82  0.00  5.31  9.25  ...  20.39  10.67  13.34  15.75  20.11

[3 rows x 23 columns]
2026-04-16 03:14:31,195 
one_candidate: 
         MJE PA_MJE MJE_0  MJE_1  MJE_2  ... MJE_16 MJE_17 MJE_18 MJE_19 MJE_20
right  26.83   9.70  0.00   9.87  17.86  ...  39.70  19.75  24.71  29.39  37.28
left   26.80   9.33  0.00  10.09  17.95  ...  38.66  20.29  25.49  29.83  37.11
both   26.82   9.51  0.00   9.98  17.90  ...  39.18  20.02  25.10  29.61  37.20

[3 rows x 23 columns]
2026-04-16 03:14:31,202 
mean_candidate_mano: 
         MJE PA_MJE MJE_0 MJE_1 MJE_2  ... MJE_16 MJE_17 MJE_18 MJE_19 MJE_20
right  12.42   6.32  0.00  4.93  8.44  ...  20.40   9.58  11.94  14.72  19.75
left   12.49   6.10  0.00  5.12  8.71  ...  19.16  10.07  12.56  14.91  19.33
both   12.45   6.21  0.00  5.02  8.57  ...  19.78   9.82  12.25  14.81  19.54

[3 rows x 23 columns]
2026-04-16 03:14:31,319 
Object Evaluation: 13128 samples 
Mean Pose: 
                          MCE   MCE2    OCE  ...  ADD01d ADDS01d    REP
002_master_chef_can     67.29  25.58  24.26  ...  25.77%  85.57%  23.50
003_cracker_box         36.53  30.54  28.33  ...  58.22%  91.41%  11.02
004_sugar_box           41.21  29.17  25.50  ...  46.10%  85.74%  12.77
005_tomato_soup_can     44.49  24.27  22.88  ...  16.18%  76.62%  15.36
006_mustard_bottle      38.39  25.41  22.73  ...  56.90%  88.22%  11.91
007_tuna_fish_can       54.45  25.26  24.34  ...  11.52%  72.96%  17.90
008_pudding_box         54.25  41.12  38.95  ...  37.01%  77.36%  18.37
009_gelatin_box         38.39  28.75  26.88  ...  28.57%  74.62%  11.28
010_potted_meat_can     43.16  25.06  23.15  ...  30.04%  79.82%  15.56
011_banana              65.72  37.15  29.60  ...  32.69%  74.18%  17.94
019_pitcher_base        69.59  42.89  40.29  ...  43.46%  85.86%  21.66
021_bleach_cleanser     53.91  32.87  27.78  ...  52.78%  89.04%  17.60
024_bowl               116.35  27.30  25.77  ...  16.72%  85.96%  36.39
025_mug                 53.55  27.71  27.12  ...  20.40%  82.84%  15.31
035_power_drill         48.88  35.54  31.92  ...  50.55%  84.66%  14.02
036_wood_block         140.93  38.68  31.88  ...   2.64%  81.05%  56.89
037_scissors            76.38  43.81  35.80  ...  23.87%  62.61%  17.75
040_large_marker        44.57  31.01  26.54  ...   8.24%  52.88%  13.01
052_extra_large_clamp  116.35  42.27  30.47  ...  22.71%  78.81%  29.40
061_foam_brick          66.82  29.11  27.19  ...   5.71%  64.98%  24.60
average_instance        63.12  32.17  28.58  ...  29.69%  78.79%  19.93

[21 rows x 8 columns]
2026-04-16 03:14:31,639 
Epoch: 8/100 | Learning Rate: 1.443e-04
2026-04-16 03:14:33,941 
[0000/6273]| Loss diff_H:1.06e+01 diff_O:1.57e+00 hm_H:3.10e+00 hm_O:2.51e+00 vert:6.83e-01 joint:7.35e-01 mano_pose:9.09e-02 mano_shape:3.09e-02 force:1.46e-01 gravity:7.29e-02 torque:3.90e-02 supervised:7.39e-02 CoM:4.02e-02 total:1.97e+01
2026-04-16 03:16:52,195 
[0500/6273]| Loss diff_H:1.09e+01 diff_O:1.74e+00 hm_H:3.08e+00 hm_O:2.53e+00 vert:8.30e-01 joint:8.90e-01 mano_pose:1.22e-01 mano_shape:4.12e-02 force:9.73e-02 gravity:4.59e-02 torque:3.32e-02 supervised:7.86e-02 CoM:3.25e-02 total:2.05e+01
2026-04-16 03:19:10,274 
[1000/6273]| Loss diff_H:1.09e+01 diff_O:1.71e+00 hm_H:3.14e+00 hm_O:2.51e+00 vert:8.15e-01 joint:8.72e-01 mano_pose:1.19e-01 mano_shape:5.50e-02 force:1.70e-01 gravity:8.83e-02 torque:4.12e-02 supervised:6.36e-02 CoM:4.94e-02 total:2.06e+01
2026-04-16 03:21:28,348 
[1500/6273]| Loss diff_H:1.08e+01 diff_O:1.75e+00 hm_H:3.18e+00 hm_O:2.52e+00 vert:6.84e-01 joint:7.34e-01 mano_pose:1.05e-01 mano_shape:3.94e-02 force:1.56e-01 gravity:8.08e-02 torque:4.19e-02 supervised:6.51e-02 CoM:4.17e-02 total:2.02e+01
2026-04-16 03:23:46,534 
[2000/6273]| Loss diff_H:1.05e+01 diff_O:1.69e+00 hm_H:2.89e+00 hm_O:2.54e+00 vert:5.71e-01 joint:6.16e-01 mano_pose:1.12e-01 mano_shape:4.55e-02 force:1.37e-01 gravity:7.54e-02 torque:5.01e-02 supervised:9.67e-02 CoM:3.85e-02 total:1.94e+01
2026-04-16 03:26:04,448 
[2500/6273]| Loss diff_H:1.05e+01 diff_O:1.75e+00 hm_H:2.96e+00 hm_O:2.54e+00 vert:8.02e-01 joint:8.67e-01 mano_pose:9.76e-02 mano_shape:4.30e-02 force:1.40e-01 gravity:5.89e-02 torque:3.16e-02 supervised:7.23e-02 CoM:3.48e-02 total:1.99e+01
2026-04-16 03:28:22,529 
[3000/6273]| Loss diff_H:1.02e+01 diff_O:1.62e+00 hm_H:2.99e+00 hm_O:2.48e+00 vert:5.36e-01 joint:5.78e-01 mano_pose:8.04e-02 mano_shape:3.26e-02 force:1.71e-01 gravity:8.03e-02 torque:4.24e-02 supervised:8.14e-02 CoM:3.77e-02 total:1.89e+01
2026-04-16 03:30:40,622 
[3500/6273]| Loss diff_H:1.07e+01 diff_O:1.77e+00 hm_H:3.24e+00 hm_O:2.64e+00 vert:6.52e-01 joint:7.07e-01 mano_pose:9.88e-02 mano_shape:3.37e-02 force:1.23e-01 gravity:5.09e-02 torque:3.78e-02 supervised:9.18e-02 CoM:3.32e-02 total:2.01e+01
2026-04-16 03:32:58,979 
[4000/6273]| Loss diff_H:9.44e+00 diff_O:1.71e+00 hm_H:2.89e+00 hm_O:2.54e+00 vert:5.80e-01 joint:6.25e-01 mano_pose:8.85e-02 mano_shape:4.39e-02 force:9.29e-02 gravity:4.41e-02 torque:4.46e-02 supervised:7.72e-02 CoM:3.11e-02 total:1.82e+01
2026-04-16 03:35:17,213 
[4500/6273]| Loss diff_H:9.93e+00 diff_O:1.72e+00 hm_H:2.90e+00 hm_O:2.51e+00 vert:5.11e-01 joint:5.56e-01 mano_pose:1.05e-01 mano_shape:3.39e-02 force:1.27e-01 gravity:4.59e-02 torque:3.97e-02 supervised:7.28e-02 CoM:2.89e-02 total:1.86e+01
2026-04-16 03:37:35,150 
[5000/6273]| Loss diff_H:1.02e+01 diff_O:1.76e+00 hm_H:3.02e+00 hm_O:2.58e+00 vert:5.41e-01 joint:5.85e-01 mano_pose:1.02e-01 mano_shape:4.48e-02 force:1.51e-01 gravity:8.51e-02 torque:3.32e-02 supervised:5.81e-02 CoM:3.70e-02 total:1.92e+01
2026-04-16 03:39:53,194 
[5500/6273]| Loss diff_H:1.01e+01 diff_O:1.60e+00 hm_H:2.98e+00 hm_O:2.51e+00 vert:6.30e-01 joint:6.76e-01 mano_pose:9.59e-02 mano_shape:3.58e-02 force:1.45e-01 gravity:9.40e-02 torque:4.21e-02 supervised:7.85e-02 CoM:3.20e-02 total:1.90e+01
2026-04-16 03:42:11,232 
[6000/6273]| Loss diff_H:9.86e+00 diff_O:1.66e+00 hm_H:2.91e+00 hm_O:2.50e+00 vert:8.90e-01 joint:9.59e-01 mano_pose:9.43e-02 mano_shape:4.49e-02 force:1.68e-01 gravity:9.80e-02 torque:4.94e-02 supervised:9.04e-02 CoM:4.31e-02 total:1.94e+01
2026-04-16 03:43:26,757 
Evaluation on subtest dataset: 13128
2026-04-16 03:51:57,225 
Hand Evaluation: 13128 samples
2026-04-16 03:51:57,244 
regression: 
         MJE PA_MJE MJE_0 MJE_1 MJE_2  ... MJE_16 MJE_17 MJE_18 MJE_19 MJE_20
right  13.18   5.79  0.00  5.11  8.85  ...  20.15   9.89  12.43  15.07  19.89
left   13.66   5.63  0.00  5.39  9.31  ...  19.74  10.79  13.69  15.97  20.02
both   13.42   5.71  0.00  5.25  9.08  ...  19.95  10.34  13.05  15.52  19.95

[3 rows x 23 columns]
2026-04-16 03:51:57,250 
one_candidate: 
         MJE PA_MJE MJE_0 MJE_1  MJE_2  ... MJE_16 MJE_17 MJE_18 MJE_19 MJE_20
right  25.60   9.53  0.00  9.59  17.11  ...  38.12  18.83  23.52  27.96  35.64
left   26.00   9.15  0.00  9.78  17.31  ...  37.81  19.88  25.02  29.25  36.36
both   25.80   9.34  0.00  9.68  17.21  ...  37.96  19.36  24.27  28.60  35.99

[3 rows x 23 columns]
2026-04-16 03:51:57,257 
mean_candidate_mano: 
         MJE PA_MJE MJE_0 MJE_1 MJE_2  ... MJE_16 MJE_17 MJE_18 MJE_19 MJE_20
right  12.19   6.22  0.00  4.91  8.36  ...  19.87   9.52  11.80  14.43  19.33
left   12.48   5.99  0.00  5.19  8.69  ...  18.99  10.16  12.66  14.84  19.04
both   12.33   6.10  0.00  5.05  8.52  ...  19.44   9.84  12.23  14.63  19.19

[3 rows x 23 columns]
2026-04-16 03:51:57,382 
Object Evaluation: 13128 samples 
Mean Pose: 
                          MCE   MCE2    OCE  ...  ADD01d ADDS01d    REP
002_master_chef_can     67.17  24.45  23.25  ...  26.07%  88.95%  23.76
003_cracker_box         33.92  28.66  26.55  ...  61.78%  93.33%  10.06
004_sugar_box           38.59  27.63  23.94  ...  51.20%  86.94%  11.98
005_tomato_soup_can     46.72  24.92  23.38  ...  16.62%  77.65%  15.95
006_mustard_bottle      33.91  22.57  20.45  ...  61.55%  91.63%  10.66
007_tuna_fish_can       56.14  23.52  22.60  ...  12.75%  74.50%  18.69
008_pudding_box         50.88  37.44  35.31  ...  41.80%  80.70%  16.33
009_gelatin_box         39.25  29.57  27.95  ...  26.75%  73.10%  11.16
010_potted_meat_can     40.83  23.78  21.93  ...  31.22%  81.59%  14.65
011_banana              61.80  34.77  27.66  ...  34.63%  73.73%  17.00
019_pitcher_base        63.87  38.52  36.20  ...  48.87%  89.17%  19.84
021_bleach_cleanser     55.28  32.31  27.62  ...  51.08%  88.12%  17.74
024_bowl               119.36  24.89  23.08  ...  14.67%  88.33%  36.86
025_mug                 49.83  24.80  24.10  ...  30.91%  85.94%  13.93
035_power_drill         46.41  33.30  30.02  ...  52.90%  85.45%  12.96
036_wood_block         138.58  35.03  28.04  ...   5.27%  83.86%  56.41
037_scissors            71.33  41.24  33.89  ...  28.23%  67.42%  16.02
040_large_marker        41.60  28.95  24.87  ...  10.42%  58.32%  11.47
052_extra_large_clamp  112.87  41.00  30.31  ...  22.71%  81.86%  27.76
061_foam_brick          65.61  28.41  26.49  ...   4.75%  65.45%  24.34
average_instance        61.25  30.29  26.90  ...  31.91%  80.83%  19.19

[21 rows x 8 columns]
2026-04-16 03:51:57,716 
Epoch: 9/100 | Learning Rate: 1.385e-04
2026-04-16 03:52:00,058 
[0000/6273]| Loss diff_H:1.01e+01 diff_O:1.49e+00 hm_H:3.07e+00 hm_O:2.47e+00 vert:5.21e-01 joint:5.61e-01 mano_pose:7.91e-02 mano_shape:2.82e-02 force:1.21e-01 gravity:6.05e-02 torque:4.54e-02 supervised:8.19e-02 CoM:2.49e-02 total:1.86e+01
2026-04-16 03:54:18,148 
[0500/6273]| Loss diff_H:9.77e+00 diff_O:1.63e+00 hm_H:2.81e+00 hm_O:2.53e+00 vert:6.01e-01 joint:6.50e-01 mano_pose:7.09e-02 mano_shape:3.32e-02 force:7.71e-02 gravity:3.10e-02 torque:3.57e-02 supervised:6.73e-02 CoM:4.68e-02 total:1.84e+01
2026-04-16 03:56:36,280 
[1000/6273]| Loss diff_H:9.78e+00 diff_O:1.66e+00 hm_H:2.95e+00 hm_O:2.50e+00 vert:5.42e-01 joint:5.83e-01 mano_pose:7.71e-02 mano_shape:3.02e-02 force:1.64e-01 gravity:1.08e-01 torque:4.56e-02 supervised:1.01e-01 CoM:4.25e-02 total:1.86e+01
2026-04-16 03:58:54,371 
[1500/6273]| Loss diff_H:1.01e+01 diff_O:1.53e+00 hm_H:2.94e+00 hm_O:2.47e+00 vert:5.06e-01 joint:5.45e-01 mano_pose:9.35e-02 mano_shape:2.18e-02 force:1.01e-01 gravity:4.30e-02 torque:3.68e-02 supervised:5.95e-02 CoM:2.59e-02 total:1.84e+01
2026-04-16 04:01:12,717 
[2000/6273]| Loss diff_H:1.00e+01 diff_O:1.54e+00 hm_H:3.16e+00 hm_O:2.48e+00 vert:4.41e-01 joint:4.76e-01 mano_pose:8.25e-02 mano_shape:4.37e-02 force:1.90e-01 gravity:1.09e-01 torque:4.51e-02 supervised:8.44e-02 CoM:3.35e-02 total:1.87e+01
2026-04-16 04:03:30,788 
[2500/6273]| Loss diff_H:1.04e+01 diff_O:1.76e+00 hm_H:3.21e+00 hm_O:2.48e+00 vert:6.51e-01 joint:7.01e-01 mano_pose:1.00e-01 mano_shape:4.88e-02 force:1.31e-01 gravity:6.74e-02 torque:2.74e-02 supervised:7.28e-02 CoM:4.24e-02 total:1.97e+01
2026-04-16 04:05:48,982 
[3000/6273]| Loss diff_H:1.06e+01 diff_O:1.64e+00 hm_H:3.12e+00 hm_O:2.48e+00 vert:4.47e-01 joint:4.82e-01 mano_pose:9.16e-02 mano_shape:3.42e-02 force:6.62e-02 gravity:3.55e-02 torque:2.63e-02 supervised:5.70e-02 CoM:3.52e-02 total:1.91e+01
2026-04-16 04:08:07,178 
[3500/6273]| Loss diff_H:9.93e+00 diff_O:1.60e+00 hm_H:2.99e+00 hm_O:2.48e+00 vert:5.44e-01 joint:5.86e-01 mano_pose:8.08e-02 mano_shape:3.73e-02 force:1.41e-01 gravity:6.49e-02 torque:3.28e-02 supervised:7.51e-02 CoM:3.64e-02 total:1.86e+01
2026-04-16 04:10:25,347 
[4000/6273]| Loss diff_H:9.97e+00 diff_O:1.61e+00 hm_H:2.93e+00 hm_O:2.44e+00 vert:4.28e-01 joint:4.60e-01 mano_pose:7.64e-02 mano_shape:2.68e-02 force:1.35e-01 gravity:7.07e-02 torque:3.99e-02 supervised:8.36e-02 CoM:3.06e-02 total:1.83e+01
2026-04-16 04:12:43,623 
[4500/6273]| Loss diff_H:9.23e+00 diff_O:1.62e+00 hm_H:2.94e+00 hm_O:2.46e+00 vert:5.62e-01 joint:6.05e-01 mano_pose:8.38e-02 mano_shape:4.05e-02 force:1.47e-01 gravity:9.41e-02 torque:3.76e-02 supervised:7.15e-02 CoM:3.96e-02 total:1.79e+01
2026-04-16 04:15:01,636 
[5000/6273]| Loss diff_H:9.26e+00 diff_O:1.59e+00 hm_H:2.90e+00 hm_O:2.48e+00 vert:4.70e-01 joint:5.10e-01 mano_pose:7.87e-02 mano_shape:3.86e-02 force:1.39e-01 gravity:9.21e-02 torque:4.99e-02 supervised:7.42e-02 CoM:2.77e-02 total:1.77e+01
2026-04-16 04:17:19,833 
[5500/6273]| Loss diff_H:9.83e+00 diff_O:1.40e+00 hm_H:2.91e+00 hm_O:2.47e+00 vert:5.64e-01 joint:6.09e-01 mano_pose:7.41e-02 mano_shape:3.67e-02 force:9.25e-02 gravity:5.33e-02 torque:2.73e-02 supervised:5.34e-02 CoM:3.72e-02 total:1.82e+01
2026-04-16 04:19:38,121 
[6000/6273]| Loss diff_H:9.45e+00 diff_O:1.53e+00 hm_H:2.95e+00 hm_O:2.42e+00 vert:5.21e-01 joint:5.62e-01 mano_pose:8.57e-02 mano_shape:2.85e-02 force:1.31e-01 gravity:6.69e-02 torque:3.40e-02 supervised:4.81e-02 CoM:3.88e-02 total:1.79e+01
2026-04-16 04:20:53,563 
Evaluation on subtest dataset: 13128
2026-04-16 04:29:40,065 
Hand Evaluation: 13128 samples
2026-04-16 04:29:40,080 
regression: 
         MJE PA_MJE MJE_0 MJE_1 MJE_2  ... MJE_16 MJE_17 MJE_18 MJE_19 MJE_20
right  12.92   5.75  0.00  4.91  8.56  ...  19.60   9.72  12.18  14.64  19.20
left   13.07   5.54  0.00  5.15  8.93  ...  19.06  10.27  13.00  15.23  19.30
both   13.00   5.64  0.00  5.03  8.74  ...  19.33   9.99  12.59  14.94  19.25

[3 rows x 23 columns]
2026-04-16 04:29:40,087 
one_candidate: 
         MJE PA_MJE MJE_0 MJE_1  MJE_2  ... MJE_16 MJE_17 MJE_18 MJE_19 MJE_20
right  24.56   9.24  0.00  9.00  16.43  ...  36.56  18.15  22.70  26.93  34.31
left   24.65   8.88  0.00  9.36  16.91  ...  35.77  18.59  23.54  27.66  34.57
both   24.61   9.06  0.00  9.18  16.67  ...  36.17  18.37  23.12  27.29  34.44

[3 rows x 23 columns]
2026-04-16 04:29:40,093 
mean_candidate_mano: 
         MJE PA_MJE MJE_0 MJE_1 MJE_2  ... MJE_16 MJE_17 MJE_18 MJE_19 MJE_20
right  11.63   6.06  0.00  4.62  7.88  ...  18.94   9.13  11.43  13.96  18.54
left   11.61   5.83  0.00  4.85  8.18  ...  17.79   9.43  11.82  14.01  18.13
both   11.62   5.95  0.00  4.74  8.03  ...  18.37   9.28  11.62  13.98  18.34

[3 rows x 23 columns]
2026-04-16 04:29:40,209 
Object Evaluation: 13128 samples 
Mean Pose: 
                          MCE   MCE2    OCE  ...  ADD01d ADDS01d    REP
002_master_chef_can     65.75  22.77  21.44  ...  25.48%  91.75%  23.22
003_cracker_box         33.54  27.92  25.89  ...  64.74%  93.04%   9.95
004_sugar_box           37.37  26.77  23.21  ...  49.85%  88.14%  10.99
005_tomato_soup_can     45.31  24.18  22.81  ...  18.24%  77.50%  15.00
006_mustard_bottle      33.93  21.95  20.12  ...  62.02%  93.33%  10.47
007_tuna_fish_can       53.85  24.73  23.88  ...  12.44%  72.81%  17.23
008_pudding_box         47.54  35.03  33.12  ...  44.27%  80.70%  14.95
009_gelatin_box         39.14  29.55  27.95  ...  28.57%  72.49%  10.88
010_potted_meat_can     41.37  24.34  22.57  ...  28.72%  80.27%  14.70
011_banana              61.34  34.87  27.32  ...  35.07%  78.06%  16.49
019_pitcher_base        63.99  41.56  39.11  ...  47.97%  86.77%  19.11
021_bleach_cleanser     52.85  30.68  25.85  ...  53.86%  87.81%  16.23
024_bowl               122.70  25.00  23.17  ...  17.35%  87.07%  38.03
025_mug                 49.34  24.30  23.34  ...  29.83%  86.40%  13.74
035_power_drill         48.63  34.87  31.45  ...  52.74%  84.19%  13.57
036_wood_block         142.28  36.86  30.34  ...   5.77%  82.54%  57.59
037_scissors            70.98  39.78  32.64  ...  26.43%  66.07%  15.56
040_large_marker        41.89  29.34  25.15  ...   6.53%  55.05%  11.57
052_extra_large_clamp  114.90  39.22  29.04  ...  22.26%  82.32%  28.40
061_foam_brick          62.77  26.84  24.94  ...   8.56%  66.72%  23.24
average_instance        61.00  30.02  26.67  ...  32.23%  80.69%  18.85

[21 rows x 8 columns]
2026-04-16 04:29:40,546 
Epoch: 10/100 | Learning Rate: 1.330e-04
2026-04-16 04:29:42,896 
[0000/6273]| Loss diff_H:8.92e+00 diff_O:1.56e+00 hm_H:2.91e+00 hm_O:2.47e+00 vert:6.67e-01 joint:7.21e-01 mano_pose:7.02e-02 mano_shape:4.34e-02 force:1.55e-01 gravity:1.08e-01 torque:2.80e-02 supervised:8.88e-02 CoM:2.81e-02 total:1.78e+01
2026-04-16 04:32:00,962 
[0500/6273]| Loss diff_H:9.17e+00 diff_O:1.55e+00 hm_H:2.90e+00 hm_O:2.48e+00 vert:4.97e-01 joint:5.33e-01 mano_pose:7.31e-02 mano_shape:2.69e-02 force:1.15e-01 gravity:6.22e-02 torque:3.89e-02 supervised:6.89e-02 CoM:2.74e-02 total:1.75e+01
2026-04-16 04:34:18,977 
[1000/6273]| Loss diff_H:9.73e+00 diff_O:1.37e+00 hm_H:2.92e+00 hm_O:2.53e+00 vert:4.74e-01 joint:5.15e-01 mano_pose:9.50e-02 mano_shape:2.62e-02 force:1.44e-01 gravity:9.39e-02 torque:3.64e-02 supervised:7.69e-02 CoM:3.68e-02 total:1.81e+01
2026-04-16 04:36:37,099 
[1500/6273]| Loss diff_H:9.80e+00 diff_O:1.58e+00 hm_H:2.84e+00 hm_O:2.52e+00 vert:4.30e-01 joint:4.69e-01 mano_pose:9.47e-02 mano_shape:3.61e-02 force:9.87e-02 gravity:4.21e-02 torque:4.34e-02 supervised:5.58e-02 CoM:1.70e-02 total:1.80e+01
2026-04-16 04:38:55,260 
[2000/6273]| Loss diff_H:9.62e+00 diff_O:1.50e+00 hm_H:3.10e+00 hm_O:2.47e+00 vert:5.72e-01 joint:6.18e-01 mano_pose:8.46e-02 mano_shape:3.56e-02 force:1.23e-01 gravity:6.98e-02 torque:3.02e-02 supervised:6.62e-02 CoM:4.28e-02 total:1.83e+01
2026-04-16 04:41:13,375 
[2500/6273]| Loss diff_H:8.85e+00 diff_O:1.57e+00 hm_H:3.17e+00 hm_O:2.54e+00 vert:5.17e-01 joint:5.58e-01 mano_pose:8.65e-02 mano_shape:2.45e-02 force:9.55e-02 gravity:5.36e-02 torque:3.21e-02 supervised:7.26e-02 CoM:4.43e-02 total:1.76e+01
2026-04-16 04:43:31,352 
[3000/6273]| Loss diff_H:9.68e+00 diff_O:1.68e+00 hm_H:3.01e+00 hm_O:2.43e+00 vert:6.74e-01 joint:7.24e-01 mano_pose:1.05e-01 mano_shape:2.95e-02 force:1.17e-01 gravity:6.20e-02 torque:4.27e-02 supervised:7.49e-02 CoM:3.40e-02 total:1.87e+01
2026-04-16 04:45:49,635 
[3500/6273]| Loss diff_H:9.73e+00 diff_O:1.59e+00 hm_H:3.03e+00 hm_O:2.49e+00 vert:4.31e-01 joint:4.63e-01 mano_pose:9.22e-02 mano_shape:2.87e-02 force:9.57e-02 gravity:4.28e-02 torque:3.91e-02 supervised:6.39e-02 CoM:3.59e-02 total:1.81e+01
2026-04-16 04:48:07,879 
[4000/6273]| Loss diff_H:9.60e+00 diff_O:1.45e+00 hm_H:2.77e+00 hm_O:2.43e+00 vert:4.64e-01 joint:5.07e-01 mano_pose:7.07e-02 mano_shape:2.15e-02 force:1.70e-01 gravity:1.04e-01 torque:3.22e-02 supervised:7.95e-02 CoM:2.17e-02 total:1.77e+01
2026-04-16 04:50:25,887 
[4500/6273]| Loss diff_H:8.91e+00 diff_O:1.43e+00 hm_H:2.60e+00 hm_O:2.46e+00 vert:4.18e-01 joint:4.48e-01 mano_pose:6.67e-02 mano_shape:3.00e-02 force:1.61e-01 gravity:8.22e-02 torque:4.07e-02 supervised:8.15e-02 CoM:2.48e-02 total:1.68e+01
2026-04-16 04:52:43,953 
[5000/6273]| Loss diff_H:9.99e+00 diff_O:1.55e+00 hm_H:2.81e+00 hm_O:2.49e+00 vert:5.23e-01 joint:5.62e-01 mano_pose:9.36e-02 mano_shape:2.90e-02 force:9.29e-02 gravity:4.35e-02 torque:5.29e-02 supervised:7.90e-02 CoM:1.80e-02 total:1.83e+01
2026-04-16 04:55:02,114 
[5500/6273]| Loss diff_H:9.34e+00 diff_O:1.45e+00 hm_H:2.92e+00 hm_O:2.40e+00 vert:4.17e-01 joint:4.54e-01 mano_pose:7.67e-02 mano_shape:3.51e-02 force:8.57e-02 gravity:4.03e-02 torque:3.37e-02 supervised:5.63e-02 CoM:3.48e-02 total:1.73e+01
2026-04-16 04:57:20,195 
[6000/6273]| Loss diff_H:9.99e+00 diff_O:1.54e+00 hm_H:2.99e+00 hm_O:2.48e+00 vert:6.24e-01 joint:6.77e-01 mano_pose:1.10e-01 mano_shape:4.02e-02 force:1.56e-01 gravity:7.79e-02 torque:4.13e-02 supervised:7.77e-02 CoM:4.00e-02 total:1.89e+01
2026-04-16 04:58:35,876 
Evaluation on subtest dataset: 13128
2026-04-16 05:07:14,348 
Hand Evaluation: 13128 samples
2026-04-16 05:07:14,363 
regression: 
         MJE PA_MJE MJE_0 MJE_1 MJE_2  ... MJE_16 MJE_17 MJE_18 MJE_19 MJE_20
right  12.98   5.70  0.00  5.00  8.66  ...  20.05   9.64  12.20  14.82  19.54
left   13.22   5.44  0.00  5.18  8.93  ...  19.49  10.32  13.17  15.49  19.50
both   13.10   5.57  0.00  5.09  8.79  ...  19.77   9.98  12.68  15.16  19.52

[3 rows x 23 columns]
2026-04-16 05:07:14,370 
one_candidate: 
         MJE PA_MJE MJE_0 MJE_1  MJE_2  ... MJE_16 MJE_17 MJE_18 MJE_19 MJE_20
right  23.49   9.09  0.00  8.65  15.58  ...  35.20  17.37  21.77  25.85  33.08
left   24.04   8.72  0.00  9.07  16.05  ...  35.30  18.05  22.87  27.02  33.99
both   23.76   8.91  0.00  8.86  15.81  ...  35.25  17.71  22.32  26.43  33.53

[3 rows x 23 columns]
2026-04-16 05:07:14,376 
mean_candidate_mano: 
         MJE PA_MJE MJE_0 MJE_1 MJE_2  ... MJE_16 MJE_17 MJE_18 MJE_19 MJE_20
right  11.73   6.05  0.00  4.63  7.96  ...  19.21   9.05  11.39  14.00  18.70
left   11.57   5.78  0.00  4.81  8.15  ...  17.97   9.21  11.63  13.85  18.00
both   11.65   5.92  0.00  4.72  8.05  ...  18.60   9.13  11.51  13.92  18.35

[3 rows x 23 columns]
2026-04-16 05:07:14,492 
Object Evaluation: 13128 samples 
Mean Pose: 
                          MCE   MCE2    OCE  ...  ADD01d ADDS01d    REP
002_master_chef_can     62.32  24.05  22.87  ...  27.54%  89.10%  21.93
003_cracker_box         34.02  27.87  25.86  ...  63.41%  92.89%  10.50
004_sugar_box           38.18  26.61  23.58  ...  48.65%  88.14%  12.09
005_tomato_soup_can     45.53  24.43  23.17  ...  16.62%  77.06%  15.95
006_mustard_bottle      34.85  23.53  21.71  ...  60.78%  91.47%  10.99
007_tuna_fish_can       53.59  23.94  23.12  ...  13.52%  72.50%  17.61
008_pudding_box         49.79  38.18  36.39  ...  41.80%  79.68%  17.52
009_gelatin_box         38.61  29.88  28.06  ...  31.46%  73.40%  11.47
010_potted_meat_can     41.58  23.92  22.39  ...  30.63%  80.85%  14.96
011_banana              61.44  35.83  28.81  ...  33.73%  73.73%  17.11
019_pitcher_base        64.18  41.01  38.89  ...  48.42%  87.67%  20.04
021_bleach_cleanser     52.60  31.02  25.99  ...  53.40%  89.97%  17.63
024_bowl               118.88  26.52  24.54  ...  17.98%  85.80%  37.44
025_mug                 52.00  25.95  25.39  ...  27.20%  83.77%  14.93
035_power_drill         45.42  33.93  30.83  ...  54.46%  86.23%  12.51
036_wood_block         141.78  37.07  30.04  ...   3.62%  81.05%  58.60
037_scissors            70.37  39.49  32.66  ...  27.18%  69.07%  16.66
040_large_marker        42.38  29.20  25.07  ...   7.78%  57.39%  12.39
052_extra_large_clamp  117.86  38.01  28.07  ...  23.17%  81.55%  29.99
061_foam_brick          62.87  28.57  26.66  ...   6.50%  64.66%  23.07
average_instance        60.95  30.44  27.21  ...  32.09%  80.34%  19.47

[21 rows x 8 columns]
2026-04-16 05:07:14,828 
Epoch: 11/100 | Learning Rate: 1.276e-04
2026-04-16 05:07:17,057 
[0000/6273]| Loss diff_H:9.02e+00 diff_O:1.31e+00 hm_H:2.88e+00 hm_O:2.36e+00 vert:5.07e-01 joint:5.48e-01 mano_pose:8.56e-02 mano_shape:2.81e-02 force:1.18e-01 gravity:5.22e-02 torque:4.30e-02 supervised:6.81e-02 CoM:2.14e-02 total:1.70e+01
2026-04-16 05:09:35,039 
[0500/6273]| Loss diff_H:8.93e+00 diff_O:1.43e+00 hm_H:2.58e+00 hm_O:2.38e+00 vert:5.08e-01 joint:5.49e-01 mano_pose:7.76e-02 mano_shape:1.65e-02 force:1.75e-01 gravity:1.01e-01 torque:6.40e-02 supervised:9.61e-02 CoM:1.72e-02 total:1.69e+01
2026-04-16 05:11:53,437 
[1000/6273]| Loss diff_H:9.74e+00 diff_O:1.53e+00 hm_H:3.19e+00 hm_O:2.41e+00 vert:4.75e-01 joint:5.14e-01 mano_pose:9.00e-02 mano_shape:2.52e-02 force:1.04e-01 gravity:5.65e-02 torque:3.57e-02 supervised:5.93e-02 CoM:4.50e-02 total:1.83e+01
2026-04-16 05:14:11,584 
[1500/6273]| Loss diff_H:9.70e+00 diff_O:1.61e+00 hm_H:2.85e+00 hm_O:2.48e+00 vert:6.40e-01 joint:6.93e-01 mano_pose:1.04e-01 mano_shape:2.24e-02 force:1.26e-01 gravity:6.27e-02 torque:4.84e-02 supervised:6.45e-02 CoM:3.66e-02 total:1.84e+01
2026-04-16 05:16:29,596 
[2000/6273]| Loss diff_H:9.24e+00 diff_O:1.44e+00 hm_H:2.84e+00 hm_O:2.47e+00 vert:5.59e-01 joint:6.05e-01 mano_pose:6.10e-02 mano_shape:2.58e-02 force:8.91e-02 gravity:5.45e-02 torque:3.37e-02 supervised:4.99e-02 CoM:2.61e-02 total:1.75e+01
2026-04-16 05:18:47,758 
[2500/6273]| Loss diff_H:9.36e+00 diff_O:1.58e+00 hm_H:2.92e+00 hm_O:2.47e+00 vert:3.82e-01 joint:4.12e-01 mano_pose:6.83e-02 mano_shape:3.06e-02 force:1.53e-01 gravity:9.57e-02 torque:3.44e-02 supervised:7.85e-02 CoM:3.02e-02 total:1.76e+01
2026-04-16 05:21:05,902 
[3000/6273]| Loss diff_H:8.85e+00 diff_O:1.38e+00 hm_H:3.14e+00 hm_O:2.37e+00 vert:4.75e-01 joint:5.11e-01 mano_pose:7.52e-02 mano_shape:2.17e-02 force:1.06e-01 gravity:4.03e-02 torque:3.70e-02 supervised:5.42e-02 CoM:4.20e-02 total:1.71e+01
2026-04-16 05:23:24,278 
[3500/6273]| Loss diff_H:9.41e+00 diff_O:1.46e+00 hm_H:2.95e+00 hm_O:2.50e+00 vert:8.07e-01 joint:8.82e-01 mano_pose:9.31e-02 mano_shape:3.06e-02 force:8.98e-02 gravity:5.10e-02 torque:3.42e-02 supervised:6.43e-02 CoM:3.82e-02 total:1.84e+01
2026-04-16 05:25:42,512 
[4000/6273]| Loss diff_H:8.93e+00 diff_O:1.52e+00 hm_H:2.80e+00 hm_O:2.35e+00 vert:3.70e-01 joint:3.98e-01 mano_pose:8.02e-02 mano_shape:4.33e-02 force:5.34e-02 gravity:2.08e-02 torque:3.74e-02 supervised:6.64e-02 CoM:2.20e-02 total:1.67e+01
2026-04-16 05:28:00,622 
[4500/6273]| Loss diff_H:9.11e+00 diff_O:1.63e+00 hm_H:2.92e+00 hm_O:2.43e+00 vert:4.59e-01 joint:4.95e-01 mano_pose:7.71e-02 mano_shape:2.94e-02 force:1.11e-01 gravity:6.29e-02 torque:3.69e-02 supervised:8.51e-02 CoM:2.55e-02 total:1.75e+01
2026-04-16 05:30:18,819 
[5000/6273]| Loss diff_H:8.97e+00 diff_O:1.46e+00 hm_H:2.84e+00 hm_O:2.35e+00 vert:4.20e-01 joint:4.56e-01 mano_pose:7.26e-02 mano_shape:2.39e-02 force:8.93e-02 gravity:3.27e-02 torque:4.38e-02 supervised:5.80e-02 CoM:2.96e-02 total:1.68e+01
2026-04-16 05:32:37,040 
[5500/6273]| Loss diff_H:9.18e+00 diff_O:1.38e+00 hm_H:2.72e+00 hm_O:2.43e+00 vert:3.75e-01 joint:4.04e-01 mano_pose:6.62e-02 mano_shape:3.22e-02 force:1.32e-01 gravity:8.00e-02 torque:3.41e-02 supervised:7.92e-02 CoM:3.87e-02 total:1.70e+01
2026-04-16 05:34:55,310 
[6000/6273]| Loss diff_H:9.34e+00 diff_O:1.43e+00 hm_H:2.70e+00 hm_O:2.45e+00 vert:4.66e-01 joint:5.04e-01 mano_pose:7.52e-02 mano_shape:2.76e-02 force:1.18e-01 gravity:5.66e-02 torque:3.87e-02 supervised:6.71e-02 CoM:2.96e-02 total:1.73e+01
2026-04-16 05:36:10,796 
Evaluation on subtest dataset: 13128
2026-04-16 05:46:39,700 
Hand Evaluation: 13128 samples
2026-04-16 05:46:39,716 
regression: 
         MJE PA_MJE MJE_0 MJE_1 MJE_2  ... MJE_16 MJE_17 MJE_18 MJE_19 MJE_20
right  12.85   5.66  0.00  4.93  8.59  ...  19.74   9.57  12.16  14.74  19.51
left   13.13   5.47  0.00  5.23  9.01  ...  19.37  10.15  12.90  15.27  19.39
both   12.98   5.56  0.00  5.08  8.80  ...  19.55   9.86  12.53  15.00  19.45

[3 rows x 23 columns]
2026-04-16 05:46:39,722 
one_candidate: 
         MJE PA_MJE MJE_0 MJE_1  MJE_2  ... MJE_16 MJE_17 MJE_18 MJE_19 MJE_20
right  23.77   8.83  0.00  8.78  15.74  ...  35.56  17.71  22.25  26.36  33.46
left   23.80   8.53  0.00  9.16  16.21  ...  34.57  18.22  23.01  27.00  33.66
both   23.79   8.68  0.00  8.97  15.97  ...  35.06  17.96  22.63  26.68  33.56

[3 rows x 23 columns]
2026-04-16 05:46:39,728 
mean_candidate_mano: 
         MJE PA_MJE MJE_0 MJE_1 MJE_2  ... MJE_16 MJE_17 MJE_18 MJE_19 MJE_20
right  11.53   5.95  0.00  4.61  7.81  ...  19.02   8.99  11.26  13.85  18.54
left   11.57   5.72  0.00  4.93  8.28  ...  17.68   9.36  11.71  13.86  17.96
both   11.55   5.83  0.00  4.77  8.04  ...  18.35   9.17  11.48  13.86  18.25

[3 rows x 23 columns]
2026-04-16 05:46:39,844 
Object Evaluation: 13128 samples 
Mean Pose: 
                          MCE   MCE2    OCE  ...  ADD01d ADDS01d    REP
002_master_chef_can     62.42  25.98  24.67  ...  28.87%  86.16%  21.35
003_cracker_box         32.79  27.50  25.60  ...  67.41%  93.04%  10.05
004_sugar_box           38.43  26.78  23.81  ...  52.25%  87.09%  11.82
005_tomato_soup_can     44.43  25.02  23.72  ...  15.88%  75.74%  14.77
006_mustard_bottle      33.72  22.37  20.66  ...  63.72%  91.63%  10.87
007_tuna_fish_can       53.86  21.91  21.04  ...  11.98%  76.96%  18.05
008_pudding_box         48.63  37.10  35.07  ...  44.70%  78.66%  16.21
009_gelatin_box         38.15  29.22  27.66  ...  29.94%  73.25%  10.87
010_potted_meat_can     39.58  22.86  21.12  ...  32.11%  82.77%  14.16
011_banana              59.71  33.83  26.78  ...  36.72%  77.61%  16.92
019_pitcher_base        64.30  40.95  38.63  ...  48.27%  87.82%  21.30
021_bleach_cleanser     60.31  33.44  27.68  ...  46.14%  87.65%  20.09
024_bowl               121.33  24.98  23.39  ...  18.14%  86.59%  38.28
025_mug                 49.12  23.98  23.13  ...  31.07%  86.71%  14.19
035_power_drill         46.32  34.44  30.78  ...  53.83%  85.13%  13.12
036_wood_block         141.37  35.65  29.50  ...   5.60%  81.88%  58.16
037_scissors            67.54  37.97  30.61  ...  29.88%  71.77%  16.22
040_large_marker        41.01  28.29  24.31  ...  10.42%  59.41%  11.94
052_extra_large_clamp  109.94  38.89  28.03  ...  26.83%  83.99%  27.49
061_foam_brick          65.60  27.92  25.92  ...   6.02%  65.93%  24.30
average_instance        60.44  29.95  26.62  ...  33.20%  81.02%  19.30

[21 rows x 8 columns]
2026-04-16 05:46:40,175 
Epoch: 12/100 | Learning Rate: 1.225e-04
2026-04-16 05:46:42,402 
[0000/6273]| Loss diff_H:9.52e+00 diff_O:1.35e+00 hm_H:2.83e+00 hm_O:2.43e+00 vert:4.52e-01 joint:4.93e-01 mano_pose:9.56e-02 mano_shape:1.85e-02 force:1.11e-01 gravity:4.93e-02 torque:4.11e-02 supervised:6.60e-02 CoM:2.51e-02 total:1.75e+01
2026-04-16 05:49:00,287 
[0500/6273]| Loss diff_H:8.90e+00 diff_O:1.65e+00 hm_H:2.83e+00 hm_O:2.43e+00 vert:4.67e-01 joint:5.04e-01 mano_pose:7.20e-02 mano_shape:2.49e-02 force:1.20e-01 gravity:7.81e-02 torque:2.61e-02 supervised:5.26e-02 CoM:3.14e-02 total:1.72e+01
2026-04-16 05:51:18,559 
[1000/6273]| Loss diff_H:8.55e+00 diff_O:1.36e+00 hm_H:2.72e+00 hm_O:2.33e+00 vert:4.17e-01 joint:4.53e-01 mano_pose:6.44e-02 mano_shape:2.48e-02 force:9.43e-02 gravity:5.57e-02 torque:3.84e-02 supervised:6.07e-02 CoM:2.89e-02 total:1.62e+01
2026-04-16 05:53:36,611 
[1500/6273]| Loss diff_H:8.65e+00 diff_O:1.46e+00 hm_H:2.72e+00 hm_O:2.38e+00 vert:4.43e-01 joint:4.78e-01 mano_pose:6.94e-02 mano_shape:2.70e-02 force:1.32e-01 gravity:6.99e-02 torque:3.69e-02 supervised:8.81e-02 CoM:2.80e-02 total:1.66e+01
2026-04-16 05:55:54,732 
[2000/6273]| Loss diff_H:8.71e+00 diff_O:1.32e+00 hm_H:2.80e+00 hm_O:2.32e+00 vert:4.08e-01 joint:4.40e-01 mano_pose:6.93e-02 mano_shape:2.38e-02 force:8.15e-02 gravity:3.94e-02 torque:4.51e-02 supervised:6.32e-02 CoM:2.98e-02 total:1.64e+01
2026-04-16 05:58:12,709 
[2500/6273]| Loss diff_H:8.42e+00 diff_O:1.45e+00 hm_H:2.89e+00 hm_O:2.32e+00 vert:7.12e-01 joint:7.69e-01 mano_pose:6.83e-02 mano_shape:2.76e-02 force:8.73e-02 gravity:3.83e-02 torque:3.94e-02 supervised:5.44e-02 CoM:4.98e-02 total:1.69e+01
2026-04-16 06:00:30,794 
[3000/6273]| Loss diff_H:8.96e+00 diff_O:1.46e+00 hm_H:2.60e+00 hm_O:2.29e+00 vert:4.43e-01 joint:4.77e-01 mano_pose:6.08e-02 mano_shape:1.24e-02 force:8.58e-02 gravity:4.97e-02 torque:3.84e-02 supervised:7.00e-02 CoM:2.83e-02 total:1.66e+01
2026-04-16 06:02:48,861 
[3500/6273]| Loss diff_H:8.67e+00 diff_O:1.34e+00 hm_H:2.85e+00 hm_O:2.39e+00 vert:4.98e-01 joint:5.38e-01 mano_pose:6.62e-02 mano_shape:2.63e-02 force:1.16e-01 gravity:6.77e-02 torque:4.02e-02 supervised:6.57e-02 CoM:2.24e-02 total:1.67e+01
2026-04-16 06:05:07,122 
[4000/6273]| Loss diff_H:8.62e+00 diff_O:1.42e+00 hm_H:2.97e+00 hm_O:2.34e+00 vert:5.43e-01 joint:5.93e-01 mano_pose:7.52e-02 mano_shape:3.16e-02 force:1.17e-01 gravity:7.41e-02 torque:3.63e-02 supervised:5.48e-02 CoM:4.16e-02 total:1.69e+01
2026-04-16 06:07:25,338 
[4500/6273]| Loss diff_H:8.49e+00 diff_O:1.44e+00 hm_H:2.62e+00 hm_O:2.38e+00 vert:3.87e-01 joint:4.16e-01 mano_pose:6.69e-02 mano_shape:2.60e-02 force:1.39e-01 gravity:7.40e-02 torque:4.34e-02 supervised:7.82e-02 CoM:2.64e-02 total:1.62e+01
2026-04-16 06:09:43,449 
[5000/6273]| Loss diff_H:8.40e+00 diff_O:1.32e+00 hm_H:2.80e+00 hm_O:2.31e+00 vert:3.19e-01 joint:3.42e-01 mano_pose:6.04e-02 mano_shape:1.60e-02 force:9.69e-02 gravity:4.30e-02 torque:3.30e-02 supervised:6.62e-02 CoM:3.90e-02 total:1.58e+01
2026-04-16 06:12:01,703 
[5500/6273]| Loss diff_H:8.55e+00 diff_O:1.52e+00 hm_H:2.83e+00 hm_O:2.34e+00 vert:3.65e-01 joint:3.94e-01 mano_pose:5.90e-02 mano_shape:2.43e-02 force:1.16e-01 gravity:5.77e-02 torque:5.63e-02 supervised:6.28e-02 CoM:2.88e-02 total:1.64e+01
2026-04-16 06:14:19,931 
[6000/6273]| Loss diff_H:9.29e+00 diff_O:1.56e+00 hm_H:2.98e+00 hm_O:2.47e+00 vert:4.75e-01 joint:5.13e-01 mano_pose:7.53e-02 mano_shape:1.61e-02 force:7.60e-02 gravity:2.26e-02 torque:4.28e-02 supervised:6.53e-02 CoM:4.50e-02 total:1.76e+01
2026-04-16 06:15:35,303 
Evaluation on subtest dataset: 13128
2026-04-16 06:24:01,234 
Hand Evaluation: 13128 samples
2026-04-16 06:24:01,253 
regression: 
         MJE PA_MJE MJE_0 MJE_1 MJE_2  ... MJE_16 MJE_17 MJE_18 MJE_19 MJE_20
right  12.33   5.54  0.00  4.70  8.18  ...  19.12   9.16  11.66  14.12  18.67
left   12.69   5.37  0.00  5.07  8.70  ...  18.67   9.88  12.67  14.94  18.88
both   12.51   5.45  0.00  4.88  8.44  ...  18.90   9.52  12.16  14.53  18.78

[3 rows x 23 columns]
2026-04-16 06:24:01,260 
one_candidate: 
         MJE PA_MJE MJE_0 MJE_1  MJE_2  ... MJE_16 MJE_17 MJE_18 MJE_19 MJE_20
right  22.20   8.61  0.00  8.16  14.84  ...  33.18  16.40  20.50  24.37  31.19
left   22.26   8.27  0.00  8.47  15.26  ...  32.19  16.84  21.28  25.10  31.56
both   22.23   8.44  0.00  8.32  15.05  ...  32.69  16.62  20.89  24.74  31.38

[3 rows x 23 columns]
2026-04-16 06:24:01,266 
mean_candidate_mano: 
         MJE PA_MJE MJE_0 MJE_1 MJE_2  ... MJE_16 MJE_17 MJE_18 MJE_19 MJE_20
right  11.11   5.80  0.00  4.40  7.57  ...  18.34   8.55  10.79  13.29  17.87
left   11.11   5.59  0.00  4.65  7.83  ...  17.28   8.83  11.19  13.35  17.39
both   11.11   5.70  0.00  4.53  7.70  ...  17.81   8.69  10.99  13.32  17.63

[3 rows x 23 columns]
2026-04-16 06:24:01,387 
Object Evaluation: 13128 samples 
Mean Pose: 
                          MCE   MCE2    OCE  ...  ADD01d ADDS01d    REP
002_master_chef_can     59.50  22.99  21.75  ...  35.64%  88.81%  21.15
003_cracker_box         33.71  28.96  27.24  ...  62.37%  91.70%   9.80
004_sugar_box           37.10  27.13  24.16  ...  56.16%  88.74%  11.14
005_tomato_soup_can     45.73  25.61  24.42  ...  17.79%  78.53%  15.21
006_mustard_bottle      33.31  22.75  21.16  ...  61.71%  92.09%  10.58
007_tuna_fish_can       53.60  23.14  22.34  ...  14.44%  74.50%  17.97
008_pudding_box         47.38  36.44  34.46  ...  39.62%  79.54%  15.55
009_gelatin_box         38.00  29.69  28.24  ...  31.00%  71.43%  10.68
010_potted_meat_can     39.93  24.17  22.51  ...  34.02%  79.82%  14.25
011_banana              58.17  33.46  27.22  ...  37.31%  75.97%  16.42
019_pitcher_base        61.78  39.23  37.29  ...  52.63%  88.57%  20.10
021_bleach_cleanser     50.22  30.70  26.43  ...  57.25%  90.74%  16.14
024_bowl               114.19  24.59  22.99  ...  19.09%  88.49%  35.78
025_mug                 49.74  25.24  24.74  ...  30.60%  85.78%  14.37
035_power_drill         46.02  34.59  31.56  ...  53.52%  82.63%  12.60
036_wood_block         139.70  35.69  28.66  ...   5.11%  84.68%  56.91
037_scissors            66.91  37.48  30.71  ...  30.93%  72.07%  16.11
040_large_marker        42.97  30.76  26.54  ...   9.64%  56.30%  12.01
052_extra_large_clamp  109.55  37.80  28.25  ...  27.90%  82.93%  27.86
061_foam_brick          63.92  28.02  26.26  ...   7.45%  64.66%  23.73
average_instance        59.10  29.92  26.86  ...  34.42%  80.93%  18.72

[21 rows x 8 columns]
2026-04-16 06:24:01,718 
Epoch: 13/100 | Learning Rate: 1.176e-04
2026-04-16 06:24:03,887 
[0000/6273]| Loss diff_H:8.73e+00 diff_O:1.26e+00 hm_H:2.75e+00 hm_O:2.28e+00 vert:3.49e-01 joint:3.79e-01 mano_pose:5.99e-02 mano_shape:3.34e-02 force:1.36e-01 gravity:8.00e-02 torque:4.13e-02 supervised:8.83e-02 CoM:2.21e-02 total:1.62e+01
2026-04-16 06:26:21,902 
[0500/6273]| Loss diff_H:8.65e+00 diff_O:1.29e+00 hm_H:2.64e+00 hm_O:2.29e+00 vert:2.73e-01 joint:2.99e-01 mano_pose:5.46e-02 mano_shape:1.86e-02 force:1.21e-01 gravity:7.06e-02 torque:3.42e-02 supervised:5.56e-02 CoM:2.22e-02 total:1.58e+01
2026-04-16 06:28:40,147 
[1000/6273]| Loss diff_H:8.42e+00 diff_O:1.42e+00 hm_H:2.85e+00 hm_O:2.43e+00 vert:5.51e-01 joint:5.94e-01 mano_pose:6.77e-02 mano_shape:1.96e-02 force:9.54e-02 gravity:4.44e-02 torque:4.34e-02 supervised:7.76e-02 CoM:2.90e-02 total:1.66e+01
2026-04-16 06:30:58,306 
[1500/6273]| Loss diff_H:8.16e+00 diff_O:1.40e+00 hm_H:2.95e+00 hm_O:2.20e+00 vert:4.69e-01 joint:5.04e-01 mano_pose:7.02e-02 mano_shape:2.38e-02 force:1.20e-01 gravity:7.10e-02 torque:3.15e-02 supervised:4.56e-02 CoM:4.26e-02 total:1.61e+01
2026-04-16 06:33:16,411 
[2000/6273]| Loss diff_H:8.35e+00 diff_O:1.50e+00 hm_H:2.65e+00 hm_O:2.30e+00 vert:3.68e-01 joint:3.99e-01 mano_pose:6.70e-02 mano_shape:2.52e-02 force:7.06e-02 gravity:3.26e-02 torque:2.78e-02 supervised:5.43e-02 CoM:3.13e-02 total:1.59e+01
2026-04-16 06:35:34,551 
[2500/6273]| Loss diff_H:8.72e+00 diff_O:1.44e+00 hm_H:2.96e+00 hm_O:2.32e+00 vert:3.63e-01 joint:3.93e-01 mano_pose:6.66e-02 mano_shape:1.83e-02 force:1.29e-01 gravity:7.34e-02 torque:4.24e-02 supervised:7.88e-02 CoM:2.77e-02 total:1.66e+01
2026-04-16 06:37:52,774 
[3000/6273]| Loss diff_H:8.23e+00 diff_O:1.58e+00 hm_H:2.75e+00 hm_O:2.55e+00 vert:5.00e-01 joint:5.41e-01 mano_pose:7.17e-02 mano_shape:3.97e-02 force:1.18e-01 gravity:6.13e-02 torque:3.89e-02 supervised:6.54e-02 CoM:4.06e-02 total:1.66e+01
2026-04-16 06:40:10,950 
[3500/6273]| Loss diff_H:7.90e+00 diff_O:1.23e+00 hm_H:2.53e+00 hm_O:2.21e+00 vert:2.74e-01 joint:2.97e-01 mano_pose:5.93e-02 mano_shape:1.68e-02 force:1.66e-01 gravity:1.00e-01 torque:3.69e-02 supervised:6.83e-02 CoM:1.97e-02 total:1.49e+01
2026-04-16 06:42:29,105 
[4000/6273]| Loss diff_H:8.48e+00 diff_O:1.30e+00 hm_H:2.63e+00 hm_O:2.35e+00 vert:3.84e-01 joint:4.17e-01 mano_pose:6.69e-02 mano_shape:2.32e-02 force:1.41e-01 gravity:7.53e-02 torque:4.55e-02 supervised:8.57e-02 CoM:2.67e-02 total:1.60e+01
2026-04-16 06:44:47,363 
[4500/6273]| Loss diff_H:8.54e+00 diff_O:1.30e+00 hm_H:2.75e+00 hm_O:2.18e+00 vert:3.95e-01 joint:4.24e-01 mano_pose:6.16e-02 mano_shape:2.72e-02 force:1.33e-01 gravity:5.67e-02 torque:5.67e-02 supervised:7.76e-02 CoM:2.44e-02 total:1.60e+01
2026-04-16 06:47:05,404 
[5000/6273]| Loss diff_H:8.23e+00 diff_O:1.47e+00 hm_H:2.79e+00 hm_O:2.43e+00 vert:4.36e-01 joint:4.70e-01 mano_pose:7.23e-02 mano_shape:1.85e-02 force:1.28e-01 gravity:7.72e-02 torque:4.23e-02 supervised:6.06e-02 CoM:2.59e-02 total:1.63e+01
2026-04-16 06:49:23,586 
[5500/6273]| Loss diff_H:8.10e+00 diff_O:1.43e+00 hm_H:2.70e+00 hm_O:2.30e+00 vert:4.05e-01 joint:4.40e-01 mano_pose:6.27e-02 mano_shape:2.85e-02 force:1.22e-01 gravity:5.82e-02 torque:3.49e-02 supervised:6.39e-02 CoM:2.12e-02 total:1.58e+01
2026-04-16 06:51:41,850 
[6000/6273]| Loss diff_H:8.57e+00 diff_O:1.29e+00 hm_H:2.97e+00 hm_O:2.29e+00 vert:2.35e+00 joint:2.57e+00 mano_pose:8.39e-02 mano_shape:2.88e-02 force:7.81e-02 gravity:3.19e-02 torque:3.76e-02 supervised:6.26e-02 CoM:3.14e-02 total:2.04e+01
2026-04-16 06:52:57,435 
Evaluation on subtest dataset: 13128
2026-04-16 07:01:40,517 
Hand Evaluation: 13128 samples
2026-04-16 07:01:40,532 
regression: 
         MJE PA_MJE MJE_0 MJE_1 MJE_2  ... MJE_16 MJE_17 MJE_18 MJE_19 MJE_20
right  12.22   5.54  0.00  4.70  8.20  ...  19.05   9.04  11.53  14.01  18.58
left   12.53   5.32  0.00  4.95  8.53  ...  18.52   9.82  12.53  14.78  18.70
both   12.38   5.43  0.00  4.82  8.37  ...  18.79   9.43  12.03  14.40  18.64

[3 rows x 23 columns]
2026-04-16 07:01:40,538 
one_candidate: 
         MJE PA_MJE MJE_0 MJE_1  MJE_2  ... MJE_16 MJE_17 MJE_18 MJE_19 MJE_20
right  21.79   8.34  0.00  8.05  14.30  ...  32.50  16.36  20.39  24.12  30.78
left   22.01   8.07  0.00  8.35  14.92  ...  32.12  16.72  21.17  24.93  31.26
both   21.90   8.20  0.00  8.20  14.61  ...  32.31  16.54  20.78  24.53  31.02

[3 rows x 23 columns]
2026-04-16 07:01:40,545 
mean_candidate_mano: 
         MJE PA_MJE MJE_0 MJE_1 MJE_2  ... MJE_16 MJE_17 MJE_18 MJE_19 MJE_20
right  10.95   5.76  0.00  4.32  7.39  ...  18.19   8.51  10.67  13.15  17.72
left   11.10   5.51  0.00  4.67  7.78  ...  17.10   8.94  11.28  13.39  17.35
both   11.03   5.64  0.00  4.49  7.59  ...  17.65   8.72  10.98  13.27  17.54

[3 rows x 23 columns]
2026-04-16 07:01:40,659 
Object Evaluation: 13128 samples 
Mean Pose: 
                          MCE   MCE2    OCE  ...  ADD01d ADDS01d    REP
002_master_chef_can     59.53  23.06  21.79  ...  33.14%  88.66%  20.87
003_cracker_box         31.31  26.45  24.59  ...  67.26%  94.07%   9.24
004_sugar_box           35.58  25.76  22.51  ...  56.61%  89.04%  10.78
005_tomato_soup_can     43.34  25.05  23.87  ...  20.88%  77.35%  14.28
006_mustard_bottle      32.25  22.09  20.50  ...  64.96%  92.09%  10.01
007_tuna_fish_can       53.19  22.70  21.89  ...  15.51%  75.73%  17.61
008_pudding_box         46.20  34.95  33.09  ...  45.14%  81.13%  15.34
009_gelatin_box         37.66  28.64  27.15  ...  33.74%  74.92%  10.93
010_potted_meat_can     39.12  23.30  21.79  ...  34.90%  81.00%  13.98
011_banana              59.09  32.98  25.73  ...  40.00%  78.06%  16.53
019_pitcher_base        61.17  38.94  36.62  ...  52.48%  87.97%  18.84
021_bleach_cleanser     48.11  29.75  25.41  ...  61.27%  89.35%  15.84
024_bowl               118.95  25.48  24.08  ...  18.30%  88.64%  36.97
025_mug                 48.80  24.11  23.49  ...  33.08%  86.86%  14.02
035_power_drill         43.47  32.62  30.14  ...  55.24%  86.70%  12.85
036_wood_block         138.91  34.70  28.44  ...   5.11%  83.53%  56.91
037_scissors            68.83  39.01  32.59  ...  31.08%  72.07%  16.08
040_large_marker        41.10  28.25  24.53  ...   9.80%  59.56%  11.50
052_extra_large_clamp  110.19  36.34  27.64  ...  29.42%  83.08%  27.30
061_foam_brick          61.55  27.34  25.67  ...   9.19%  67.99%  22.15
average_instance        58.44  29.07  26.08  ...  36.08%  81.92%  18.40

[21 rows x 8 columns]
2026-04-16 07:01:40,991 
Epoch: 14/100 | Learning Rate: 1.129e-04
2026-04-16 07:01:43,215 
[0000/6273]| Loss diff_H:9.01e+00 diff_O:1.30e+00 hm_H:2.92e+00 hm_O:2.27e+00 vert:5.95e-01 joint:6.38e-01 mano_pose:8.05e-02 mano_shape:2.76e-02 force:1.19e-01 gravity:5.46e-02 torque:4.10e-02 supervised:7.07e-02 CoM:3.66e-02 total:1.72e+01
2026-04-16 07:04:01,238 
[0500/6273]| Loss diff_H:8.60e+00 diff_O:1.42e+00 hm_H:2.70e+00 hm_O:2.35e+00 vert:4.93e-01 joint:5.31e-01 mano_pose:5.43e-02 mano_shape:2.09e-02 force:1.59e-01 gravity:8.75e-02 torque:3.17e-02 supervised:7.45e-02 CoM:3.24e-02 total:1.66e+01
2026-04-16 07:06:19,330 
[1000/6273]| Loss diff_H:8.13e+00 diff_O:1.17e+00 hm_H:2.69e+00 hm_O:2.21e+00 vert:4.51e-01 joint:4.86e-01 mano_pose:5.49e-02 mano_shape:1.27e-02 force:9.29e-02 gravity:5.76e-02 torque:3.44e-02 supervised:7.93e-02 CoM:2.31e-02 total:1.55e+01
2026-04-16 07:08:37,395 
[1500/6273]| Loss diff_H:8.04e+00 diff_O:1.43e+00 hm_H:2.76e+00 hm_O:2.31e+00 vert:4.96e-01 joint:5.36e-01 mano_pose:6.49e-02 mano_shape:2.82e-02 force:1.19e-01 gravity:6.71e-02 torque:3.80e-02 supervised:8.70e-02 CoM:4.01e-02 total:1.60e+01
2026-04-16 07:10:55,552 
[2000/6273]| Loss diff_H:8.03e+00 diff_O:1.26e+00 hm_H:2.56e+00 hm_O:2.23e+00 vert:3.30e-01 joint:3.57e-01 mano_pose:5.98e-02 mano_shape:2.06e-02 force:1.42e-01 gravity:9.37e-02 torque:3.84e-02 supervised:9.58e-02 CoM:2.20e-02 total:1.52e+01
2026-04-16 07:13:13,642 
[2500/6273]| Loss diff_H:8.04e+00 diff_O:1.31e+00 hm_H:2.73e+00 hm_O:2.32e+00 vert:6.13e-01 joint:6.68e-01 mano_pose:7.11e-02 mano_shape:3.04e-02 force:1.06e-01 gravity:5.59e-02 torque:4.14e-02 supervised:6.60e-02 CoM:2.37e-02 total:1.61e+01
2026-04-16 07:15:31,708 
[3000/6273]| Loss diff_H:8.39e+00 diff_O:1.37e+00 hm_H:2.75e+00 hm_O:2.26e+00 vert:4.84e-01 joint:5.31e-01 mano_pose:5.62e-02 mano_shape:2.96e-02 force:9.71e-02 gravity:5.26e-02 torque:3.14e-02 supervised:6.18e-02 CoM:3.52e-02 total:1.62e+01
2026-04-16 07:17:49,823 
[3500/6273]| Loss diff_H:8.07e+00 diff_O:1.20e+00 hm_H:2.55e+00 hm_O:2.25e+00 vert:3.37e-01 joint:3.56e-01 mano_pose:6.28e-02 mano_shape:1.57e-02 force:9.71e-02 gravity:5.97e-02 torque:3.44e-02 supervised:7.04e-02 CoM:2.06e-02 total:1.51e+01
2026-04-16 07:20:08,277 
[4000/6273]| Loss diff_H:8.43e+00 diff_O:1.29e+00 hm_H:2.66e+00 hm_O:2.25e+00 vert:4.50e-01 joint:4.84e-01 mano_pose:7.29e-02 mano_shape:1.65e-02 force:1.49e-01 gravity:9.33e-02 torque:3.55e-02 supervised:6.27e-02 CoM:2.10e-02 total:1.60e+01
2026-04-16 07:22:26,277 
[4500/6273]| Loss diff_H:8.47e+00 diff_O:1.34e+00 hm_H:2.80e+00 hm_O:2.24e+00 vert:4.16e-01 joint:4.51e-01 mano_pose:6.85e-02 mano_shape:2.28e-02 force:1.33e-01 gravity:8.39e-02 torque:4.26e-02 supervised:7.12e-02 CoM:3.27e-02 total:1.62e+01
2026-04-16 07:24:44,451 
[5000/6273]| Loss diff_H:8.12e+00 diff_O:1.18e+00 hm_H:2.53e+00 hm_O:2.24e+00 vert:4.38e-01 joint:4.68e-01 mano_pose:6.23e-02 mano_shape:2.29e-02 force:1.35e-01 gravity:8.33e-02 torque:5.60e-02 supervised:8.84e-02 CoM:2.27e-02 total:1.54e+01
2026-04-16 07:27:02,529 
[5500/6273]| Loss diff_H:8.13e+00 diff_O:1.30e+00 hm_H:2.72e+00 hm_O:2.26e+00 vert:4.07e-01 joint:4.40e-01 mano_pose:5.87e-02 mano_shape:1.90e-02 force:9.10e-02 gravity:4.80e-02 torque:4.36e-02 supervised:6.60e-02 CoM:3.46e-02 total:1.56e+01
2026-04-16 07:29:20,672 
[6000/6273]| Loss diff_H:8.39e+00 diff_O:1.39e+00 hm_H:2.79e+00 hm_O:2.31e+00 vert:4.01e-01 joint:4.31e-01 mano_pose:8.12e-02 mano_shape:2.63e-02 force:1.21e-01 gravity:8.21e-02 torque:2.97e-02 supervised:7.27e-02 CoM:2.49e-02 total:1.61e+01
2026-04-16 07:30:36,382 
Evaluation on subtest dataset: 13128
2026-04-16 07:38:57,979 
Hand Evaluation: 13128 samples
2026-04-16 07:38:57,994 
regression: 
         MJE PA_MJE MJE_0 MJE_1 MJE_2  ... MJE_16 MJE_17 MJE_18 MJE_19 MJE_20
right  12.28   5.56  0.00  4.61  8.01  ...  18.97   9.18  11.67  14.16  18.78
left   12.74   5.34  0.00  5.00  8.68  ...  18.55   9.86  12.58  14.88  18.84
both   12.51   5.45  0.00  4.80  8.34  ...  18.76   9.52  12.12  14.52  18.81

[3 rows x 23 columns]
2026-04-16 07:38:58,001 
one_candidate: 
         MJE PA_MJE MJE_0 MJE_1  MJE_2  ... MJE_16 MJE_17 MJE_18 MJE_19 MJE_20
right  21.00   8.22  0.00  7.67  13.71  ...  31.48  15.57  19.56  23.37  29.96
left   21.46   7.96  0.00  8.17  14.61  ...  31.10  16.21  20.59  24.33  30.51
both   21.23   8.09  0.00  7.92  14.15  ...  31.29  15.89  20.07  23.85  30.23

[3 rows x 23 columns]
2026-04-16 07:38:58,007 
mean_candidate_mano: 
         MJE PA_MJE MJE_0 MJE_1 MJE_2  ... MJE_16 MJE_17 MJE_18 MJE_19 MJE_20
right  10.99   5.69  0.00  4.26  7.31  ...  18.02   8.54  10.72  13.13  17.58
left   11.09   5.47  0.00  4.63  7.86  ...  17.02   8.80  11.14  13.26  17.22
both   11.04   5.58  0.00  4.45  7.58  ...  17.52   8.67  10.93  13.20  17.40

[3 rows x 23 columns]
2026-04-16 07:38:58,124 
Object Evaluation: 13128 samples 
Mean Pose: 
                          MCE   MCE2    OCE  ...  ADD01d ADDS01d    REP
002_master_chef_can     57.27  23.13  22.09  ...  30.63%  89.99%  20.09
003_cracker_box         31.16  25.72  24.02  ...  70.67%  94.22%   9.63
004_sugar_box           36.39  25.75  22.36  ...  52.70%  89.34%  11.06
005_tomato_soup_can     44.82  24.93  23.72  ...  20.44%  76.18%  15.18
006_mustard_bottle      30.81  21.53  19.69  ...  67.60%  92.71%   9.79
007_tuna_fish_can       51.85  22.25  21.42  ...  14.90%  76.96%  17.32
008_pudding_box         44.63  33.52  31.71  ...  47.75%  80.84%  16.09
009_gelatin_box         37.03  28.17  26.70  ...  30.09%  74.47%  11.09
010_potted_meat_can     41.40  23.09  21.30  ...  34.32%  81.44%  14.78
011_banana              58.75  32.51  25.42  ...  38.81%  78.36%  16.26
019_pitcher_base        61.50  37.40  34.87  ...  52.78%  89.77%  19.08
021_bleach_cleanser     49.79  29.69  25.17  ...  57.72%  90.28%  16.16
024_bowl               114.32  23.26  21.81  ...  22.08%  90.06%  36.01
025_mug                 47.69  24.56  23.73  ...  32.77%  85.63%  13.74
035_power_drill         44.75  33.47  30.70  ...  53.52%  87.17%  12.40
036_wood_block         140.70  32.67  26.76  ...   4.61%  84.68%  58.31
037_scissors            65.89  37.08  30.47  ...  28.83%  69.37%  15.70
040_large_marker        40.72  28.49  24.83  ...  10.11%  60.50%  11.75
052_extra_large_clamp  113.38  37.07  27.36  ...  27.13%  82.93%  28.34
061_foam_brick          61.19  26.41  24.77  ...   9.03%  67.04%  23.10
average_instance        58.23  28.53  25.46  ...  35.55%  82.11%  18.59

[21 rows x 8 columns]
2026-04-16 07:38:58,455 
Epoch: 15/100 | Learning Rate: 1.084e-04
2026-04-16 07:39:00,916 
[0000/6273]| Loss diff_H:8.37e+00 diff_O:1.28e+00 hm_H:2.78e+00 hm_O:2.24e+00 vert:3.20e-01 joint:3.44e-01 mano_pose:5.81e-02 mano_shape:1.70e-02 force:1.22e-01 gravity:5.67e-02 torque:5.23e-02 supervised:8.79e-02 CoM:2.76e-02 total:1.58e+01
2026-04-16 07:41:18,918 
[0500/6273]| Loss diff_H:8.33e+00 diff_O:1.26e+00 hm_H:2.74e+00 hm_O:2.18e+00 vert:3.65e-01 joint:3.98e-01 mano_pose:7.27e-02 mano_shape:1.85e-02 force:9.78e-02 gravity:4.09e-02 torque:3.76e-02 supervised:7.23e-02 CoM:2.40e-02 total:1.56e+01
2026-04-16 07:43:37,027 
[1000/6273]| Loss diff_H:7.86e+00 diff_O:1.30e+00 hm_H:2.66e+00 hm_O:2.22e+00 vert:4.99e-01 joint:5.36e-01 mano_pose:5.75e-02 mano_shape:8.35e-03 force:1.08e-01 gravity:5.08e-02 torque:5.02e-02 supervised:6.29e-02 CoM:3.57e-02 total:1.55e+01
2026-04-16 07:45:55,227 
[1500/6273]| Loss diff_H:8.56e+00 diff_O:1.34e+00 hm_H:2.94e+00 hm_O:2.38e+00 vert:3.30e-01 joint:3.56e-01 mano_pose:5.54e-02 mano_shape:3.02e-02 force:6.68e-02 gravity:2.12e-02 torque:3.83e-02 supervised:5.07e-02 CoM:3.67e-02 total:1.62e+01
2026-04-16 07:48:13,305 
[2000/6273]| Loss diff_H:7.82e+00 diff_O:1.41e+00 hm_H:2.58e+00 hm_O:2.26e+00 vert:3.08e-01 joint:3.35e-01 mano_pose:5.97e-02 mano_shape:3.12e-02 force:1.17e-01 gravity:5.41e-02 torque:3.21e-02 supervised:9.70e-02 CoM:2.82e-02 total:1.51e+01
2026-04-16 07:50:31,286 
[2500/6273]| Loss diff_H:8.14e+00 diff_O:1.31e+00 hm_H:2.84e+00 hm_O:2.29e+00 vert:4.77e-01 joint:5.11e-01 mano_pose:7.40e-02 mano_shape:1.88e-02 force:1.22e-01 gravity:7.24e-02 torque:3.85e-02 supervised:7.06e-02 CoM:3.06e-02 total:1.60e+01
2026-04-16 07:52:49,384 
[3000/6273]| Loss diff_H:8.79e+00 diff_O:1.22e+00 hm_H:2.77e+00 hm_O:2.18e+00 vert:6.61e-01 joint:7.14e-01 mano_pose:6.65e-02 mano_shape:1.64e-02 force:1.21e-01 gravity:7.70e-02 torque:2.62e-02 supervised:6.33e-02 CoM:3.12e-02 total:1.67e+01
2026-04-16 07:55:07,407 
[3500/6273]| Loss diff_H:8.31e+00 diff_O:1.31e+00 hm_H:2.65e+00 hm_O:2.31e+00 vert:3.52e-01 joint:3.77e-01 mano_pose:5.76e-02 mano_shape:2.76e-02 force:1.05e-01 gravity:6.04e-02 torque:3.88e-02 supervised:6.01e-02 CoM:2.65e-02 total:1.57e+01
2026-04-16 07:57:25,596 
[4000/6273]| Loss diff_H:7.94e+00 diff_O:1.25e+00 hm_H:2.55e+00 hm_O:2.20e+00 vert:3.88e-01 joint:4.17e-01 mano_pose:6.60e-02 mano_shape:1.19e-02 force:1.45e-01 gravity:8.49e-02 torque:3.58e-02 supervised:7.70e-02 CoM:4.30e-02 total:1.52e+01
2026-04-16 07:59:43,716 
[4500/6273]| Loss diff_H:8.53e+00 diff_O:1.29e+00 hm_H:2.74e+00 hm_O:2.25e+00 vert:3.20e-01 joint:3.50e-01 mano_pose:7.15e-02 mano_shape:1.52e-02 force:9.52e-02 gravity:5.48e-02 torque:3.69e-02 supervised:6.64e-02 CoM:2.66e-02 total:1.58e+01
2026-04-16 08:02:01,989 
[5000/6273]| Loss diff_H:7.39e+00 diff_O:1.16e+00 hm_H:2.77e+00 hm_O:2.24e+00 vert:3.97e-01 joint:4.29e-01 mano_pose:5.05e-02 mano_shape:1.78e-02 force:7.12e-02 gravity:3.07e-02 torque:4.07e-02 supervised:6.82e-02 CoM:4.93e-02 total:1.47e+01
2026-04-16 08:04:20,082 
[5500/6273]| Loss diff_H:9.66e+00 diff_O:1.32e+00 hm_H:2.86e+00 hm_O:2.29e+00 vert:5.68e-01 joint:6.14e-01 mano_pose:1.06e-01 mano_shape:1.62e-02 force:1.00e-01 gravity:5.54e-02 torque:3.62e-02 supervised:5.77e-02 CoM:3.91e-02 total:1.77e+01
2026-04-16 08:06:38,291 
[6000/6273]| Loss diff_H:8.86e+00 diff_O:1.25e+00 hm_H:2.83e+00 hm_O:2.32e+00 vert:3.45e-01 joint:3.73e-01 mano_pose:8.33e-02 mano_shape:1.28e-02 force:9.09e-02 gravity:3.74e-02 torque:3.81e-02 supervised:5.93e-02 CoM:2.35e-02 total:1.63e+01
2026-04-16 08:07:53,740 
Evaluation on subtest dataset: 13128
2026-04-16 08:16:25,252 
Hand Evaluation: 13128 samples
2026-04-16 08:16:25,261 
regression: 
         MJE PA_MJE MJE_0 MJE_1 MJE_2  ... MJE_16 MJE_17 MJE_18 MJE_19 MJE_20
right  12.16   5.45  0.00  4.57  7.93  ...  18.86   9.08  11.57  13.97  18.46
left   12.51   5.26  0.00  4.86  8.46  ...  18.44   9.61  12.39  14.68  18.68
both   12.33   5.36  0.00  4.71  8.19  ...  18.65   9.34  11.98  14.32  18.57

[3 rows x 23 columns]
2026-04-16 08:16:25,268 
one_candidate: 
         MJE PA_MJE MJE_0 MJE_1  MJE_2  ... MJE_16 MJE_17 MJE_18 MJE_19 MJE_20
right  20.41   7.93  0.00  7.49  13.42  ...  30.58  15.22  19.05  22.56  28.85
left   20.36   7.68  0.00  7.70  13.75  ...  29.68  15.33  19.59  23.12  29.18
both   20.38   7.81  0.00  7.60  13.59  ...  30.13  15.28  19.32  22.84  29.02

[3 rows x 23 columns]
2026-04-16 08:16:25,274 
mean_candidate_mano: 
         MJE PA_MJE MJE_0 MJE_1 MJE_2  ... MJE_16 MJE_17 MJE_18 MJE_19 MJE_20
right  10.81   5.60  0.00  4.22  7.20  ...  17.88   8.40  10.62  13.05  17.49
left   10.82   5.38  0.00  4.49  7.63  ...  16.60   8.58  10.88  12.97  16.92
both   10.82   5.49  0.00  4.35  7.41  ...  17.24   8.49  10.75  13.01  17.21

[3 rows x 23 columns]
2026-04-16 08:16:25,390 
Object Evaluation: 13128 samples 
Mean Pose: 
                          MCE   MCE2    OCE  ...  ADD01d ADDS01d    REP
002_master_chef_can     57.66  23.14  22.17  ...  33.73%  90.28%  20.71
003_cracker_box         30.98  26.55  25.09  ...  65.48%  93.78%   9.18
004_sugar_box           35.78  25.69  22.73  ...  54.65%  88.89%  11.03
005_tomato_soup_can     43.90  24.01  22.94  ...  19.71%  77.50%  15.34
006_mustard_bottle      30.58  20.49  18.85  ...  66.98%  94.57%  10.04
007_tuna_fish_can       54.43  23.33  22.37  ...  13.67%  76.65%  18.22
008_pudding_box         46.64  35.22  33.57  ...  43.98%  79.83%  15.56
009_gelatin_box         37.51  28.72  27.16  ...  29.33%  74.16%  11.35
010_potted_meat_can     38.08  22.44  21.16  ...  35.20%  82.03%  13.76
011_banana              59.46  33.40  27.26  ...  41.34%  78.21%  16.63
019_pitcher_base        58.17  38.79  36.70  ...  55.04%  89.77%  18.71
021_bleach_cleanser     47.21  29.54  25.11  ...  60.19%  90.74%  15.47
024_bowl               123.51  23.65  22.21  ...  19.40%  88.96%  38.99
025_mug                 50.53  24.65  24.01  ...  29.21%  85.47%  14.76
035_power_drill         44.10  32.15  29.41  ...  57.59%  87.17%  12.98
036_wood_block         138.53  33.68  27.57  ...   4.61%  86.16%  57.59
037_scissors            68.43  38.08  31.58  ...  29.28%  70.87%  17.17
040_large_marker        40.06  28.02  24.62  ...  10.11%  60.34%  12.10
052_extra_large_clamp  108.18  37.43  28.37  ...  30.34%  84.91%  26.83
061_foam_brick          63.51  25.80  24.13  ...   7.29%  67.67%  23.94
average_instance        58.37  28.74  25.87  ...  35.58%  82.41%  18.81

[21 rows x 8 columns]
2026-04-16 08:16:25,719 
Epoch: 16/100 | Learning Rate: 1.041e-04
2026-04-16 08:16:28,089 
[0000/6273]| Loss diff_H:7.70e+00 diff_O:1.37e+00 hm_H:2.74e+00 hm_O:2.28e+00 vert:3.57e-01 joint:3.88e-01 mano_pose:5.13e-02 mano_shape:1.56e-02 force:7.74e-02 gravity:4.06e-02 torque:3.24e-02 supervised:7.22e-02 CoM:1.68e-02 total:1.52e+01
2026-04-16 08:18:46,034 
[0500/6273]| Loss diff_H:7.67e+00 diff_O:1.24e+00 hm_H:2.66e+00 hm_O:2.19e+00 vert:4.18e-01 joint:4.55e-01 mano_pose:7.19e-02 mano_shape:1.79e-02 force:1.01e-01 gravity:5.41e-02 torque:3.30e-02 supervised:8.76e-02 CoM:2.03e-02 total:1.50e+01
2026-04-16 08:21:04,313 
[1000/6273]| Loss diff_H:8.33e+00 diff_O:1.33e+00 hm_H:2.63e+00 hm_O:2.28e+00 vert:3.08e-01 joint:3.30e-01 mano_pose:5.27e-02 mano_shape:1.90e-02 force:1.33e-01 gravity:7.81e-02 torque:2.94e-02 supervised:7.26e-02 CoM:2.53e-02 total:1.56e+01
2026-04-16 08:23:22,354 
[1500/6273]| Loss diff_H:8.09e+00 diff_O:1.32e+00 hm_H:2.53e+00 hm_O:2.25e+00 vert:2.92e-01 joint:3.14e-01 mano_pose:5.36e-02 mano_shape:1.87e-02 force:8.93e-02 gravity:3.95e-02 torque:3.71e-02 supervised:7.08e-02 CoM:2.46e-02 total:1.51e+01
2026-04-16 08:25:40,566 
[2000/6273]| Loss diff_H:8.81e+00 diff_O:1.07e+00 hm_H:2.47e+00 hm_O:2.12e+00 vert:2.95e-01 joint:3.14e-01 mano_pose:5.30e-02 mano_shape:1.60e-02 force:1.39e-01 gravity:8.57e-02 torque:3.00e-02 supervised:7.26e-02 CoM:2.17e-02 total:1.55e+01
2026-04-16 08:27:58,893 
[2500/6273]| Loss diff_H:8.35e+00 diff_O:1.21e+00 hm_H:2.53e+00 hm_O:2.17e+00 vert:2.22e-01 joint:2.37e-01 mano_pose:4.85e-02 mano_shape:1.26e-02 force:1.20e-01 gravity:6.41e-02 torque:4.56e-02 supervised:8.22e-02 CoM:1.81e-02 total:1.51e+01
2026-04-16 08:30:16,943 
[3000/6273]| Loss diff_H:7.92e+00 diff_O:1.35e+00 hm_H:2.63e+00 hm_O:2.23e+00 vert:2.75e-01 joint:3.00e-01 mano_pose:5.21e-02 mano_shape:2.11e-02 force:9.94e-02 gravity:6.49e-02 torque:4.16e-02 supervised:4.87e-02 CoM:3.92e-02 total:1.51e+01
2026-04-16 08:32:35,331 
[3500/6273]| Loss diff_H:9.01e+00 diff_O:1.34e+00 hm_H:2.65e+00 hm_O:2.21e+00 vert:3.97e-01 joint:4.28e-01 mano_pose:8.19e-02 mano_shape:1.15e-02 force:6.41e-02 gravity:2.69e-02 torque:2.66e-02 supervised:5.70e-02 CoM:3.49e-02 total:1.63e+01
2026-04-16 08:34:53,411 
[4000/6273]| Loss diff_H:7.24e+00 diff_O:1.23e+00 hm_H:2.60e+00 hm_O:2.17e+00 vert:2.77e-01 joint:2.99e-01 mano_pose:4.90e-02 mano_shape:2.61e-02 force:1.17e-01 gravity:7.07e-02 torque:4.46e-02 supervised:8.82e-02 CoM:2.25e-02 total:1.42e+01
2026-04-16 08:37:11,771 
[4500/6273]| Loss diff_H:7.99e+00 diff_O:1.31e+00 hm_H:2.63e+00 hm_O:2.33e+00 vert:3.73e-01 joint:4.00e-01 mano_pose:5.83e-02 mano_shape:1.42e-02 force:1.22e-01 gravity:7.01e-02 torque:3.73e-02 supervised:6.25e-02 CoM:2.90e-02 total:1.54e+01
2026-04-16 08:39:30,070 
[5000/6273]| Loss diff_H:8.08e+00 diff_O:1.28e+00 hm_H:2.89e+00 hm_O:2.26e+00 vert:5.63e-01 joint:6.14e-01 mano_pose:6.08e-02 mano_shape:2.50e-02 force:8.80e-02 gravity:5.51e-02 torque:2.93e-02 supervised:6.01e-02 CoM:3.87e-02 total:1.60e+01
2026-04-16 08:41:48,034 
[5500/6273]| Loss diff_H:8.23e+00 diff_O:1.20e+00 hm_H:2.59e+00 hm_O:2.08e+00 vert:3.68e-01 joint:3.97e-01 mano_pose:6.60e-02 mano_shape:1.58e-02 force:9.96e-02 gravity:5.80e-02 torque:3.48e-02 supervised:6.12e-02 CoM:2.42e-02 total:1.52e+01
2026-04-16 08:44:06,151 
[6000/6273]| Loss diff_H:7.78e+00 diff_O:1.31e+00 hm_H:2.67e+00 hm_O:2.21e+00 vert:4.01e-01 joint:4.32e-01 mano_pose:5.29e-02 mano_shape:8.88e-03 force:7.23e-02 gravity:4.42e-02 torque:2.75e-02 supervised:6.23e-02 CoM:3.76e-02 total:1.51e+01
2026-04-16 08:45:21,737 
Evaluation on subtest dataset: 13128
2026-04-16 09:13:54,433 
Hand Evaluation: 13128 samples
2026-04-16 09:13:54,738 
regression: 
         MJE PA_MJE MJE_0 MJE_1 MJE_2  ... MJE_16 MJE_17 MJE_18 MJE_19 MJE_20
right  12.07   5.41  0.00  4.59  7.93  ...  18.91   8.93  11.45  14.02  18.75
left   12.30   5.19  0.00  4.80  8.24  ...  18.22   9.52  12.26  14.53  18.47
both   12.18   5.30  0.00  4.69  8.09  ...  18.56   9.22  11.85  14.27  18.61

[3 rows x 23 columns]
2026-04-16 09:13:54,748 
one_candidate: 
         MJE PA_MJE MJE_0 MJE_1  MJE_2  ... MJE_16 MJE_17 MJE_18 MJE_19 MJE_20
right  20.39   7.90  0.00  7.59  13.59  ...  30.60  15.07  18.97  22.70  29.25
left   20.28   7.65  0.00  7.70  13.69  ...  29.74  15.25  19.41  23.05  29.23
both   20.34   7.77  0.00  7.64  13.64  ...  30.18  15.16  19.19  22.87  29.24

[3 rows x 23 columns]
2026-04-16 09:13:54,757 
mean_candidate_mano: 
         MJE PA_MJE MJE_0 MJE_1 MJE_2  ... MJE_16 MJE_17 MJE_18 MJE_19 MJE_20
right  10.62   5.54  0.00  4.27  7.28  ...  17.66   8.18  10.33  12.76  17.22
left   10.78   5.37  0.00  4.47  7.57  ...  16.79   8.55  10.89  13.01  16.91
both   10.70   5.46  0.00  4.37  7.43  ...  17.23   8.36  10.61  12.89  17.06

[3 rows x 23 columns]
2026-04-16 09:13:55,038 
Object Evaluation: 13128 samples 
Mean Pose: 
                          MCE   MCE2    OCE  ...  ADD01d ADDS01d    REP
002_master_chef_can     61.34  22.91  21.75  ...  31.81%  89.54%  21.49
003_cracker_box         31.90  27.54  25.89  ...  64.30%  93.63%   9.34
004_sugar_box           36.23  27.06  24.29  ...  52.55%  86.19%  10.80
005_tomato_soup_can     43.97  24.36  22.89  ...  22.65%  79.71%  14.81
006_mustard_bottle      31.59  20.74  19.10  ...  63.57%  93.80%  10.05
007_tuna_fish_can       50.72  22.72  21.90  ...  16.90%  74.96%  16.81
008_pudding_box         45.20  34.50  32.62  ...  46.88%  80.26%  14.85
009_gelatin_box         35.66  27.87  26.47  ...  31.31%  75.68%  10.39
010_potted_meat_can     39.41  22.81  21.16  ...  32.70%  82.03%  14.10
011_banana              60.34  34.26  27.17  ...  39.85%  77.76%  16.78
019_pitcher_base        56.54  38.15  35.90  ...  56.54%  89.77%  18.01
021_bleach_cleanser     47.81  29.11  24.53  ...  60.80%  90.90%  15.83
024_bowl               118.50  24.16  22.48  ...  20.19%  87.85%  36.94
025_mug                 48.62  23.62  22.92  ...  34.16%  87.02%  13.97
035_power_drill         43.35  31.39  29.02  ...  57.12%  88.42%  12.59
036_wood_block         137.20  33.08  27.09  ...   5.27%  86.99%  56.45
037_scissors            68.80  38.17  31.37  ...  28.08%  71.62%  16.24
040_large_marker        40.33  28.52  24.57  ...  10.11%  60.96%  11.68
052_extra_large_clamp  115.92  37.48  27.80  ...  25.15%  84.15%  28.54
061_foam_brick          63.53  27.33  25.65  ...   7.77%  64.82%  23.51
average_instance        58.38  28.79  25.74  ...  35.60%  82.32%  18.46

[21 rows x 8 columns]
2026-04-16 09:13:57,236 
Epoch: 17/100 | Learning Rate: 9.992e-05
2026-04-16 09:14:00,489 
[0000/6273]| Loss diff_H:8.29e+00 diff_O:1.35e+00 hm_H:2.54e+00 hm_O:2.22e+00 vert:2.89e-01 joint:3.09e-01 mano_pose:4.93e-02 mano_shape:1.68e-02 force:1.06e-01 gravity:5.17e-02 torque:3.97e-02 supervised:7.02e-02 CoM:2.71e-02 total:1.54e+01
2026-04-16 09:21:12,441 
[0500/6273]| Loss diff_H:7.87e+00 diff_O:1.31e+00 hm_H:2.59e+00 hm_O:2.12e+00 vert:3.07e-01 joint:3.31e-01 mano_pose:6.03e-02 mano_shape:1.94e-02 force:1.57e-01 gravity:1.02e-01 torque:3.71e-02 supervised:9.37e-02 CoM:2.03e-02 total:1.50e+01
2026-04-16 09:23:34,140 
[1000/6273]| Loss diff_H:7.47e+00 diff_O:1.25e+00 hm_H:2.45e+00 hm_O:2.32e+00 vert:2.63e-01 joint:2.84e-01 mano_pose:4.14e-02 mano_shape:1.91e-02 force:7.13e-02 gravity:3.83e-02 torque:2.60e-02 supervised:4.86e-02 CoM:3.42e-02 total:1.43e+01
2026-04-16 09:25:52,244 
[1500/6273]| Loss diff_H:8.04e+00 diff_O:1.24e+00 hm_H:2.60e+00 hm_O:2.16e+00 vert:5.68e-01 joint:6.19e-01 mano_pose:7.65e-02 mano_shape:2.05e-02 force:1.10e-01 gravity:5.72e-02 torque:3.37e-02 supervised:5.69e-02 CoM:2.09e-02 total:1.56e+01
2026-04-16 09:28:10,222 
[2000/6273]| Loss diff_H:8.65e+00 diff_O:1.31e+00 hm_H:2.85e+00 hm_O:2.30e+00 vert:3.15e-01 joint:3.42e-01 mano_pose:7.88e-02 mano_shape:7.82e-03 force:8.22e-02 gravity:4.09e-02 torque:3.77e-02 supervised:6.89e-02 CoM:2.21e-02 total:1.61e+01
2026-04-16 09:30:28,366 
[2500/6273]| Loss diff_H:7.79e+00 diff_O:1.30e+00 hm_H:2.56e+00 hm_O:2.16e+00 vert:3.11e-01 joint:3.37e-01 mano_pose:4.60e-02 mano_shape:1.21e-02 force:1.03e-01 gravity:6.10e-02 torque:2.31e-02 supervised:6.29e-02 CoM:2.26e-02 total:1.48e+01
2026-04-16 09:32:46,502 
[3000/6273]| Loss diff_H:7.81e+00 diff_O:1.15e+00 hm_H:2.52e+00 hm_O:2.19e+00 vert:3.01e-01 joint:3.25e-01 mano_pose:5.19e-02 mano_shape:1.89e-02 force:1.01e-01 gravity:5.50e-02 torque:3.05e-02 supervised:6.94e-02 CoM:2.23e-02 total:1.46e+01
2026-04-16 09:35:04,673 
[3500/6273]| Loss diff_H:7.50e+00 diff_O:1.15e+00 hm_H:2.48e+00 hm_O:2.22e+00 vert:2.24e-01 joint:2.40e-01 mano_pose:4.59e-02 mano_shape:1.02e-02 force:7.07e-02 gravity:3.43e-02 torque:3.81e-02 supervised:6.87e-02 CoM:1.88e-02 total:1.41e+01
2026-04-16 09:37:22,669 
[4000/6273]| Loss diff_H:7.77e+00 diff_O:1.21e+00 hm_H:2.70e+00 hm_O:2.13e+00 vert:5.02e-01 joint:5.43e-01 mano_pose:5.06e-02 mano_shape:2.03e-02 force:9.04e-02 gravity:5.92e-02 torque:3.43e-02 supervised:7.29e-02 CoM:3.86e-02 total:1.52e+01
2026-04-16 09:39:40,911 
[4500/6273]| Loss diff_H:8.21e+00 diff_O:1.28e+00 hm_H:2.80e+00 hm_O:2.23e+00 vert:3.63e-01 joint:3.89e-01 mano_pose:6.19e-02 mano_shape:1.47e-02 force:9.98e-02 gravity:6.06e-02 torque:3.95e-02 supervised:6.79e-02 CoM:2.93e-02 total:1.56e+01
2026-04-16 09:41:58,909 
[5000/6273]| Loss diff_H:7.81e+00 diff_O:1.24e+00 hm_H:2.67e+00 hm_O:2.27e+00 vert:2.89e-01 joint:3.11e-01 mano_pose:5.24e-02 mano_shape:2.01e-02 force:1.08e-01 gravity:6.15e-02 torque:3.40e-02 supervised:8.18e-02 CoM:2.67e-02 total:1.50e+01
2026-04-16 09:44:17,000 
[5500/6273]| Loss diff_H:7.66e+00 diff_O:1.25e+00 hm_H:2.53e+00 hm_O:2.23e+00 vert:4.42e-01 joint:4.78e-01 mano_pose:5.77e-02 mano_shape:1.62e-02 force:7.92e-02 gravity:2.89e-02 torque:2.88e-02 supervised:6.54e-02 CoM:2.73e-02 total:1.49e+01
2026-04-16 09:46:35,114 
[6000/6273]| Loss diff_H:8.69e+00 diff_O:1.33e+00 hm_H:2.71e+00 hm_O:2.18e+00 vert:2.63e-01 joint:2.84e-01 mano_pose:6.16e-02 mano_shape:2.51e-02 force:6.72e-02 gravity:2.21e-02 torque:4.95e-02 supervised:6.89e-02 CoM:2.13e-02 total:1.58e+01
2026-04-16 09:47:51,268 
Evaluation on subtest dataset: 13128
2026-04-16 10:00:02,668 
Hand Evaluation: 13128 samples
2026-04-16 10:00:02,687 
regression: 
         MJE PA_MJE MJE_0 MJE_1 MJE_2  ... MJE_16 MJE_17 MJE_18 MJE_19 MJE_20
right  11.68   5.36  0.00  4.43  7.74  ...  18.23   8.65  11.02  13.42  17.99
left   12.09   5.14  0.00  4.75  8.18  ...  17.85   9.37  12.02  14.26  18.18
both   11.88   5.25  0.00  4.59  7.96  ...  18.04   9.01  11.52  13.84  18.08

[3 rows x 23 columns]
2026-04-16 10:00:02,694 
one_candidate: 
         MJE PA_MJE MJE_0 MJE_1  MJE_2  ... MJE_16 MJE_17 MJE_18 MJE_19 MJE_20
right  19.47   7.71  0.00  7.20  12.99  ...  29.26  14.34  18.03  21.57  27.88
left   19.69   7.45  0.00  7.57  13.43  ...  28.70  14.87  18.94  22.34  28.19
both   19.58   7.58  0.00  7.38  13.21  ...  28.98  14.60  18.48  21.95  28.04

[3 rows x 23 columns]
2026-04-16 10:00:02,700 
mean_candidate_mano: 
         MJE PA_MJE MJE_0 MJE_1 MJE_2  ... MJE_16 MJE_17 MJE_18 MJE_19 MJE_20
right  10.55   5.56  0.00  4.15  7.13  ...  17.56   8.11  10.26  12.69  17.20
left   10.83   5.37  0.00  4.44  7.50  ...  16.79   8.59  10.94  13.05  16.97
both   10.69   5.46  0.00  4.29  7.32  ...  17.18   8.35  10.60  12.87  17.08

[3 rows x 23 columns]
2026-04-16 10:00:02,822 
Object Evaluation: 13128 samples 
Mean Pose: 
                          MCE   MCE2    OCE  ...  ADD01d ADDS01d    REP
002_master_chef_can     57.23  22.73  21.70  ...  36.08%  89.69%  20.12
003_cracker_box         31.05  26.10  24.51  ...  70.67%  93.63%   8.75
004_sugar_box           35.54  25.83  22.87  ...  55.11%  88.89%  10.60
005_tomato_soup_can     45.93  24.22  22.94  ...  18.38%  77.50%  15.65
006_mustard_bottle      30.68  20.81  19.18  ...  65.89%  91.47%   9.82
007_tuna_fish_can       51.43  22.80  21.97  ...  15.51%  76.96%  17.15
008_pudding_box         45.70  36.00  34.40  ...  46.59%  79.54%  14.33
009_gelatin_box         36.61  28.26  26.81  ...  33.59%  75.23%  10.40
010_potted_meat_can     39.18  22.82  21.19  ...  33.73%  81.15%  14.08
011_banana              57.71  31.19  24.73  ...  44.03%  78.66%  15.97
019_pitcher_base        58.16  40.52  38.61  ...  54.14%  89.02%  18.28
021_bleach_cleanser     46.35  29.10  24.64  ...  61.73%  90.90%  14.73
024_bowl               120.00  23.26  22.05  ...  21.61%  89.59%  37.62
025_mug                 49.87  23.69  23.06  ...  34.00%  86.09%  14.02
035_power_drill         41.59  31.12  28.82  ...  59.94%  88.58%  11.85
036_wood_block         137.27  33.61  27.97  ...   6.10%  84.84%  55.78
037_scissors            66.39  37.01  30.33  ...  31.08%  73.42%  15.85
040_large_marker        38.83  27.23  23.33  ...  12.91%  63.14%  11.29
052_extra_large_clamp  108.60  38.14  28.85  ...  28.81%  82.77%  27.23
061_foam_brick          61.37  27.28  25.70  ...   8.56%  63.87%  22.25
average_instance        57.51  28.59  25.70  ...  37.14%  82.27%  18.09

[21 rows x 8 columns]
2026-04-16 10:00:03,151 
Epoch: 18/100 | Learning Rate: 9.592e-05
2026-04-16 10:00:05,365 
[0000/6273]| Loss diff_H:8.05e+00 diff_O:1.28e+00 hm_H:2.35e+00 hm_O:2.02e+00 vert:2.05e-01 joint:2.22e-01 mano_pose:4.37e-02 mano_shape:1.39e-02 force:8.24e-02 gravity:3.15e-02 torque:3.51e-02 supervised:4.97e-02 CoM:1.91e-02 total:1.44e+01
2026-04-16 10:02:23,587 
[0500/6273]| Loss diff_H:7.71e+00 diff_O:1.20e+00 hm_H:2.72e+00 hm_O:2.16e+00 vert:4.10e-01 joint:4.46e-01 mano_pose:6.33e-02 mano_shape:2.29e-02 force:7.28e-02 gravity:3.98e-02 torque:3.04e-02 supervised:4.23e-02 CoM:3.93e-02 total:1.50e+01
2026-04-16 10:04:41,778 
[1000/6273]| Loss diff_H:9.46e+00 diff_O:1.19e+00 hm_H:2.68e+00 hm_O:2.16e+00 vert:3.59e-01 joint:3.88e-01 mano_pose:6.55e-02 mano_shape:2.30e-02 force:1.15e-01 gravity:5.40e-02 torque:4.71e-02 supervised:6.20e-02 CoM:3.26e-02 total:1.66e+01
2026-04-16 10:06:59,956 
[1500/6273]| Loss diff_H:7.30e+00 diff_O:1.14e+00 hm_H:2.82e+00 hm_O:2.10e+00 vert:3.99e-01 joint:4.35e-01 mano_pose:5.61e-02 mano_shape:1.80e-02 force:1.26e-01 gravity:7.95e-02 torque:4.95e-02 supervised:9.90e-02 CoM:1.95e-02 total:1.46e+01
2026-04-16 10:09:18,211 
[2000/6273]| Loss diff_H:7.83e+00 diff_O:1.21e+00 hm_H:2.58e+00 hm_O:2.04e+00 vert:2.45e-01 joint:2.65e-01 mano_pose:4.41e-02 mano_shape:1.62e-02 force:5.46e-02 gravity:1.85e-02 torque:3.45e-02 supervised:6.74e-02 CoM:3.06e-02 total:1.44e+01
2026-04-16 10:11:36,281 
[2500/6273]| Loss diff_H:7.81e+00 diff_O:1.28e+00 hm_H:2.58e+00 hm_O:2.12e+00 vert:3.69e-01 joint:3.94e-01 mano_pose:6.89e-02 mano_shape:1.20e-02 force:1.22e-01 gravity:5.70e-02 torque:3.33e-02 supervised:9.00e-02 CoM:2.35e-02 total:1.50e+01
2026-04-16 10:13:54,551 
[3000/6273]| Loss diff_H:7.93e+00 diff_O:1.27e+00 hm_H:2.57e+00 hm_O:2.13e+00 vert:3.09e-01 joint:3.35e-01 mano_pose:5.51e-02 mano_shape:1.32e-02 force:1.14e-01 gravity:7.12e-02 torque:4.18e-02 supervised:6.62e-02 CoM:3.10e-02 total:1.49e+01
2026-04-16 10:16:12,700 
[3500/6273]| Loss diff_H:8.50e+00 diff_O:1.28e+00 hm_H:2.80e+00 hm_O:2.14e+00 vert:2.99e-01 joint:3.24e-01 mano_pose:5.73e-02 mano_shape:1.29e-02 force:8.05e-02 gravity:4.03e-02 torque:3.34e-02 supervised:7.38e-02 CoM:2.57e-02 total:1.57e+01
2026-04-16 10:18:30,770 
[4000/6273]| Loss diff_H:7.81e+00 diff_O:1.25e+00 hm_H:2.65e+00 hm_O:2.29e+00 vert:3.42e-01 joint:3.66e-01 mano_pose:6.16e-02 mano_shape:1.08e-02 force:1.14e-01 gravity:7.15e-02 torque:4.76e-02 supervised:8.69e-02 CoM:2.24e-02 total:1.51e+01
2026-04-16 10:20:49,183 
[4500/6273]| Loss diff_H:6.94e+00 diff_O:1.15e+00 hm_H:2.70e+00 hm_O:2.16e+00 vert:3.38e-01 joint:3.66e-01 mano_pose:5.63e-02 mano_shape:1.69e-02 force:7.77e-02 gravity:5.15e-02 torque:3.70e-02 supervised:6.96e-02 CoM:2.18e-02 total:1.40e+01
2026-04-16 10:23:07,336 
[5000/6273]| Loss diff_H:8.12e+00 diff_O:1.20e+00 hm_H:2.55e+00 hm_O:2.19e+00 vert:2.58e-01 joint:2.81e-01 mano_pose:5.18e-02 mano_shape:1.22e-02 force:1.16e-01 gravity:6.98e-02 torque:4.03e-02 supervised:1.01e-01 CoM:1.48e-02 total:1.50e+01
2026-04-16 10:25:25,565 
[5500/6273]| Loss diff_H:7.38e+00 diff_O:1.34e+00 hm_H:2.58e+00 hm_O:2.23e+00 vert:3.03e-01 joint:3.26e-01 mano_pose:4.14e-02 mano_shape:1.61e-02 force:9.98e-02 gravity:5.34e-02 torque:3.85e-02 supervised:6.03e-02 CoM:3.78e-02 total:1.45e+01
2026-04-16 10:27:43,668 
[6000/6273]| Loss diff_H:8.29e+00 diff_O:1.48e+00 hm_H:2.96e+00 hm_O:2.16e+00 vert:4.49e-01 joint:4.81e-01 mano_pose:5.24e-02 mano_shape:2.43e-02 force:1.14e-01 gravity:7.47e-02 torque:3.38e-02 supervised:6.67e-02 CoM:4.62e-02 total:1.62e+01
2026-04-16 10:28:59,170 
Evaluation on subtest dataset: 13128
2026-04-16 10:37:41,342 
Hand Evaluation: 13128 samples
2026-04-16 10:37:41,360 
regression: 
         MJE PA_MJE MJE_0 MJE_1 MJE_2  ... MJE_16 MJE_17 MJE_18 MJE_19 MJE_20
right  11.98   5.40  0.00  4.48  7.75  ...  18.83   8.96  11.42  13.88  18.47
left   12.25   5.16  0.00  4.80  8.29  ...  17.93   9.44  12.11  14.31  18.13
both   12.11   5.28  0.00  4.64  8.02  ...  18.38   9.20  11.76  14.10  18.30

[3 rows x 23 columns]
2026-04-16 10:37:41,367 
one_candidate: 
         MJE PA_MJE MJE_0 MJE_1  MJE_2  ... MJE_16 MJE_17 MJE_18 MJE_19 MJE_20
right  19.84   7.79  0.00  7.21  12.92  ...  30.14  14.71  18.51  22.04  28.30
left   20.07   7.50  0.00  7.60  13.52  ...  29.34  15.24  19.38  22.86  28.77
both   19.95   7.65  0.00  7.40  13.22  ...  29.74  14.97  18.94  22.45  28.53

[3 rows x 23 columns]
2026-04-16 10:37:41,373 
mean_candidate_mano: 
         MJE PA_MJE MJE_0 MJE_1 MJE_2  ... MJE_16 MJE_17 MJE_18 MJE_19 MJE_20
right  10.64   5.54  0.00  4.12  7.05  ...  17.62   8.28  10.40  12.78  17.17
left   10.78   5.35  0.00  4.54  7.68  ...  16.45   8.59  10.84  12.91  16.79
both   10.71   5.45  0.00  4.33  7.37  ...  17.04   8.43  10.62  12.84  16.98

[3 rows x 23 columns]
2026-04-16 10:37:41,495 
Object Evaluation: 13128 samples 
Mean Pose: 
                          MCE   MCE2    OCE  ...  ADD01d ADDS01d    REP
002_master_chef_can     57.29  23.38  22.39  ...  35.35%  89.10%  20.11
003_cracker_box         31.93  27.06  25.61  ...  66.52%  93.33%   9.32
004_sugar_box           35.99  25.92  23.43  ...  54.65%  89.49%  10.67
005_tomato_soup_can     44.38  24.24  22.95  ...  20.88%  79.12%  15.38
006_mustard_bottle      29.98  21.15  19.60  ...  66.51%  92.56%   9.47
007_tuna_fish_can       50.78  23.01  22.32  ...  15.05%  74.65%  16.78
008_pudding_box         46.49  35.54  33.82  ...  43.69%  81.28%  15.52
009_gelatin_box         36.84  28.46  26.90  ...  31.76%  74.01%  11.19
010_potted_meat_can     37.44  22.30  20.76  ...  37.26%  82.92%  13.34
011_banana              57.48  32.55  25.70  ...  42.09%  79.55%  16.17
019_pitcher_base        58.06  37.74  35.56  ...  56.39%  89.47%  18.61
021_bleach_cleanser     47.71  29.82  25.16  ...  58.80%  89.66%  15.67
024_bowl               119.47  24.39  22.88  ...  19.40%  87.54%  37.70
025_mug                 51.70  24.25  23.95  ...  29.83%  85.47%  14.90
035_power_drill         44.80  31.85  29.64  ...  57.90%  88.58%  12.61
036_wood_block         138.12  34.68  28.63  ...   3.95%  82.37%  57.19
037_scissors            65.33  36.13  29.53  ...  31.53%  72.07%  15.57
040_large_marker        39.15  26.99  23.16  ...  10.11%  63.14%  11.74
052_extra_large_clamp  110.70  38.24  28.63  ...  28.96%  82.32%  27.37
061_foam_brick          64.14  27.14  25.51  ...   9.83%  66.56%  23.86
average_instance        57.90  28.74  25.82  ...  36.26%  82.20%  18.45

[21 rows x 8 columns]
2026-04-16 10:37:41,817 
Epoch: 19/100 | Learning Rate: 9.208e-05
2026-04-16 10:37:43,937 
[0000/6273]| Loss diff_H:7.26e+00 diff_O:1.06e+00 hm_H:2.54e+00 hm_O:2.04e+00 vert:3.16e-01 joint:3.41e-01 mano_pose:4.70e-02 mano_shape:1.90e-02 force:1.16e-01 gravity:7.53e-02 torque:3.03e-02 supervised:6.45e-02 CoM:1.61e-02 total:1.39e+01
2026-04-16 10:40:02,093 
[0500/6273]| Loss diff_H:8.00e+00 diff_O:1.09e+00 hm_H:2.50e+00 hm_O:2.06e+00 vert:2.20e-01 joint:2.38e-01 mano_pose:4.08e-02 mano_shape:1.29e-02 force:7.97e-02 gravity:3.52e-02 torque:3.33e-02 supervised:7.97e-02 CoM:1.32e-02 total:1.44e+01
2026-04-16 10:42:20,169 
[1000/6273]| Loss diff_H:7.15e+00 diff_O:1.07e+00 hm_H:2.35e+00 hm_O:2.04e+00 vert:2.37e-01 joint:2.56e-01 mano_pose:4.58e-02 mano_shape:1.50e-02 force:8.17e-02 gravity:4.82e-02 torque:3.48e-02 supervised:6.18e-02 CoM:1.40e-02 total:1.34e+01
2026-04-16 10:44:38,178 
[1500/6273]| Loss diff_H:7.90e+00 diff_O:1.11e+00 hm_H:2.45e+00 hm_O:2.12e+00 vert:2.23e-01 joint:2.41e-01 mano_pose:4.31e-02 mano_shape:9.44e-03 force:9.90e-02 gravity:5.48e-02 torque:4.77e-02 supervised:7.09e-02 CoM:1.73e-02 total:1.44e+01
2026-04-16 10:46:56,380 
[2000/6273]| Loss diff_H:7.35e+00 diff_O:1.19e+00 hm_H:2.52e+00 hm_O:2.13e+00 vert:2.69e-01 joint:2.88e-01 mano_pose:4.11e-02 mano_shape:1.26e-02 force:1.81e-01 gravity:1.33e-01 torque:3.04e-02 supervised:8.63e-02 CoM:3.23e-02 total:1.43e+01
2026-04-16 10:49:14,285 
[2500/6273]| Loss diff_H:7.42e+00 diff_O:1.32e+00 hm_H:2.49e+00 hm_O:2.09e+00 vert:2.97e-01 joint:3.23e-01 mano_pose:5.14e-02 mano_shape:1.63e-02 force:8.66e-02 gravity:3.47e-02 torque:3.90e-02 supervised:5.72e-02 CoM:2.30e-02 total:1.43e+01
2026-04-16 10:51:32,515 
[3000/6273]| Loss diff_H:7.51e+00 diff_O:1.19e+00 hm_H:2.73e+00 hm_O:2.16e+00 vert:3.91e-01 joint:4.21e-01 mano_pose:5.26e-02 mano_shape:2.06e-02 force:1.04e-01 gravity:6.14e-02 torque:3.21e-02 supervised:6.45e-02 CoM:3.01e-02 total:1.48e+01
2026-04-16 10:53:50,576 
[3500/6273]| Loss diff_H:6.92e+00 diff_O:1.23e+00 hm_H:2.48e+00 hm_O:2.24e+00 vert:2.40e-01 joint:2.57e-01 mano_pose:4.56e-02 mano_shape:1.74e-02 force:1.37e-01 gravity:8.97e-02 torque:3.16e-02 supervised:8.92e-02 CoM:2.00e-02 total:1.38e+01
2026-04-16 10:56:08,806 
[4000/6273]| Loss diff_H:7.43e+00 diff_O:1.04e+00 hm_H:2.63e+00 hm_O:1.95e+00 vert:3.27e-01 joint:3.53e-01 mano_pose:4.36e-02 mano_shape:2.10e-02 force:1.21e-01 gravity:8.16e-02 torque:2.59e-02 supervised:6.03e-02 CoM:2.08e-02 total:1.41e+01
2026-04-16 10:58:26,907 
[4500/6273]| Loss diff_H:7.20e+00 diff_O:1.14e+00 hm_H:2.52e+00 hm_O:2.08e+00 vert:2.89e-01 joint:3.14e-01 mano_pose:4.85e-02 mano_shape:1.92e-02 force:1.13e-01 gravity:7.03e-02 torque:2.77e-02 supervised:6.83e-02 CoM:2.77e-02 total:1.39e+01
2026-04-16 11:00:45,062 
[5000/6273]| Loss diff_H:7.36e+00 diff_O:1.20e+00 hm_H:2.59e+00 hm_O:1.98e+00 vert:2.48e-01 joint:2.69e-01 mano_pose:4.29e-02 mano_shape:1.46e-02 force:1.19e-01 gravity:7.65e-02 torque:3.84e-02 supervised:6.91e-02 CoM:2.15e-02 total:1.40e+01
2026-04-16 11:03:03,502 
[5500/6273]| Loss diff_H:7.24e+00 diff_O:1.21e+00 hm_H:2.61e+00 hm_O:2.07e+00 vert:2.56e-01 joint:2.77e-01 mano_pose:5.25e-02 mano_shape:1.96e-02 force:1.26e-01 gravity:7.35e-02 torque:3.96e-02 supervised:1.02e-01 CoM:2.34e-02 total:1.41e+01
2026-04-16 11:05:21,558 
[6000/6273]| Loss diff_H:7.84e+00 diff_O:1.13e+00 hm_H:2.50e+00 hm_O:2.09e+00 vert:3.43e-01 joint:3.71e-01 mano_pose:7.96e-02 mano_shape:2.44e-02 force:1.68e-01 gravity:1.17e-01 torque:3.73e-02 supervised:7.65e-02 CoM:3.39e-02 total:1.48e+01
2026-04-16 11:06:36,943 
Evaluation on subtest dataset: 13128
2026-04-16 11:15:31,649 
Hand Evaluation: 13128 samples
2026-04-16 11:15:31,663 
regression: 
         MJE PA_MJE MJE_0 MJE_1 MJE_2  ... MJE_16 MJE_17 MJE_18 MJE_19 MJE_20
right  12.11   5.40  0.00  4.52  7.82  ...  19.15   9.02  11.50  14.02  18.68
left   12.44   5.15  0.00  4.81  8.24  ...  18.51   9.64  12.37  14.62  18.55
both   12.28   5.28  0.00  4.67  8.03  ...  18.83   9.33  11.94  14.32  18.62

[3 rows x 23 columns]
2026-04-16 11:15:31,670 
one_candidate: 
         MJE PA_MJE MJE_0 MJE_1  MJE_2  ... MJE_16 MJE_17 MJE_18 MJE_19 MJE_20
right  19.41   7.69  0.00  7.12  12.75  ...  29.68  14.38  18.15  21.82  28.39
left   19.57   7.46  0.00  7.36  13.13  ...  28.99  14.70  18.84  22.49  28.71
both   19.49   7.58  0.00  7.24  12.94  ...  29.34  14.54  18.49  22.16  28.55

[3 rows x 23 columns]
2026-04-16 11:15:31,676 
mean_candidate_mano: 
         MJE PA_MJE MJE_0 MJE_1 MJE_2  ... MJE_16 MJE_17 MJE_18 MJE_19 MJE_20
right  10.61   5.50  0.00  4.23  7.21  ...  17.60   8.24  10.31  12.64  17.00
left   10.76   5.33  0.00  4.45  7.46  ...  16.68   8.58  10.87  12.89  16.73
both   10.68   5.41  0.00  4.34  7.34  ...  17.14   8.41  10.59  12.77  16.87

[3 rows x 23 columns]
2026-04-16 11:15:31,793 
Object Evaluation: 13128 samples 
Mean Pose: 
                          MCE   MCE2    OCE  ...  ADD01d ADDS01d    REP
002_master_chef_can     62.16  23.08  21.92  ...  34.02%  89.84%  21.84
003_cracker_box         29.50  25.50  24.02  ...  70.37%  93.93%   8.32
004_sugar_box           36.60  26.03  23.50  ...  53.45%  86.04%  10.98
005_tomato_soup_can     45.76  24.44  23.31  ...  18.82%  76.03%  15.54
006_mustard_bottle      30.84  21.53  19.73  ...  64.03%  92.71%   9.83
007_tuna_fish_can       52.68  23.41  22.69  ...  14.75%  74.65%  17.57
008_pudding_box         46.49  36.16  34.46  ...  43.40%  78.96%  14.82
009_gelatin_box         37.12  28.09  26.65  ...  31.31%  74.62%  10.86
010_potted_meat_can     36.72  22.42  20.97  ...  37.56%  84.24%  13.25
011_banana              58.03  33.15  26.05  ...  38.96%  79.10%  15.82
019_pitcher_base        59.46  40.09  38.09  ...  50.68%  87.82%  18.24
021_bleach_cleanser     47.47  28.86  25.18  ...  59.41%  91.20%  15.98
024_bowl               115.98  23.65  22.26  ...  22.24%  91.01%  35.96
025_mug                 49.85  24.25  23.66  ...  29.68%  85.47%  13.95
035_power_drill         42.71  32.54  30.01  ...  57.90%  86.70%  12.21
036_wood_block         138.22  33.88  28.62  ...   5.11%  86.00%  56.78
037_scissors            64.57  37.15  30.54  ...  30.33%  70.87%  16.26
040_large_marker        41.18  28.61  25.12  ...  10.11%  63.14%  11.82
052_extra_large_clamp  108.27  36.58  27.28  ...  30.49%  82.77%  27.87
061_foam_brick          62.61  27.62  26.18  ...   8.40%  64.50%  22.74
average_instance        57.84  28.85  26.02  ...  35.77%  81.99%  18.33

[21 rows x 8 columns]
2026-04-16 11:15:32,124 
Epoch: 20/100 | Learning Rate: 8.840e-05
2026-04-16 11:15:34,382 
[0000/6273]| Loss diff_H:6.96e+00 diff_O:1.18e+00 hm_H:2.52e+00 hm_O:2.02e+00 vert:1.93e-01 joint:2.06e-01 mano_pose:3.92e-02 mano_shape:8.12e-03 force:1.12e-01 gravity:7.64e-02 torque:3.52e-02 supervised:9.42e-02 CoM:1.93e-02 total:1.35e+01
2026-04-16 11:17:52,258 
[0500/6273]| Loss diff_H:7.46e+00 diff_O:1.23e+00 hm_H:2.41e+00 hm_O:1.99e+00 vert:2.49e-01 joint:2.66e-01 mano_pose:3.85e-02 mano_shape:1.62e-02 force:1.13e-01 gravity:6.56e-02 torque:3.10e-02 supervised:7.06e-02 CoM:3.08e-02 total:1.40e+01
2026-04-16 11:20:10,325 
[1000/6273]| Loss diff_H:7.57e+00 diff_O:1.10e+00 hm_H:2.55e+00 hm_O:2.06e+00 vert:2.07e-01 joint:2.23e-01 mano_pose:4.24e-02 mano_shape:9.59e-03 force:1.08e-01 gravity:6.58e-02 torque:3.59e-02 supervised:7.21e-02 CoM:1.67e-02 total:1.41e+01
2026-04-16 11:22:28,566 
[1500/6273]| Loss diff_H:6.90e+00 diff_O:1.05e+00 hm_H:2.32e+00 hm_O:2.11e+00 vert:2.55e-01 joint:2.77e-01 mano_pose:4.44e-02 mano_shape:1.19e-02 force:1.10e-01 gravity:6.44e-02 torque:2.37e-02 supervised:7.94e-02 CoM:2.43e-02 total:1.33e+01
2026-04-16 11:24:46,661 
[2000/6273]| Loss diff_H:7.76e+00 diff_O:1.20e+00 hm_H:2.70e+00 hm_O:2.21e+00 vert:3.06e-01 joint:3.29e-01 mano_pose:5.37e-02 mano_shape:1.43e-02 force:1.13e-01 gravity:6.51e-02 torque:3.12e-02 supervised:6.31e-02 CoM:2.09e-02 total:1.49e+01
2026-04-16 11:27:04,840 
[2500/6273]| Loss diff_H:7.07e+00 diff_O:1.02e+00 hm_H:2.58e+00 hm_O:1.92e+00 vert:2.30e-01 joint:2.47e-01 mano_pose:4.52e-02 mano_shape:1.30e-02 force:6.58e-02 gravity:3.40e-02 torque:3.34e-02 supervised:6.24e-02 CoM:2.05e-02 total:1.33e+01
2026-04-16 11:29:22,996 
[3000/6273]| Loss diff_H:7.33e+00 diff_O:1.15e+00 hm_H:2.27e+00 hm_O:2.10e+00 vert:3.18e-01 joint:3.40e-01 mano_pose:5.47e-02 mano_shape:2.73e-02 force:1.17e-01 gravity:6.72e-02 torque:3.19e-02 supervised:7.71e-02 CoM:2.05e-02 total:1.39e+01
2026-04-16 11:31:41,145 
[3500/6273]| Loss diff_H:7.31e+00 diff_O:1.07e+00 hm_H:2.45e+00 hm_O:2.15e+00 vert:2.70e-01 joint:2.92e-01 mano_pose:4.55e-02 mano_shape:1.78e-02 force:1.36e-01 gravity:9.42e-02 torque:3.87e-02 supervised:8.63e-02 CoM:2.23e-02 total:1.40e+01
2026-04-16 11:33:59,200 
[4000/6273]| Loss diff_H:7.99e+00 diff_O:1.28e+00 hm_H:2.61e+00 hm_O:2.06e+00 vert:3.46e-01 joint:3.71e-01 mano_pose:4.25e-02 mano_shape:1.28e-02 force:1.38e-01 gravity:9.89e-02 torque:2.81e-02 supervised:8.08e-02 CoM:4.74e-02 total:1.51e+01
2026-04-16 11:36:17,241 
[4500/6273]| Loss diff_H:7.13e+00 diff_O:1.15e+00 hm_H:2.53e+00 hm_O:2.09e+00 vert:2.76e-01 joint:2.98e-01 mano_pose:5.51e-02 mano_shape:1.30e-02 force:1.36e-01 gravity:7.12e-02 torque:4.84e-02 supervised:7.56e-02 CoM:2.63e-02 total:1.39e+01
2026-04-16 11:38:35,390 
[5000/6273]| Loss diff_H:6.91e+00 diff_O:1.05e+00 hm_H:2.34e+00 hm_O:2.04e+00 vert:2.56e-01 joint:2.78e-01 mano_pose:4.72e-02 mano_shape:1.34e-02 force:1.02e-01 gravity:6.91e-02 torque:4.22e-02 supervised:7.46e-02 CoM:2.27e-02 total:1.33e+01
2026-04-16 11:40:53,537 
[5500/6273]| Loss diff_H:7.40e+00 diff_O:1.28e+00 hm_H:2.55e+00 hm_O:2.15e+00 vert:3.49e-01 joint:3.78e-01 mano_pose:4.33e-02 mano_shape:1.31e-02 force:4.66e-02 gravity:1.38e-02 torque:3.26e-02 supervised:5.42e-02 CoM:2.45e-02 total:1.43e+01
2026-04-16 11:43:11,511 
[6000/6273]| Loss diff_H:7.00e+00 diff_O:1.25e+00 hm_H:2.45e+00 hm_O:2.10e+00 vert:2.30e-01 joint:2.50e-01 mano_pose:3.90e-02 mano_shape:1.27e-02 force:9.10e-02 gravity:5.80e-02 torque:2.31e-02 supervised:5.16e-02 CoM:2.64e-02 total:1.36e+01
2026-04-16 11:44:27,099 
Evaluation on subtest dataset: 13128
2026-04-16 11:53:34,342 
Hand Evaluation: 13128 samples
2026-04-16 11:53:34,351 
regression: 
         MJE PA_MJE MJE_0 MJE_1 MJE_2  ... MJE_16 MJE_17 MJE_18 MJE_19 MJE_20
right  12.13   5.37  0.00  4.55  7.90  ...  18.98   9.06  11.59  14.11  18.80
left   12.31   5.16  0.00  4.79  8.33  ...  18.14   9.49  12.22  14.48  18.40
both   12.22   5.27  0.00  4.67  8.12  ...  18.56   9.28  11.90  14.29  18.61

[3 rows x 23 columns]
2026-04-16 11:53:34,358 
one_candidate: 
         MJE PA_MJE MJE_0 MJE_1  MJE_2  ... MJE_16 MJE_17 MJE_18 MJE_19 MJE_20
right  19.19   7.65  0.00  7.14  12.69  ...  29.01  14.17  17.91  21.45  27.74
left   19.33   7.42  0.00  7.40  13.11  ...  28.47  14.55  18.75  22.28  28.15
both   19.26   7.53  0.00  7.27  12.90  ...  28.74  14.36  18.32  21.87  27.94

[3 rows x 23 columns]
2026-04-16 11:53:34,364 
mean_candidate_mano: 
         MJE PA_MJE MJE_0 MJE_1 MJE_2  ... MJE_16 MJE_17 MJE_18 MJE_19 MJE_20
right  10.52   5.45  0.00  4.14  7.05  ...  17.31   8.24  10.37  12.70  17.00
left   10.61   5.28  0.00  4.43  7.47  ...  16.39   8.47  10.76  12.80  16.59
both   10.56   5.36  0.00  4.29  7.26  ...  16.85   8.36  10.56  12.75  16.80

[3 rows x 23 columns]
2026-04-16 11:53:34,481 
Object Evaluation: 13128 samples 
Mean Pose: 
                          MCE   MCE2    OCE  ...  ADD01d ADDS01d    REP
002_master_chef_can     57.59  22.41  21.42  ...  35.49%  90.13%  20.54
003_cracker_box         29.93  26.19  24.83  ...  68.15%  93.33%   8.65
004_sugar_box           35.33  26.23  23.39  ...  55.41%  87.09%  10.26
005_tomato_soup_can     44.69  23.82  22.67  ...  18.82%  77.21%  15.39
006_mustard_bottle      29.71  20.19  18.61  ...  67.60%  93.33%   9.70
007_tuna_fish_can       51.02  23.19  22.44  ...  15.36%  76.80%  16.77
008_pudding_box         45.17  35.69  34.06  ...  44.70%  77.50%  14.34
009_gelatin_box         35.49  27.14  25.77  ...  33.13%  75.84%  10.16
010_potted_meat_can     37.11  21.94  20.56  ...  35.05%  82.47%  13.62
011_banana              56.45  31.10  25.22  ...  43.73%  79.85%  15.73
019_pitcher_base        54.83  37.12  35.30  ...  57.44%  89.77%  16.99
021_bleach_cleanser     46.51  28.42  24.46  ...  59.88%  91.05%  15.13
024_bowl               116.72  24.99  23.48  ...  22.24%  86.91%  36.35
025_mug                 49.49  23.22  22.64  ...  30.29%  87.94%  14.60
035_power_drill         43.77  32.30  30.14  ...  56.34%  87.17%  12.11
036_wood_block         140.65  34.73  28.97  ...   4.28%  83.03%  57.69
037_scissors            65.91  36.34  30.35  ...  29.13%  72.22%  15.40
040_large_marker        40.30  28.34  24.87  ...  11.35%  58.48%  11.34
052_extra_large_clamp  108.69  35.61  27.15  ...  30.03%  85.82%  27.54
061_foam_brick          61.79  26.18  24.59  ...  11.09%  68.78%  22.77
average_instance        57.07  28.25  25.55  ...  36.70%  82.26%  18.05

[21 rows x 8 columns]
2026-04-16 11:53:34,834 
Epoch: 21/100 | Learning Rate: 8.486e-05
2026-04-16 11:53:37,024 
[0000/6273]| Loss diff_H:7.90e+00 diff_O:1.28e+00 hm_H:2.67e+00 hm_O:1.99e+00 vert:2.66e-01 joint:2.86e-01 mano_pose:5.19e-02 mano_shape:8.89e-03 force:8.80e-02 gravity:3.93e-02 torque:3.61e-02 supervised:7.73e-02 CoM:2.84e-02 total:1.47e+01
2026-04-16 11:55:54,929 
[0500/6273]| Loss diff_H:7.65e+00 diff_O:1.24e+00 hm_H:2.58e+00 hm_O:2.13e+00 vert:2.94e-01 joint:3.13e-01 mano_pose:6.40e-02 mano_shape:1.24e-02 force:1.10e-01 gravity:6.20e-02 torque:3.47e-02 supervised:7.54e-02 CoM:2.44e-02 total:1.46e+01
2026-04-16 11:58:13,144 
[1000/6273]| Loss diff_H:7.80e+00 diff_O:1.26e+00 hm_H:2.44e+00 hm_O:2.04e+00 vert:3.17e-01 joint:3.42e-01 mano_pose:4.06e-02 mano_shape:1.64e-02 force:1.31e-01 gravity:7.31e-02 torque:3.57e-02 supervised:7.18e-02 CoM:2.92e-02 total:1.46e+01
2026-04-16 12:00:31,242 
[1500/6273]| Loss diff_H:7.08e+00 diff_O:1.13e+00 hm_H:2.33e+00 hm_O:2.05e+00 vert:1.78e-01 joint:1.93e-01 mano_pose:4.03e-02 mano_shape:1.13e-02 force:1.18e-01 gravity:6.91e-02 torque:3.95e-02 supervised:8.22e-02 CoM:1.36e-02 total:1.33e+01
2026-04-16 12:02:49,345 
[2000/6273]| Loss diff_H:6.87e+00 diff_O:1.04e+00 hm_H:2.54e+00 hm_O:2.03e+00 vert:2.66e-01 joint:2.88e-01 mano_pose:4.86e-02 mano_shape:1.28e-02 force:9.46e-02 gravity:5.39e-02 torque:3.54e-02 supervised:9.03e-02 CoM:2.43e-02 total:1.34e+01
2026-04-16 12:05:07,603 
[2500/6273]| Loss diff_H:7.44e+00 diff_O:1.28e+00 hm_H:2.26e+00 hm_O:2.05e+00 vert:2.22e-01 joint:2.40e-01 mano_pose:4.37e-02 mano_shape:1.23e-02 force:1.12e-01 gravity:5.51e-02 torque:3.51e-02 supervised:8.98e-02 CoM:1.40e-02 total:1.38e+01
2026-04-16 12:07:25,704 
[3000/6273]| Loss diff_H:7.48e+00 diff_O:1.12e+00 hm_H:2.50e+00 hm_O:1.87e+00 vert:2.32e-01 joint:2.51e-01 mano_pose:3.98e-02 mano_shape:8.57e-03 force:6.20e-02 gravity:2.75e-02 torque:2.92e-02 supervised:8.35e-02 CoM:1.90e-02 total:1.37e+01
2026-04-16 12:09:43,969 
[3500/6273]| Loss diff_H:7.06e+00 diff_O:1.11e+00 hm_H:2.45e+00 hm_O:1.96e+00 vert:2.94e-01 joint:3.18e-01 mano_pose:4.76e-02 mano_shape:2.24e-02 force:6.45e-02 gravity:3.44e-02 torque:2.89e-02 supervised:7.04e-02 CoM:2.18e-02 total:1.35e+01
2026-04-16 12:12:02,269 
[4000/6273]| Loss diff_H:7.18e+00 diff_O:1.18e+00 hm_H:2.51e+00 hm_O:1.98e+00 vert:2.62e-01 joint:2.83e-01 mano_pose:4.42e-02 mano_shape:1.28e-02 force:8.69e-02 gravity:4.20e-02 torque:3.97e-02 supervised:6.33e-02 CoM:1.39e-02 total:1.37e+01
2026-04-16 12:14:20,297 
[4500/6273]| Loss diff_H:7.56e+00 diff_O:1.21e+00 hm_H:2.45e+00 hm_O:1.96e+00 vert:3.38e-01 joint:3.62e-01 mano_pose:4.76e-02 mano_shape:1.41e-02 force:9.70e-02 gravity:5.49e-02 torque:2.78e-02 supervised:5.20e-02 CoM:2.92e-02 total:1.42e+01
2026-04-16 12:16:38,372 
[5000/6273]| Loss diff_H:7.05e+00 diff_O:1.05e+00 hm_H:2.38e+00 hm_O:2.10e+00 vert:3.09e-01 joint:3.36e-01 mano_pose:4.77e-02 mano_shape:1.03e-02 force:8.30e-02 gravity:4.55e-02 torque:3.54e-02 supervised:6.46e-02 CoM:1.68e-02 total:1.35e+01
2026-04-16 12:18:56,649 
[5500/6273]| Loss diff_H:7.20e+00 diff_O:1.16e+00 hm_H:2.29e+00 hm_O:2.14e+00 vert:2.35e-01 joint:2.50e-01 mano_pose:4.18e-02 mano_shape:1.20e-02 force:1.94e-01 gravity:1.16e-01 torque:3.76e-02 supervised:7.04e-02 CoM:2.60e-02 total:1.38e+01
2026-04-16 12:21:14,658 
[6000/6273]| Loss diff_H:7.10e+00 diff_O:1.13e+00 hm_H:2.50e+00 hm_O:2.06e+00 vert:2.61e-01 joint:2.83e-01 mano_pose:5.70e-02 mano_shape:1.07e-02 force:1.21e-01 gravity:7.02e-02 torque:3.47e-02 supervised:7.17e-02 CoM:2.20e-02 total:1.37e+01
2026-04-16 12:22:30,155 
Evaluation on subtest dataset: 13128
2026-04-16 12:31:03,452 
Hand Evaluation: 13128 samples
2026-04-16 12:31:03,467 
regression: 
         MJE PA_MJE MJE_0 MJE_1 MJE_2  ... MJE_16 MJE_17 MJE_18 MJE_19 MJE_20
right  11.84   5.34  0.00  4.46  7.68  ...  18.64   8.66  11.22  13.75  18.41
left   12.21   5.13  0.00  4.80  8.21  ...  17.99   9.36  12.11  14.40  18.34
both   12.02   5.23  0.00  4.63  7.94  ...  18.32   9.01  11.66  14.07  18.37

[3 rows x 23 columns]
2026-04-16 12:31:03,473 
one_candidate: 
         MJE PA_MJE MJE_0 MJE_1  MJE_2  ... MJE_16 MJE_17 MJE_18 MJE_19 MJE_20
right  18.92   7.53  0.00  6.92  12.47  ...  28.85  13.89  17.70  21.20  27.47
left   19.10   7.35  0.00  7.25  12.94  ...  28.18  14.21  18.30  21.87  27.94
both   19.01   7.44  0.00  7.08  12.70  ...  28.51  14.05  18.00  21.53  27.71

[3 rows x 23 columns]
2026-04-16 12:31:03,480 
mean_candidate_mano: 
         MJE PA_MJE MJE_0 MJE_1 MJE_2  ... MJE_16 MJE_17 MJE_18 MJE_19 MJE_20
right  10.38   5.40  0.00  4.07  6.94  ...  17.19   8.02  10.15  12.48  16.82
left   10.59   5.24  0.00  4.45  7.46  ...  16.28   8.40  10.66  12.69  16.53
both   10.48   5.32  0.00  4.26  7.20  ...  16.74   8.21  10.40  12.58  16.67

[3 rows x 23 columns]
2026-04-16 12:31:03,606 
Object Evaluation: 13128 samples 
Mean Pose: 
                          MCE   MCE2    OCE  ...  ADD01d ADDS01d    REP
002_master_chef_can     54.15  20.76  19.80  ...  37.56%  91.75%  19.25
003_cracker_box         31.29  25.72  24.16  ...  71.70%  94.37%   9.00
004_sugar_box           35.88  26.01  23.02  ...  54.80%  87.84%  10.65
005_tomato_soup_can     44.70  23.98  22.76  ...  18.53%  79.26%  15.36
006_mustard_bottle      30.80  20.11  18.44  ...  68.99%  93.02%  10.02
007_tuna_fish_can       51.07  23.17  22.35  ...  14.90%  75.88%  16.78
008_pudding_box         47.32  36.80  34.96  ...  45.14%  78.52%  16.16
009_gelatin_box         36.14  26.52  24.94  ...  34.95%  77.20%  10.71
010_potted_meat_can     36.21  21.45  19.90  ...  39.03%  84.98%  13.08
011_banana              59.79  32.80  25.99  ...  38.66%  77.16%  16.32
019_pitcher_base        55.63  37.38  35.43  ...  56.39%  89.32%  17.27
021_bleach_cleanser     47.89  28.18  23.65  ...  61.73%  91.05%  15.89
024_bowl               117.39  23.65  22.30  ...  21.92%  88.96%  36.95
025_mug                 47.05  22.68  21.80  ...  36.32%  86.09%  13.68
035_power_drill         41.84  31.35  29.21  ...  58.69%  88.42%  11.84
036_wood_block         140.98  32.88  27.29  ...   4.28%  86.66%  57.76
037_scissors            65.62  35.77  29.47  ...  29.88%  73.42%  15.58
040_large_marker        37.59  26.66  23.32  ...  11.82%  63.30%  11.53
052_extra_large_clamp  110.72  34.71  26.47  ...  28.20%  85.06%  27.99
061_foam_brick          59.68  25.50  23.82  ...  10.78%  67.51%  22.08
average_instance        57.11  27.81  24.97  ...  37.44%  83.01%  18.19

[21 rows x 8 columns]
2026-04-16 12:31:03,933 
Epoch: 22/100 | Learning Rate: 8.147e-05
2026-04-16 12:31:06,131 
[0000/6273]| Loss diff_H:7.28e+00 diff_O:1.08e+00 hm_H:2.46e+00 hm_O:1.97e+00 vert:2.61e-01 joint:2.79e-01 mano_pose:3.79e-02 mano_shape:1.10e-02 force:8.38e-02 gravity:4.85e-02 torque:5.42e-02 supervised:9.28e-02 CoM:1.98e-02 total:1.37e+01
2026-04-16 12:33:24,060 
[0500/6273]| Loss diff_H:7.11e+00 diff_O:1.21e+00 hm_H:2.59e+00 hm_O:2.02e+00 vert:2.85e-01 joint:3.05e-01 mano_pose:6.10e-02 mano_shape:9.16e-03 force:1.84e-01 gravity:1.05e-01 torque:2.76e-02 supervised:7.94e-02 CoM:3.32e-02 total:1.40e+01
2026-04-16 12:35:42,393 
[1000/6273]| Loss diff_H:7.32e+00 diff_O:1.10e+00 hm_H:2.52e+00 hm_O:2.01e+00 vert:2.92e-01 joint:3.15e-01 mano_pose:4.83e-02 mano_shape:5.72e-03 force:9.09e-02 gravity:4.00e-02 torque:3.36e-02 supervised:7.65e-02 CoM:3.32e-02 total:1.39e+01
2026-04-16 12:38:00,545 
[1500/6273]| Loss diff_H:6.80e+00 diff_O:1.14e+00 hm_H:2.79e+00 hm_O:2.00e+00 vert:2.95e-01 joint:3.17e-01 mano_pose:4.46e-02 mano_shape:9.84e-03 force:6.97e-02 gravity:3.37e-02 torque:3.17e-02 supervised:6.51e-02 CoM:2.11e-02 total:1.36e+01
2026-04-16 12:40:18,855 
[2000/6273]| Loss diff_H:7.16e+00 diff_O:1.14e+00 hm_H:2.54e+00 hm_O:1.93e+00 vert:2.64e-01 joint:2.86e-01 mano_pose:4.37e-02 mano_shape:1.17e-02 force:1.11e-01 gravity:7.67e-02 torque:2.60e-02 supervised:6.11e-02 CoM:1.79e-02 total:1.37e+01
2026-04-16 12:42:37,138 
[2500/6273]| Loss diff_H:7.96e+00 diff_O:1.23e+00 hm_H:2.68e+00 hm_O:2.02e+00 vert:2.61e-01 joint:2.81e-01 mano_pose:5.42e-02 mano_shape:1.10e-02 force:7.40e-02 gravity:4.21e-02 torque:4.52e-02 supervised:7.79e-02 CoM:2.74e-02 total:1.48e+01
2026-04-16 12:44:55,227 
[3000/6273]| Loss diff_H:7.04e+00 diff_O:1.24e+00 hm_H:2.47e+00 hm_O:1.98e+00 vert:2.96e-01 joint:3.16e-01 mano_pose:4.60e-02 mano_shape:1.83e-02 force:5.23e-02 gravity:2.62e-02 torque:3.22e-02 supervised:5.32e-02 CoM:3.49e-02 total:1.36e+01
2026-04-16 12:47:13,363 
[3500/6273]| Loss diff_H:6.96e+00 diff_O:1.04e+00 hm_H:2.46e+00 hm_O:1.95e+00 vert:4.07e-01 joint:4.39e-01 mano_pose:5.15e-02 mano_shape:1.71e-02 force:1.49e-01 gravity:8.73e-02 torque:4.94e-02 supervised:1.05e-01 CoM:2.02e-02 total:1.37e+01
2026-04-16 12:49:31,401 
[4000/6273]| Loss diff_H:7.52e+00 diff_O:1.15e+00 hm_H:2.56e+00 hm_O:2.12e+00 vert:3.63e-01 joint:3.88e-01 mano_pose:4.69e-02 mano_shape:1.48e-02 force:1.01e-01 gravity:6.16e-02 torque:2.68e-02 supervised:6.08e-02 CoM:2.71e-02 total:1.44e+01
2026-04-16 12:51:49,712 
[4500/6273]| Loss diff_H:7.30e+00 diff_O:1.06e+00 hm_H:2.60e+00 hm_O:2.08e+00 vert:3.41e-01 joint:3.67e-01 mano_pose:6.65e-02 mano_shape:1.47e-02 force:1.03e-01 gravity:4.31e-02 torque:5.13e-02 supervised:8.29e-02 CoM:3.33e-02 total:1.42e+01
2026-04-16 12:54:07,693 
[5000/6273]| Loss diff_H:7.62e+00 diff_O:1.01e+00 hm_H:2.54e+00 hm_O:1.95e+00 vert:2.49e-01 joint:2.69e-01 mano_pose:4.88e-02 mano_shape:1.34e-02 force:1.17e-01 gravity:5.28e-02 torque:3.39e-02 supervised:5.61e-02 CoM:2.38e-02 total:1.40e+01
2026-04-16 12:56:25,838 
[5500/6273]| Loss diff_H:7.11e+00 diff_O:1.20e+00 hm_H:2.46e+00 hm_O:2.06e+00 vert:3.49e-01 joint:3.80e-01 mano_pose:4.19e-02 mano_shape:1.43e-02 force:1.13e-01 gravity:6.43e-02 torque:3.27e-02 supervised:7.65e-02 CoM:2.46e-02 total:1.39e+01
2026-04-16 12:58:44,145 
[6000/6273]| Loss diff_H:6.64e+00 diff_O:1.15e+00 hm_H:2.33e+00 hm_O:2.05e+00 vert:2.63e-01 joint:2.86e-01 mano_pose:3.75e-02 mano_shape:1.18e-02 force:7.14e-02 gravity:4.03e-02 torque:3.61e-02 supervised:6.60e-02 CoM:2.20e-02 total:1.30e+01
2026-04-16 12:59:59,666 
Evaluation on subtest dataset: 13128
2026-04-16 13:08:35,983 
Hand Evaluation: 13128 samples
2026-04-16 13:08:36,000 
regression: 
         MJE PA_MJE MJE_0 MJE_1 MJE_2  ... MJE_16 MJE_17 MJE_18 MJE_19 MJE_20
right  11.84   5.30  0.00  4.48  7.78  ...  18.66   8.80  11.27  13.74  18.29
left   12.11   5.07  0.00  4.74  8.16  ...  17.82   9.31  12.01  14.21  18.04
both   11.98   5.18  0.00  4.61  7.97  ...  18.24   9.05  11.64  13.97  18.17

[3 rows x 23 columns]
2026-04-16 13:08:36,007 
one_candidate: 
         MJE PA_MJE MJE_0 MJE_1  MJE_2  ... MJE_16 MJE_17 MJE_18 MJE_19 MJE_20
right  18.86   7.36  0.00  6.98  12.56  ...  28.61  13.91  17.60  21.01  27.10
left   18.78   7.11  0.00  7.12  12.77  ...  27.50  14.12  17.99  21.26  26.89
both   18.82   7.23  0.00  7.05  12.66  ...  28.06  14.01  17.79  21.14  27.00

[3 rows x 23 columns]
2026-04-16 13:08:36,013 
mean_candidate_mano: 
         MJE PA_MJE MJE_0 MJE_1 MJE_2  ... MJE_16 MJE_17 MJE_18 MJE_19 MJE_20
right  10.43   5.40  0.00  4.15  7.07  ...  17.36   8.06  10.16  12.52  16.92
left   10.53   5.23  0.00  4.43  7.44  ...  16.31   8.37  10.62  12.66  16.49
both   10.48   5.32  0.00  4.29  7.26  ...  16.83   8.21  10.39  12.59  16.71

[3 rows x 23 columns]
2026-04-16 13:08:36,129 
Object Evaluation: 13128 samples 
Mean Pose: 
                          MCE   MCE2    OCE  ...  ADD01d ADDS01d    REP
002_master_chef_can     56.60  20.84  19.72  ...  39.03%  92.78%  20.26
003_cracker_box         31.36  26.53  24.89  ...  67.70%  92.44%   9.03
004_sugar_box           34.71  24.22  21.61  ...  57.81%  87.54%  10.69
005_tomato_soup_can     44.44  23.49  22.35  ...  20.44%  77.50%  15.19
006_mustard_bottle      29.96  20.01  18.39  ...  68.22%  93.80%   9.72
007_tuna_fish_can       54.21  23.09  22.33  ...  14.13%  75.58%  17.60
008_pudding_box         44.76  33.60  31.87  ...  48.48%  82.73%  14.43
009_gelatin_box         35.00  27.35  25.89  ...  35.26%  76.14%   9.60
010_potted_meat_can     37.84  22.73  21.26  ...  36.67%  81.74%  13.39
011_banana              57.24  32.47  26.16  ...  43.28%  79.70%  15.46
019_pitcher_base        55.61  37.91  35.66  ...  55.04%  88.57%  17.17
021_bleach_cleanser     47.07  28.69  25.01  ...  60.65%  90.28%  15.67
024_bowl               116.24  23.33  21.87  ...  18.93%  89.59%  36.31
025_mug                 49.13  23.75  23.09  ...  30.91%  86.24%  13.91
035_power_drill         43.29  31.72  29.30  ...  57.75%  85.92%  12.13
036_wood_block         140.72  33.01  27.15  ...   5.11%  85.50%  57.97
037_scissors            65.71  36.11  29.65  ...  31.23%  73.72%  15.78
040_large_marker        38.78  26.39  22.89  ...   9.95%  62.05%  11.58
052_extra_large_clamp  107.58  35.35  27.33  ...  29.42%  84.76%  26.88
061_foam_brick          59.91  25.96  24.47  ...  11.09%  68.78%  21.88
average_instance        57.02  27.82  25.05  ...  37.30%  82.79%  18.03

[21 rows x 8 columns]
2026-04-16 13:08:36,469 
Epoch: 23/100 | Learning Rate: 7.821e-05
2026-04-16 13:08:38,734 
[0000/6273]| Loss diff_H:7.82e+00 diff_O:1.19e+00 hm_H:2.55e+00 hm_O:2.00e+00 vert:2.59e-01 joint:2.81e-01 mano_pose:4.67e-02 mano_shape:1.07e-02 force:5.61e-02 gravity:1.80e-02 torque:3.41e-02 supervised:5.30e-02 CoM:2.36e-02 total:1.43e+01
2026-04-16 13:10:57,081 
[0500/6273]| Loss diff_H:8.00e+00 diff_O:1.18e+00 hm_H:2.50e+00 hm_O:2.04e+00 vert:4.29e-01 joint:4.62e-01 mano_pose:7.56e-02 mano_shape:1.19e-02 force:1.25e-01 gravity:6.60e-02 torque:3.77e-02 supervised:8.47e-02 CoM:2.20e-02 total:1.50e+01
2026-04-16 13:13:15,195 
[1000/6273]| Loss diff_H:7.88e+00 diff_O:1.13e+00 hm_H:2.60e+00 hm_O:1.94e+00 vert:3.81e-01 joint:4.14e-01 mano_pose:5.36e-02 mano_shape:1.65e-02 force:1.01e-01 gravity:6.57e-02 torque:3.05e-02 supervised:5.76e-02 CoM:2.06e-02 total:1.47e+01
2026-04-16 13:15:33,433 
[1500/6273]| Loss diff_H:7.43e+00 diff_O:1.05e+00 hm_H:2.55e+00 hm_O:1.90e+00 vert:3.49e-01 joint:3.74e-01 mano_pose:5.19e-02 mano_shape:1.67e-02 force:1.25e-01 gravity:7.40e-02 torque:4.08e-02 supervised:7.69e-02 CoM:2.47e-02 total:1.41e+01
2026-04-16 13:17:51,603 
[2000/6273]| Loss diff_H:7.80e+00 diff_O:1.40e+00 hm_H:2.66e+00 hm_O:2.10e+00 vert:3.09e-01 joint:3.31e-01 mano_pose:5.63e-02 mano_shape:1.04e-02 force:6.66e-02 gravity:3.24e-02 torque:3.42e-02 supervised:5.94e-02 CoM:2.44e-02 total:1.49e+01
2026-04-16 13:20:09,809 
[2500/6273]| Loss diff_H:7.14e+00 diff_O:1.24e+00 hm_H:2.62e+00 hm_O:1.96e+00 vert:2.69e-01 joint:2.91e-01 mano_pose:4.65e-02 mano_shape:1.45e-02 force:8.53e-02 gravity:4.95e-02 torque:3.04e-02 supervised:6.93e-02 CoM:3.83e-02 total:1.39e+01
2026-04-16 13:22:28,254 
[3000/6273]| Loss diff_H:7.77e+00 diff_O:1.17e+00 hm_H:2.53e+00 hm_O:2.03e+00 vert:2.04e-01 joint:2.20e-01 mano_pose:3.69e-02 mano_shape:1.22e-02 force:7.57e-02 gravity:3.68e-02 torque:3.76e-02 supervised:5.45e-02 CoM:2.57e-02 total:1.42e+01
2026-04-16 13:24:46,425 
[3500/6273]| Loss diff_H:6.86e+00 diff_O:1.24e+00 hm_H:2.52e+00 hm_O:2.06e+00 vert:2.56e-01 joint:2.75e-01 mano_pose:4.86e-02 mano_shape:9.19e-03 force:3.46e-02 gravity:9.39e-03 torque:2.79e-02 supervised:4.56e-02 CoM:3.40e-02 total:1.34e+01
2026-04-16 13:27:04,743 
[4000/6273]| Loss diff_H:7.87e+00 diff_O:1.22e+00 hm_H:2.53e+00 hm_O:1.92e+00 vert:2.39e-01 joint:2.58e-01 mano_pose:5.76e-02 mano_shape:9.46e-03 force:1.14e-01 gravity:5.28e-02 torque:3.70e-02 supervised:7.03e-02 CoM:2.57e-02 total:1.44e+01
2026-04-16 13:29:23,049 
[4500/6273]| Loss diff_H:6.66e+00 diff_O:1.14e+00 hm_H:2.42e+00 hm_O:1.83e+00 vert:1.82e-01 joint:1.98e-01 mano_pose:4.53e-02 mano_shape:8.34e-03 force:1.07e-01 gravity:7.37e-02 torque:2.55e-02 supervised:7.91e-02 CoM:2.61e-02 total:1.28e+01
2026-04-16 13:31:41,149 
[5000/6273]| Loss diff_H:6.99e+00 diff_O:1.12e+00 hm_H:2.57e+00 hm_O:1.93e+00 vert:3.11e-01 joint:3.32e-01 mano_pose:5.32e-02 mano_shape:1.66e-02 force:1.11e-01 gravity:5.91e-02 torque:5.31e-02 supervised:9.19e-02 CoM:1.93e-02 total:1.37e+01
2026-04-16 13:33:59,280 
[5500/6273]| Loss diff_H:7.24e+00 diff_O:1.14e+00 hm_H:2.28e+00 hm_O:1.97e+00 vert:2.03e-01 joint:2.19e-01 mano_pose:4.55e-02 mano_shape:1.03e-02 force:8.57e-02 gravity:3.72e-02 torque:4.16e-02 supervised:7.18e-02 CoM:2.96e-02 total:1.34e+01
2026-04-16 13:36:17,490 
[6000/6273]| Loss diff_H:7.38e+00 diff_O:1.14e+00 hm_H:2.47e+00 hm_O:2.02e+00 vert:2.51e-01 joint:2.73e-01 mano_pose:4.35e-02 mano_shape:9.27e-03 force:7.00e-02 gravity:3.70e-02 torque:3.41e-02 supervised:5.42e-02 CoM:1.88e-02 total:1.38e+01
2026-04-16 13:37:32,961 
Evaluation on subtest dataset: 13128
2026-04-16 13:46:31,428 
Hand Evaluation: 13128 samples
2026-04-16 13:46:31,444 
regression: 
         MJE PA_MJE MJE_0 MJE_1 MJE_2  ... MJE_16 MJE_17 MJE_18 MJE_19 MJE_20
right  11.59   5.36  0.00  4.34  7.58  ...  18.26   8.64  11.04  13.47  18.07
left   12.06   5.13  0.00  4.73  8.17  ...  17.62   9.32  11.97  14.21  18.09
both   11.82   5.24  0.00  4.53  7.88  ...  17.95   8.98  11.51  13.84  18.08

[3 rows x 23 columns]
2026-04-16 13:46:31,450 
one_candidate: 
         MJE PA_MJE MJE_0 MJE_1  MJE_2  ... MJE_16 MJE_17 MJE_18 MJE_19 MJE_20
right  18.17   7.31  0.00  6.73  12.02  ...  27.54  13.59  17.05  20.27  26.16
left   18.40   7.09  0.00  7.03  12.60  ...  27.00  13.90  17.71  20.98  26.57
both   18.28   7.20  0.00  6.88  12.31  ...  27.27  13.74  17.38  20.62  26.36

[3 rows x 23 columns]
2026-04-16 13:46:31,456 
mean_candidate_mano: 
         MJE PA_MJE MJE_0 MJE_1 MJE_2  ... MJE_16 MJE_17 MJE_18 MJE_19 MJE_20
right  10.21   5.40  0.00  4.00  6.87  ...  16.96   7.91   9.99  12.31  16.62
left   10.45   5.22  0.00  4.34  7.35  ...  15.99   8.32  10.56  12.63  16.45
both   10.33   5.31  0.00  4.17  7.11  ...  16.48   8.11  10.27  12.47  16.54

[3 rows x 23 columns]
2026-04-16 13:46:31,576 
Object Evaluation: 13128 samples 
Mean Pose: 
                          MCE   MCE2    OCE  ...  ADD01d ADDS01d    REP
002_master_chef_can     56.52  21.62  20.56  ...  33.43%  92.05%  20.08
003_cracker_box         30.43  25.54  24.10  ...  67.26%  94.22%   9.37
004_sugar_box           34.96  24.52  21.70  ...  56.46%  89.49%  10.76
005_tomato_soup_can     44.46  24.26  23.05  ...  18.09%  77.35%  15.30
006_mustard_bottle      30.69  20.57  19.22  ...  65.43%  93.80%  10.07
007_tuna_fish_can       53.37  22.64  21.76  ...  13.36%  76.34%  17.64
008_pudding_box         44.08  33.68  31.99  ...  46.59%  80.26%  14.52
009_gelatin_box         34.89  26.99  25.72  ...  35.26%  76.75%  10.08
010_potted_meat_can     37.73  22.30  20.84  ...  35.05%  82.18%  13.44
011_banana              53.06  31.89  26.22  ...  43.13%  81.04%  15.14
019_pitcher_base        56.51  37.75  35.92  ...  55.19%  89.47%  18.33
021_bleach_cleanser     48.72  28.89  24.32  ...  59.57%  89.81%  16.20
024_bowl               117.35  24.14  22.82  ...  19.87%  88.17%  36.40
025_mug                 49.11  23.44  22.88  ...  30.14%  85.94%  13.90
035_power_drill         43.91  31.13  28.80  ...  59.94%  86.85%  12.75
036_wood_block         141.87  32.91  27.60  ...   5.93%  86.33%  58.47
037_scissors            65.56  37.14  30.96  ...  30.33%  71.02%  16.35
040_large_marker        39.59  27.37  23.90  ...  10.73%  61.43%  11.81
052_extra_large_clamp  107.46  36.31  28.10  ...  28.96%  84.45%  26.48
061_foam_brick          60.54  26.82  25.23  ...   9.19%  64.98%  22.28
average_instance        57.04  27.99  25.29  ...  36.42%  82.62%  18.26

[21 rows x 8 columns]
2026-04-16 13:46:31,933 
Epoch: 24/100 | Learning Rate: 7.508e-05
2026-04-16 13:46:34,314 
[0000/6273]| Loss diff_H:7.09e+00 diff_O:1.04e+00 hm_H:2.52e+00 hm_O:1.99e+00 vert:2.16e-01 joint:2.31e-01 mano_pose:4.45e-02 mano_shape:9.48e-03 force:1.04e-01 gravity:6.40e-02 torque:3.26e-02 supervised:7.40e-02 CoM:2.02e-02 total:1.34e+01
2026-04-16 13:48:52,497 
[0500/6273]| Loss diff_H:7.01e+00 diff_O:1.25e+00 hm_H:2.29e+00 hm_O:2.09e+00 vert:2.45e-01 joint:2.63e-01 mano_pose:3.82e-02 mano_shape:9.05e-03 force:1.11e-01 gravity:5.52e-02 torque:2.97e-02 supervised:6.95e-02 CoM:2.71e-02 total:1.35e+01
2026-04-16 13:51:10,408 
[1000/6273]| Loss diff_H:7.17e+00 diff_O:1.18e+00 hm_H:2.44e+00 hm_O:2.00e+00 vert:1.89e-01 joint:2.04e-01 mano_pose:3.67e-02 mano_shape:8.11e-03 force:9.58e-02 gravity:5.90e-02 torque:2.94e-02 supervised:6.49e-02 CoM:2.92e-02 total:1.35e+01
2026-04-16 13:53:28,571 
[1500/6273]| Loss diff_H:7.35e+00 diff_O:1.12e+00 hm_H:2.40e+00 hm_O:1.86e+00 vert:2.15e-01 joint:2.31e-01 mano_pose:3.80e-02 mano_shape:1.02e-02 force:8.78e-02 gravity:4.59e-02 torque:3.63e-02 supervised:6.05e-02 CoM:2.24e-02 total:1.35e+01
2026-04-16 13:55:46,704 
[2000/6273]| Loss diff_H:7.08e+00 diff_O:1.03e+00 hm_H:2.36e+00 hm_O:1.89e+00 vert:1.92e-01 joint:2.07e-01 mano_pose:4.38e-02 mano_shape:2.00e-02 force:1.30e-01 gravity:9.84e-02 torque:3.75e-02 supervised:6.96e-02 CoM:1.94e-02 total:1.32e+01
2026-04-16 13:58:04,852 
[2500/6273]| Loss diff_H:6.62e+00 diff_O:1.09e+00 hm_H:2.55e+00 hm_O:1.89e+00 vert:9.56e-01 joint:1.05e+00 mano_pose:5.06e-02 mano_shape:1.43e-02 force:1.20e-01 gravity:6.06e-02 torque:4.30e-02 supervised:7.08e-02 CoM:1.96e-02 total:1.45e+01
2026-04-16 14:00:23,047 
[3000/6273]| Loss diff_H:6.57e+00 diff_O:1.02e+00 hm_H:2.23e+00 hm_O:1.83e+00 vert:2.33e-01 joint:2.48e-01 mano_pose:2.99e-02 mano_shape:6.40e-03 force:7.21e-02 gravity:4.34e-02 torque:2.27e-02 supervised:6.83e-02 CoM:2.61e-02 total:1.24e+01
2026-04-16 14:02:41,158 
[3500/6273]| Loss diff_H:6.89e+00 diff_O:1.08e+00 hm_H:2.27e+00 hm_O:1.86e+00 vert:1.90e-01 joint:2.06e-01 mano_pose:3.68e-02 mano_shape:5.93e-03 force:1.00e-01 gravity:6.34e-02 torque:3.42e-02 supervised:7.49e-02 CoM:2.00e-02 total:1.28e+01
2026-04-16 14:04:59,417 
[4000/6273]| Loss diff_H:7.51e+00 diff_O:1.17e+00 hm_H:2.64e+00 hm_O:2.04e+00 vert:3.40e-01 joint:3.74e-01 mano_pose:6.13e-02 mano_shape:1.57e-02 force:1.33e-01 gravity:8.19e-02 torque:2.69e-02 supervised:9.45e-02 CoM:3.54e-02 total:1.45e+01
2026-04-16 14:07:17,662 
[4500/6273]| Loss diff_H:7.02e+00 diff_O:1.17e+00 hm_H:2.40e+00 hm_O:2.09e+00 vert:2.11e-01 joint:2.27e-01 mano_pose:3.76e-02 mano_shape:6.28e-03 force:4.53e-02 gravity:2.57e-02 torque:3.49e-02 supervised:6.08e-02 CoM:1.82e-02 total:1.33e+01
2026-04-16 14:09:35,807 
[5000/6273]| Loss diff_H:6.66e+00 diff_O:1.10e+00 hm_H:2.32e+00 hm_O:1.90e+00 vert:1.87e-01 joint:2.03e-01 mano_pose:4.17e-02 mano_shape:9.17e-03 force:9.00e-02 gravity:4.47e-02 torque:3.95e-02 supervised:5.94e-02 CoM:1.36e-02 total:1.27e+01
2026-04-16 14:11:53,680 
[5500/6273]| Loss diff_H:7.05e+00 diff_O:1.18e+00 hm_H:2.43e+00 hm_O:1.91e+00 vert:1.92e-01 joint:2.06e-01 mano_pose:4.12e-02 mano_shape:1.42e-02 force:9.27e-02 gravity:5.08e-02 torque:2.93e-02 supervised:7.74e-02 CoM:1.21e-02 total:1.33e+01
2026-04-16 14:14:11,868 
[6000/6273]| Loss diff_H:7.05e+00 diff_O:1.06e+00 hm_H:2.65e+00 hm_O:1.92e+00 vert:2.02e-01 joint:2.18e-01 mano_pose:4.64e-02 mano_shape:1.52e-02 force:8.04e-02 gravity:2.96e-02 torque:5.18e-02 supervised:7.36e-02 CoM:1.74e-02 total:1.34e+01
2026-04-16 14:15:27,401 
Evaluation on subtest dataset: 13128
2026-04-16 14:24:16,250 
Hand Evaluation: 13128 samples
2026-04-16 14:24:16,272 
regression: 
         MJE PA_MJE MJE_0 MJE_1 MJE_2  ... MJE_16 MJE_17 MJE_18 MJE_19 MJE_20
right  11.73   5.31  0.00  4.39  7.62  ...  18.55   8.72  11.21  13.66  18.26
left   12.08   5.06  0.00  4.70  8.16  ...  17.68   9.29  11.99  14.17  17.98
both   11.90   5.19  0.00  4.54  7.89  ...  18.11   9.01  11.60  13.91  18.12

[3 rows x 23 columns]
2026-04-16 14:24:16,278 
one_candidate: 
         MJE PA_MJE MJE_0 MJE_1  MJE_2  ... MJE_16 MJE_17 MJE_18 MJE_19 MJE_20
right  17.78   7.27  0.00  6.61  11.78  ...  27.16  13.23  16.70  20.07  26.07
left   18.19   6.99  0.00  7.05  12.50  ...  26.55  13.67  17.43  20.66  26.14
both   17.99   7.13  0.00  6.83  12.13  ...  26.86  13.45  17.06  20.36  26.11

[3 rows x 23 columns]
2026-04-16 14:24:16,284 
mean_candidate_mano: 
         MJE PA_MJE MJE_0 MJE_1 MJE_2  ... MJE_16 MJE_17 MJE_18 MJE_19 MJE_20
right  10.15   5.37  0.00  4.00  6.81  ...  17.00   7.87  10.02  12.30  16.51
left   10.45   5.17  0.00  4.39  7.38  ...  16.04   8.33  10.57  12.65  16.45
both   10.30   5.27  0.00  4.19  7.09  ...  16.52   8.10  10.29  12.47  16.48

[3 rows x 23 columns]
2026-04-16 14:24:16,406 
Object Evaluation: 13128 samples 
Mean Pose: 
                          MCE   MCE2    OCE  ...  ADD01d ADDS01d    REP
002_master_chef_can     55.33  21.72  20.74  ...  37.56%  91.16%  19.97
003_cracker_box         30.90  26.37  24.90  ...  70.96%  92.59%   9.09
004_sugar_box           36.33  26.13  23.51  ...  56.91%  86.64%  11.26
005_tomato_soup_can     44.53  23.96  22.60  ...  22.35%  77.35%  15.53
006_mustard_bottle      31.56  20.23  18.53  ...  67.29%  93.64%  10.55
007_tuna_fish_can       52.95  21.88  21.08  ...  14.13%  77.11%  17.90
008_pudding_box         45.33  35.16  33.58  ...  46.59%  81.42%  15.24
009_gelatin_box         34.95  26.56  25.16  ...  31.16%  75.23%  10.78
010_potted_meat_can     38.70  22.47  20.93  ...  37.85%  83.21%  14.09
011_banana              57.23  32.33  25.27  ...  40.60%  78.51%  15.81
019_pitcher_base        58.26  39.21  36.99  ...  52.78%  89.17%  18.54
021_bleach_cleanser     48.20  28.56  24.20  ...  58.95%  90.28%  15.98
024_bowl               116.65  23.65  22.34  ...  20.98%  88.49%  36.62
025_mug                 48.33  22.37  21.87  ...  33.69%  88.10%  13.95
035_power_drill         42.00  30.25  28.06  ...  59.94%  88.26%  11.64
036_wood_block         141.65  33.37  27.34  ...   4.61%  86.16%  58.32
037_scissors            65.32  36.38  29.92  ...  30.63%  71.62%  15.71
040_large_marker        40.07  27.37  23.77  ...  11.66%  60.03%  11.90
052_extra_large_clamp  107.15  35.27  27.02  ...  30.64%  84.91%  26.63
061_foam_brick          62.40  26.08  24.52  ...  10.78%  70.36%  22.97
average_instance        57.40  27.97  25.13  ...  37.24%  82.72%  18.42

[21 rows x 8 columns]
2026-04-16 14:24:16,725 
Epoch: 25/100 | Learning Rate: 7.208e-05
2026-04-16 14:24:18,937 
[0000/6273]| Loss diff_H:6.50e+00 diff_O:1.15e+00 hm_H:2.42e+00 hm_O:1.92e+00 vert:2.03e-01 joint:2.18e-01 mano_pose:3.51e-02 mano_shape:8.85e-03 force:6.41e-02 gravity:3.68e-02 torque:3.65e-02 supervised:5.95e-02 CoM:2.70e-02 total:1.27e+01
2026-04-16 14:26:39,979 
[0500/6273]| Loss diff_H:7.16e+00 diff_O:1.13e+00 hm_H:2.63e+00 hm_O:1.95e+00 vert:2.70e-01 joint:2.92e-01 mano_pose:4.53e-02 mano_shape:1.72e-02 force:7.66e-02 gravity:4.09e-02 torque:3.35e-02 supervised:7.06e-02 CoM:1.81e-02 total:1.37e+01
2026-04-16 14:28:58,014 
[1000/6273]| Loss diff_H:7.37e+00 diff_O:1.07e+00 hm_H:2.58e+00 hm_O:1.86e+00 vert:3.03e-01 joint:3.17e-01 mano_pose:6.08e-02 mano_shape:1.28e-02 force:7.28e-02 gravity:4.39e-02 torque:3.00e-02 supervised:4.94e-02 CoM:1.64e-02 total:1.38e+01
2026-04-16 14:31:19,703 
[1500/6273]| Loss diff_H:7.14e+00 diff_O:1.17e+00 hm_H:2.49e+00 hm_O:1.98e+00 vert:2.20e-01 joint:2.41e-01 mano_pose:3.85e-02 mano_shape:1.08e-02 force:1.24e-01 gravity:7.06e-02 torque:3.72e-02 supervised:7.30e-02 CoM:1.54e-02 total:1.36e+01
2026-04-16 14:33:37,827 
[2000/6273]| Loss diff_H:6.70e+00 diff_O:1.05e+00 hm_H:2.44e+00 hm_O:1.91e+00 vert:2.41e-01 joint:2.60e-01 mano_pose:3.74e-02 mano_shape:1.01e-02 force:1.39e-01 gravity:8.80e-02 torque:3.61e-02 supervised:7.61e-02 CoM:1.65e-02 total:1.30e+01
2026-04-16 14:35:56,148 
[2500/6273]| Loss diff_H:6.94e+00 diff_O:1.10e+00 hm_H:2.26e+00 hm_O:1.96e+00 vert:1.81e-01 joint:1.95e-01 mano_pose:3.75e-02 mano_shape:8.15e-03 force:1.04e-01 gravity:5.97e-02 torque:3.41e-02 supervised:7.63e-02 CoM:2.22e-02 total:1.30e+01
2026-04-16 14:38:14,280 
[3000/6273]| Loss diff_H:7.24e+00 diff_O:1.06e+00 hm_H:2.14e+00 hm_O:1.92e+00 vert:2.20e-01 joint:2.35e-01 mano_pose:4.00e-02 mano_shape:1.11e-02 force:9.80e-02 gravity:5.93e-02 torque:3.87e-02 supervised:7.71e-02 CoM:2.18e-02 total:1.32e+01
2026-04-16 14:40:32,394 
[3500/6273]| Loss diff_H:6.66e+00 diff_O:1.16e+00 hm_H:2.48e+00 hm_O:1.91e+00 vert:2.29e-01 joint:2.50e-01 mano_pose:3.96e-02 mano_shape:1.04e-02 force:9.00e-02 gravity:5.34e-02 torque:2.46e-02 supervised:6.13e-02 CoM:1.66e-02 total:1.30e+01
2026-04-16 14:42:50,513 
[4000/6273]| Loss diff_H:6.93e+00 diff_O:1.10e+00 hm_H:2.56e+00 hm_O:1.95e+00 vert:3.73e-01 joint:4.02e-01 mano_pose:3.97e-02 mano_shape:1.65e-02 force:6.12e-02 gravity:3.34e-02 torque:3.05e-02 supervised:5.62e-02 CoM:3.06e-02 total:1.36e+01
2026-04-16 14:45:08,680 
[4500/6273]| Loss diff_H:6.76e+00 diff_O:1.07e+00 hm_H:2.50e+00 hm_O:1.90e+00 vert:2.33e-01 joint:2.51e-01 mano_pose:4.76e-02 mano_shape:1.06e-02 force:8.67e-02 gravity:4.69e-02 torque:3.28e-02 supervised:7.14e-02 CoM:2.09e-02 total:1.30e+01
2026-04-16 14:47:26,742 
[5000/6273]| Loss diff_H:6.26e+00 diff_O:1.03e+00 hm_H:2.22e+00 hm_O:1.88e+00 vert:1.89e-01 joint:2.05e-01 mano_pose:3.22e-02 mano_shape:5.99e-03 force:9.41e-02 gravity:4.04e-02 torque:4.17e-02 supervised:7.75e-02 CoM:1.86e-02 total:1.21e+01
2026-04-16 14:49:44,836 
[5500/6273]| Loss diff_H:6.95e+00 diff_O:1.15e+00 hm_H:2.40e+00 hm_O:1.94e+00 vert:2.20e-01 joint:2.36e-01 mano_pose:4.39e-02 mano_shape:1.02e-02 force:1.16e-01 gravity:5.66e-02 torque:4.31e-02 supervised:9.88e-02 CoM:1.72e-02 total:1.33e+01
2026-04-16 14:52:02,845 
[6000/6273]| Loss diff_H:6.57e+00 diff_O:1.19e+00 hm_H:2.47e+00 hm_O:1.89e+00 vert:1.70e-01 joint:1.82e-01 mano_pose:3.27e-02 mano_shape:7.60e-03 force:7.41e-02 gravity:4.66e-02 torque:3.91e-02 supervised:6.83e-02 CoM:1.76e-02 total:1.28e+01
2026-04-16 14:53:20,433 
Evaluation on subtest dataset: 13128
2026-04-16 15:12:23,134 
Hand Evaluation: 13128 samples
2026-04-16 15:12:23,155 
regression: 
         MJE PA_MJE MJE_0 MJE_1 MJE_2  ... MJE_16 MJE_17 MJE_18 MJE_19 MJE_20
right  11.91   5.36  0.00  4.43  7.69  ...  18.70   8.87  11.40  13.85  18.37
left   12.37   5.14  0.00  4.79  8.32  ...  18.15   9.53  12.26  14.55  18.48
both   12.14   5.25  0.00  4.61  8.00  ...  18.43   9.20  11.83  14.20  18.42

[3 rows x 23 columns]
2026-04-16 15:12:23,162 
one_candidate: 
         MJE PA_MJE MJE_0 MJE_1  MJE_2  ... MJE_16 MJE_17 MJE_18 MJE_19 MJE_20
right  17.98   7.30  0.00  6.70  12.07  ...  27.16  13.16  16.59  19.92  25.78
left   18.53   7.14  0.00  7.04  12.63  ...  27.00  14.01  17.87  21.18  26.89
both   18.25   7.22  0.00  6.87  12.35  ...  27.08  13.58  17.23  20.55  26.33

[3 rows x 23 columns]
2026-04-16 15:12:23,168 
mean_candidate_mano: 
         MJE PA_MJE MJE_0 MJE_1 MJE_2  ... MJE_16 MJE_17 MJE_18 MJE_19 MJE_20
right  10.30   5.42  0.00  4.10  6.99  ...  16.95   7.96  10.05  12.36  16.64
left   10.58   5.26  0.00  4.43  7.51  ...  16.26   8.45  10.76  12.87  16.79
both   10.44   5.34  0.00  4.26  7.25  ...  16.61   8.20  10.41  12.61  16.72

[3 rows x 23 columns]
2026-04-16 15:12:23,291 
Object Evaluation: 13128 samples 
Mean Pose: 
                          MCE   MCE2    OCE  ...  ADD01d ADDS01d    REP
002_master_chef_can     55.63  22.09  21.01  ...  38.00%  89.84%  19.58
003_cracker_box         29.38  25.60  24.25  ...  69.63%  93.04%   8.48
004_sugar_box           35.13  25.77  23.09  ...  55.41%  86.79%  10.53
005_tomato_soup_can     46.40  23.89  22.71  ...  19.56%  80.00%  16.01
006_mustard_bottle      30.42  20.53  19.04  ...  66.67%  93.18%   9.40
007_tuna_fish_can       53.79  23.18  22.45  ...  14.75%  75.42%  17.69
008_pudding_box         44.91  35.07  33.53  ...  44.56%  79.68%  13.95
009_gelatin_box         35.06  27.53  26.01  ...  33.89%  74.62%   9.53
010_potted_meat_can     37.07  21.75  20.52  ...  38.14%  83.21%  13.19
011_banana              57.70  33.24  25.95  ...  41.64%  77.61%  15.68
019_pitcher_base        57.82  38.40  36.49  ...  53.68%  88.42%  17.82
021_bleach_cleanser     45.35  27.12  23.17  ...  62.81%  91.82%  15.06
024_bowl               121.97  23.76  22.42  ...  20.35%  89.12%  38.58
025_mug                 48.07  23.75  23.22  ...  33.08%  86.09%  13.90
035_power_drill         44.55  32.64  30.56  ...  56.03%  86.85%  11.96
036_wood_block         139.73  33.85  28.34  ...   6.59%  84.35%  58.19
037_scissors            63.32  35.72  29.93  ...  33.03%  73.57%  14.82
040_large_marker        40.13  27.46  24.08  ...   8.55%  62.21%  11.88
052_extra_large_clamp  103.80  35.18  26.95  ...  30.18%  86.28%  26.00
061_foam_brick          64.42  26.34  24.92  ...   9.19%  70.52%  24.18
average_instance        57.23  28.14  25.44  ...  37.02%  82.65%  18.11

[21 rows x 8 columns]
2026-04-16 15:12:23,817 
Epoch: 26/100 | Learning Rate: 6.920e-05
2026-04-16 15:12:26,236 
[0000/6273]| Loss diff_H:6.68e+00 diff_O:1.05e+00 hm_H:2.67e+00 hm_O:1.90e+00 vert:3.23e-01 joint:3.48e-01 mano_pose:4.88e-02 mano_shape:8.83e-03 force:8.89e-02 gravity:4.33e-02 torque:5.51e-02 supervised:6.92e-02 CoM:1.49e-02 total:1.33e+01
2026-04-16 15:14:43,965 
[0500/6273]| Loss diff_H:7.35e+00 diff_O:1.13e+00 hm_H:2.44e+00 hm_O:1.99e+00 vert:2.57e-01 joint:2.77e-01 mano_pose:4.67e-02 mano_shape:8.03e-03 force:1.07e-01 gravity:7.43e-02 torque:2.81e-02 supervised:9.53e-02 CoM:2.59e-02 total:1.38e+01
2026-04-16 15:17:02,202 
[1000/6273]| Loss diff_H:6.92e+00 diff_O:1.05e+00 hm_H:2.25e+00 hm_O:1.79e+00 vert:1.74e-01 joint:1.90e-01 mano_pose:3.40e-02 mano_shape:7.12e-03 force:1.71e-01 gravity:1.22e-01 torque:2.38e-02 supervised:6.77e-02 CoM:2.11e-02 total:1.28e+01
2026-04-16 15:19:20,311 
[1500/6273]| Loss diff_H:7.17e+00 diff_O:9.87e-01 hm_H:2.32e+00 hm_O:1.82e+00 vert:2.00e-01 joint:2.15e-01 mano_pose:5.72e-02 mano_shape:5.39e-03 force:1.41e-01 gravity:7.93e-02 torque:4.72e-02 supervised:7.02e-02 CoM:1.75e-02 total:1.31e+01
2026-04-16 15:21:38,665 
[2000/6273]| Loss diff_H:7.22e+00 diff_O:1.08e+00 hm_H:2.18e+00 hm_O:1.76e+00 vert:1.65e-01 joint:1.79e-01 mano_pose:3.41e-02 mano_shape:1.00e-02 force:1.02e-01 gravity:5.42e-02 torque:4.20e-02 supervised:6.20e-02 CoM:1.24e-02 total:1.29e+01
2026-04-16 15:23:56,860 
[2500/6273]| Loss diff_H:6.65e+00 diff_O:9.41e-01 hm_H:2.52e+00 hm_O:1.90e+00 vert:2.61e-01 joint:2.86e-01 mano_pose:3.47e-02 mano_shape:1.50e-02 force:7.43e-02 gravity:3.98e-02 torque:3.38e-02 supervised:5.86e-02 CoM:1.75e-02 total:1.28e+01
2026-04-16 15:26:15,025 
[3000/6273]| Loss diff_H:6.99e+00 diff_O:9.57e-01 hm_H:2.35e+00 hm_O:1.83e+00 vert:1.78e-01 joint:1.91e-01 mano_pose:3.72e-02 mano_shape:4.94e-03 force:6.91e-02 gravity:3.05e-02 torque:4.40e-02 supervised:1.02e-01 CoM:1.26e-02 total:1.28e+01
2026-04-16 15:28:33,195 
[3500/6273]| Loss diff_H:7.65e+00 diff_O:1.13e+00 hm_H:2.58e+00 hm_O:1.91e+00 vert:2.71e-01 joint:2.95e-01 mano_pose:4.95e-02 mano_shape:8.81e-03 force:1.01e-01 gravity:6.48e-02 torque:3.19e-02 supervised:6.06e-02 CoM:2.65e-02 total:1.42e+01
2026-04-16 15:30:51,419 
[4000/6273]| Loss diff_H:7.10e+00 diff_O:1.15e+00 hm_H:2.48e+00 hm_O:1.91e+00 vert:2.31e-01 joint:2.51e-01 mano_pose:4.51e-02 mano_shape:1.51e-02 force:1.18e-01 gravity:7.79e-02 torque:3.50e-02 supervised:7.95e-02 CoM:2.23e-02 total:1.35e+01
2026-04-16 15:33:09,662 
[4500/6273]| Loss diff_H:7.79e+00 diff_O:1.20e+00 hm_H:2.41e+00 hm_O:1.99e+00 vert:2.96e-01 joint:3.20e-01 mano_pose:5.15e-02 mano_shape:1.11e-02 force:1.33e-01 gravity:7.79e-02 torque:4.42e-02 supervised:8.03e-02 CoM:2.52e-02 total:1.44e+01
2026-04-16 15:35:27,854 
[5000/6273]| Loss diff_H:6.95e+00 diff_O:1.26e+00 hm_H:2.72e+00 hm_O:2.00e+00 vert:3.56e-01 joint:3.85e-01 mano_pose:4.83e-02 mano_shape:1.69e-02 force:1.15e-01 gravity:7.16e-02 torque:2.61e-02 supervised:7.03e-02 CoM:3.23e-02 total:1.41e+01
2026-04-16 15:37:45,973 
[5500/6273]| Loss diff_H:6.76e+00 diff_O:1.05e+00 hm_H:2.17e+00 hm_O:1.82e+00 vert:2.16e-01 joint:2.34e-01 mano_pose:4.13e-02 mano_shape:8.28e-03 force:9.48e-02 gravity:6.52e-02 torque:3.59e-02 supervised:8.97e-02 CoM:1.55e-02 total:1.26e+01
2026-04-16 15:40:04,221 
[6000/6273]| Loss diff_H:6.48e+00 diff_O:1.13e+00 hm_H:2.33e+00 hm_O:1.92e+00 vert:1.70e-01 joint:1.84e-01 mano_pose:3.51e-02 mano_shape:6.51e-03 force:8.87e-02 gravity:4.54e-02 torque:3.70e-02 supervised:7.40e-02 CoM:1.63e-02 total:1.25e+01
2026-04-16 15:41:20,209 
Evaluation on subtest dataset: 13128
2026-04-16 16:00:37,060 
Hand Evaluation: 13128 samples
2026-04-16 16:00:37,079 
regression: 
         MJE PA_MJE MJE_0 MJE_1 MJE_2  ... MJE_16 MJE_17 MJE_18 MJE_19 MJE_20
right  11.97   5.34  0.00  4.43  7.65  ...  18.90   8.91  11.48  13.92  18.47
left   12.36   5.11  0.00  4.81  8.29  ...  18.10   9.53  12.21  14.45  18.31
both   12.16   5.22  0.00  4.62  7.97  ...  18.50   9.22  11.84  14.18  18.39

[3 rows x 23 columns]
2026-04-16 16:00:37,085 
one_candidate: 
         MJE PA_MJE MJE_0 MJE_1  MJE_2  ... MJE_16 MJE_17 MJE_18 MJE_19 MJE_20
right  17.97   7.21  0.00  6.59  11.86  ...  27.23  13.44  16.87  20.09  25.81
left   18.32   7.01  0.00  7.00  12.57  ...  26.79  13.80  17.59  20.85  26.41
both   18.14   7.11  0.00  6.80  12.22  ...  27.01  13.61  17.23  20.46  26.11

[3 rows x 23 columns]
2026-04-16 16:00:37,092 
mean_candidate_mano: 
         MJE PA_MJE MJE_0 MJE_1 MJE_2  ... MJE_16 MJE_17 MJE_18 MJE_19 MJE_20
right  10.16   5.32  0.00  4.00  6.80  ...  16.78   7.93  10.01  12.24  16.37
left   10.38   5.16  0.00  4.37  7.33  ...  15.98   8.29  10.52  12.56  16.36
both   10.27   5.24  0.00  4.18  7.06  ...  16.38   8.11  10.27  12.40  16.36

[3 rows x 23 columns]
2026-04-16 16:00:37,213 
Object Evaluation: 13128 samples 
Mean Pose: 
                          MCE   MCE2    OCE  ...  ADD01d ADDS01d    REP
002_master_chef_can     56.92  20.79  19.77  ...  36.52%  91.61%  20.45
003_cracker_box         29.67  24.90  23.73  ...  70.07%  94.37%   9.03
004_sugar_box           35.00  25.72  23.09  ...  57.36%  87.54%  10.51
005_tomato_soup_can     44.82  23.97  22.89  ...  19.71%  79.41%  15.45
006_mustard_bottle      29.16  20.08  18.49  ...  68.06%  94.26%   9.56
007_tuna_fish_can       52.56  23.06  22.34  ...  14.75%  74.35%  17.50
008_pudding_box         42.78  32.57  30.85  ...  47.17%  83.74%  14.13
009_gelatin_box         35.20  27.56  26.11  ...  35.11%  74.92%   9.81
010_potted_meat_can     38.74  23.11  21.83  ...  35.20%  81.30%  13.73
011_banana              57.08  32.41  25.81  ...  43.58%  78.81%  15.52
019_pitcher_base        57.82  37.58  35.57  ...  55.94%  89.17%  17.63
021_bleach_cleanser     48.88  29.02  24.55  ...  60.49%  91.67%  16.09
024_bowl               120.59  23.78  22.46  ...  20.66%  89.59%  37.57
025_mug                 48.43  24.28  23.55  ...  31.68%  85.32%  13.78
035_power_drill         41.50  30.92  28.69  ...  60.41%  87.79%  11.63
036_wood_block         143.25  33.45  27.94  ...   6.92%  86.00%  58.68
037_scissors            62.85  34.46  28.90  ...  34.08%  75.08%  15.28
040_large_marker        40.84  28.03  24.48  ...  10.26%  62.05%  11.68
052_extra_large_clamp  105.06  34.53  26.26  ...  32.93%  86.89%  26.64
061_foam_brick          64.04  26.21  24.65  ...   8.24%  67.67%  24.13
average_instance        57.24  27.81  25.10  ...  37.69%  83.10%  18.23

[21 rows x 8 columns]
2026-04-16 16:00:37,589 
Epoch: 27/100 | Learning Rate: 6.643e-05
2026-04-16 16:00:39,772 
[0000/6273]| Loss diff_H:6.65e+00 diff_O:1.13e+00 hm_H:2.46e+00 hm_O:1.89e+00 vert:2.20e-01 joint:2.36e-01 mano_pose:3.79e-02 mano_shape:5.64e-03 force:6.59e-02 gravity:3.80e-02 torque:3.63e-02 supervised:5.95e-02 CoM:3.62e-02 total:1.29e+01
2026-04-16 16:02:57,993 
[0500/6273]| Loss diff_H:6.70e+00 diff_O:9.91e-01 hm_H:2.44e+00 hm_O:1.76e+00 vert:2.17e-01 joint:2.35e-01 mano_pose:4.02e-02 mano_shape:1.98e-02 force:1.13e-01 gravity:6.54e-02 torque:3.05e-02 supervised:7.19e-02 CoM:1.66e-02 total:1.27e+01
2026-04-16 16:05:16,116 
[1000/6273]| Loss diff_H:6.94e+00 diff_O:1.16e+00 hm_H:2.28e+00 hm_O:1.93e+00 vert:1.72e-01 joint:1.84e-01 mano_pose:3.52e-02 mano_shape:8.33e-03 force:1.44e-01 gravity:9.14e-02 torque:2.83e-02 supervised:7.88e-02 CoM:2.09e-02 total:1.31e+01
2026-04-16 16:07:34,183 
[1500/6273]| Loss diff_H:6.95e+00 diff_O:1.15e+00 hm_H:2.29e+00 hm_O:1.78e+00 vert:1.73e-01 joint:1.86e-01 mano_pose:3.46e-02 mano_shape:4.35e-03 force:5.62e-02 gravity:2.15e-02 torque:3.84e-02 supervised:6.00e-02 CoM:1.62e-02 total:1.28e+01
2026-04-16 16:09:52,397 
[2000/6273]| Loss diff_H:6.74e+00 diff_O:9.94e-01 hm_H:2.53e+00 hm_O:1.79e+00 vert:1.79e-01 joint:1.93e-01 mano_pose:3.86e-02 mano_shape:7.94e-03 force:7.50e-02 gravity:3.58e-02 torque:4.09e-02 supervised:7.64e-02 CoM:2.06e-02 total:1.27e+01
2026-04-16 16:12:10,623 
[2500/6273]| Loss diff_H:7.13e+00 diff_O:1.23e+00 hm_H:2.54e+00 hm_O:1.89e+00 vert:1.96e-01 joint:2.11e-01 mano_pose:4.11e-02 mano_shape:5.80e-03 force:5.88e-02 gravity:2.84e-02 torque:3.13e-02 supervised:5.37e-02 CoM:2.99e-02 total:1.34e+01
2026-04-16 16:14:28,872 
[3000/6273]| Loss diff_H:6.63e+00 diff_O:1.01e+00 hm_H:2.28e+00 hm_O:1.92e+00 vert:2.12e-01 joint:2.28e-01 mano_pose:3.78e-02 mano_shape:1.08e-02 force:1.01e-01 gravity:6.49e-02 torque:3.55e-02 supervised:7.03e-02 CoM:1.80e-02 total:1.26e+01
2026-04-16 16:16:46,695 
[3500/6273]| Loss diff_H:6.41e+00 diff_O:1.09e+00 hm_H:2.31e+00 hm_O:2.02e+00 vert:1.51e-01 joint:1.63e-01 mano_pose:3.38e-02 mano_shape:7.99e-03 force:1.23e-01 gravity:8.96e-02 torque:2.81e-02 supervised:6.11e-02 CoM:1.51e-02 total:1.25e+01
2026-04-16 16:19:04,615 
[4000/6273]| Loss diff_H:6.97e+00 diff_O:1.09e+00 hm_H:2.38e+00 hm_O:1.94e+00 vert:1.71e-01 joint:1.84e-01 mano_pose:3.14e-02 mano_shape:1.26e-02 force:7.15e-02 gravity:4.67e-02 torque:2.59e-02 supervised:5.76e-02 CoM:1.67e-02 total:1.30e+01
2026-04-16 16:21:22,657 
[4500/6273]| Loss diff_H:7.37e+00 diff_O:1.10e+00 hm_H:2.47e+00 hm_O:1.87e+00 vert:1.93e-01 joint:2.06e-01 mano_pose:3.98e-02 mano_shape:7.12e-03 force:9.76e-02 gravity:5.62e-02 torque:3.22e-02 supervised:4.25e-02 CoM:1.33e-02 total:1.35e+01
2026-04-16 16:23:40,845 
[5000/6273]| Loss diff_H:6.36e+00 diff_O:1.20e+00 hm_H:2.34e+00 hm_O:1.90e+00 vert:2.69e-01 joint:2.86e-01 mano_pose:3.63e-02 mano_shape:5.35e-03 force:8.77e-02 gravity:4.03e-02 torque:3.79e-02 supervised:6.32e-02 CoM:2.28e-02 total:1.26e+01
2026-04-16 16:25:58,923 
[5500/6273]| Loss diff_H:6.70e+00 diff_O:9.58e-01 hm_H:2.59e+00 hm_O:1.94e+00 vert:2.53e-01 joint:2.70e-01 mano_pose:3.90e-02 mano_shape:1.22e-02 force:1.04e-01 gravity:7.03e-02 torque:5.36e-02 supervised:8.54e-02 CoM:2.31e-02 total:1.31e+01
2026-04-16 16:28:17,087 
[6000/6273]| Loss diff_H:6.63e+00 diff_O:1.09e+00 hm_H:2.47e+00 hm_O:1.89e+00 vert:2.45e-01 joint:2.66e-01 mano_pose:4.27e-02 mano_shape:8.51e-03 force:1.05e-01 gravity:6.57e-02 torque:3.67e-02 supervised:8.24e-02 CoM:1.82e-02 total:1.30e+01
2026-04-16 16:29:33,165 
Evaluation on subtest dataset: 13128
2026-04-16 16:50:08,931 
Hand Evaluation: 13128 samples
2026-04-16 16:50:08,949 
regression: 
         MJE PA_MJE MJE_0 MJE_1 MJE_2  ... MJE_16 MJE_17 MJE_18 MJE_19 MJE_20
right  11.78   5.30  0.00  4.40  7.64  ...  18.55   8.77  11.18  13.54  17.96
left   12.23   5.10  0.00  4.76  8.19  ...  18.16   9.40  12.14  14.43  18.37
both   12.00   5.20  0.00  4.58  7.91  ...  18.35   9.09  11.66  13.98  18.16

[3 rows x 23 columns]
2026-04-16 16:50:08,955 
one_candidate: 
         MJE PA_MJE MJE_0 MJE_1  MJE_2  ... MJE_16 MJE_17 MJE_18 MJE_19 MJE_20
right  17.70   7.20  0.00  6.48  11.61  ...  27.07  13.17  16.46  19.61  25.32
left   18.12   7.00  0.00  6.91  12.18  ...  26.76  13.77  17.58  20.90  26.53
both   17.91   7.10  0.00  6.69  11.89  ...  26.91  13.47  17.02  20.25  25.92

[3 rows x 23 columns]
2026-04-16 16:50:08,961 
mean_candidate_mano: 
         MJE PA_MJE MJE_0 MJE_1 MJE_2  ... MJE_16 MJE_17 MJE_18 MJE_19 MJE_20
right  10.28   5.35  0.00  4.03  6.86  ...  17.03   7.96   9.99  12.24  16.45
left   10.43   5.20  0.00  4.36  7.31  ...  16.04   8.39  10.61  12.67  16.51
both   10.36   5.27  0.00  4.19  7.08  ...  16.54   8.17  10.30  12.45  16.48

[3 rows x 23 columns]
2026-04-16 16:50:09,078 
Object Evaluation: 13128 samples 
Mean Pose: 
                          MCE   MCE2    OCE  ...  ADD01d ADDS01d    REP
002_master_chef_can     56.86  22.52  21.46  ...  36.67%  89.84%  19.97
003_cracker_box         31.87  27.18  25.89  ...  68.44%  92.00%   9.12
004_sugar_box           35.73  26.33  23.79  ...  53.90%  87.24%  10.26
005_tomato_soup_can     45.03  24.06  22.92  ...  19.12%  78.53%  15.33
006_mustard_bottle      30.95  20.66  19.06  ...  67.75%  93.49%   9.81
007_tuna_fish_can       52.08  22.83  22.00  ...  16.28%  78.03%  17.24
008_pudding_box         46.75  36.25  34.68  ...  45.43%  78.23%  14.85
009_gelatin_box         35.87  27.55  26.17  ...  32.67%  76.14%  10.28
010_potted_meat_can     39.54  23.10  21.67  ...  38.14%  81.30%  13.89
011_banana              57.51  32.80  26.21  ...  44.48%  77.01%  15.37
019_pitcher_base        57.76  39.11  37.24  ...  53.68%  89.77%  18.31
021_bleach_cleanser     47.18  29.41  25.57  ...  58.02%  89.97%  15.47
024_bowl               122.85  24.05  22.75  ...  18.77%  89.75%  38.52
025_mug                 49.79  25.14  24.74  ...  28.90%  84.39%  13.89
035_power_drill         43.82  33.78  31.69  ...  56.18%  86.54%  11.92
036_wood_block         136.63  33.20  27.50  ...   5.77%  85.83%  56.21
037_scissors            64.69  36.65  30.94  ...  29.73%  71.92%  15.61
040_large_marker        40.88  27.91  24.55  ...  11.20%  62.21%  11.87
052_extra_large_clamp  114.04  35.73  27.26  ...  28.66%  85.37%  28.54
061_foam_brick          62.91  26.17  24.73  ...   9.98%  67.99%  22.87
average_instance        58.16  28.73  26.06  ...  36.43%  82.28%  18.26

[21 rows x 8 columns]
2026-04-16 16:50:09,474 
Epoch: 28/100 | Learning Rate: 6.377e-05
2026-04-16 16:50:11,666 
[0000/6273]| Loss diff_H:7.42e+00 diff_O:1.17e+00 hm_H:2.54e+00 hm_O:1.96e+00 vert:2.57e-01 joint:2.81e-01 mano_pose:4.32e-02 mano_shape:9.90e-03 force:1.24e-01 gravity:7.39e-02 torque:3.16e-02 supervised:7.80e-02 CoM:3.39e-02 total:1.40e+01
2026-04-16 16:52:30,100 
[0500/6273]| Loss diff_H:6.82e+00 diff_O:1.08e+00 hm_H:2.31e+00 hm_O:1.94e+00 vert:2.28e-01 joint:2.47e-01 mano_pose:4.36e-02 mano_shape:8.74e-03 force:8.64e-02 gravity:3.28e-02 torque:4.40e-02 supervised:6.41e-02 CoM:1.43e-02 total:1.29e+01
2026-04-16 16:54:48,325 
[1000/6273]| Loss diff_H:6.87e+00 diff_O:9.99e-01 hm_H:2.33e+00 hm_O:1.92e+00 vert:2.11e-01 joint:2.27e-01 mano_pose:3.49e-02 mano_shape:6.44e-03 force:8.60e-02 gravity:4.33e-02 torque:3.78e-02 supervised:7.12e-02 CoM:1.76e-02 total:1.29e+01
2026-04-16 16:57:06,550 
[1500/6273]| Loss diff_H:6.83e+00 diff_O:1.07e+00 hm_H:2.28e+00 hm_O:1.91e+00 vert:1.95e-01 joint:2.09e-01 mano_pose:3.19e-02 mano_shape:2.05e-02 force:1.31e-01 gravity:8.55e-02 torque:3.15e-02 supervised:7.13e-02 CoM:1.46e-02 total:1.29e+01
2026-04-16 16:59:24,537 
[2000/6273]| Loss diff_H:6.46e+00 diff_O:1.03e+00 hm_H:2.23e+00 hm_O:1.92e+00 vert:1.82e-01 joint:1.95e-01 mano_pose:3.87e-02 mano_shape:1.01e-02 force:5.13e-02 gravity:2.59e-02 torque:3.43e-02 supervised:8.27e-02 CoM:1.81e-02 total:1.23e+01
2026-04-16 17:01:42,790 
[2500/6273]| Loss diff_H:6.45e+00 diff_O:1.08e+00 hm_H:2.36e+00 hm_O:1.88e+00 vert:1.84e-01 joint:1.99e-01 mano_pose:3.55e-02 mano_shape:9.40e-03 force:6.87e-02 gravity:4.07e-02 torque:3.30e-02 supervised:6.97e-02 CoM:1.49e-02 total:1.24e+01
2026-04-16 17:04:01,017 
[3000/6273]| Loss diff_H:6.74e+00 diff_O:1.07e+00 hm_H:2.49e+00 hm_O:1.82e+00 vert:2.18e-01 joint:2.34e-01 mano_pose:4.58e-02 mano_shape:8.19e-03 force:7.24e-02 gravity:4.13e-02 torque:2.09e-02 supervised:6.35e-02 CoM:2.30e-02 total:1.28e+01
2026-04-16 17:06:19,171 
[3500/6273]| Loss diff_H:6.16e+00 diff_O:9.43e-01 hm_H:2.33e+00 hm_O:1.87e+00 vert:2.42e-01 joint:2.61e-01 mano_pose:4.09e-02 mano_shape:1.14e-02 force:1.38e-01 gravity:8.26e-02 torque:3.54e-02 supervised:7.26e-02 CoM:1.65e-02 total:1.22e+01
2026-04-16 17:08:37,393 
[4000/6273]| Loss diff_H:6.44e+00 diff_O:9.74e-01 hm_H:2.40e+00 hm_O:1.80e+00 vert:1.80e-01 joint:1.97e-01 mano_pose:3.81e-02 mano_shape:9.13e-03 force:5.42e-02 gravity:2.62e-02 torque:2.55e-02 supervised:6.88e-02 CoM:1.42e-02 total:1.22e+01
2026-04-16 17:10:55,518 
[4500/6273]| Loss diff_H:6.35e+00 diff_O:8.92e-01 hm_H:2.37e+00 hm_O:1.74e+00 vert:1.94e-01 joint:2.08e-01 mano_pose:3.27e-02 mano_shape:1.10e-02 force:5.40e-02 gravity:3.16e-02 torque:2.21e-02 supervised:6.05e-02 CoM:1.83e-02 total:1.20e+01
2026-04-16 17:13:13,648 
[5000/6273]| Loss diff_H:6.63e+00 diff_O:8.93e-01 hm_H:2.23e+00 hm_O:1.87e+00 vert:1.60e-01 joint:1.72e-01 mano_pose:2.83e-02 mano_shape:5.94e-03 force:1.11e-01 gravity:7.77e-02 torque:3.67e-02 supervised:8.94e-02 CoM:1.44e-02 total:1.23e+01
2026-04-16 17:15:31,867 
[5500/6273]| Loss diff_H:6.50e+00 diff_O:1.04e+00 hm_H:2.55e+00 hm_O:1.83e+00 vert:1.86e-01 joint:2.01e-01 mano_pose:2.96e-02 mano_shape:9.18e-03 force:8.14e-02 gravity:3.69e-02 torque:3.72e-02 supervised:5.78e-02 CoM:2.67e-02 total:1.26e+01
2026-04-16 17:17:50,191 
[6000/6273]| Loss diff_H:7.57e+00 diff_O:9.72e-01 hm_H:2.38e+00 hm_O:1.81e+00 vert:2.49e-01 joint:2.68e-01 mano_pose:5.90e-02 mano_shape:1.15e-02 force:9.39e-02 gravity:5.37e-02 torque:3.14e-02 supervised:8.76e-02 CoM:2.62e-02 total:1.36e+01
2026-04-16 17:19:05,919 
Evaluation on subtest dataset: 13128
2026-04-16 17:32:20,060 
Hand Evaluation: 13128 samples
2026-04-16 17:32:20,078 
regression: 
         MJE PA_MJE MJE_0 MJE_1 MJE_2  ... MJE_16 MJE_17 MJE_18 MJE_19 MJE_20
right  11.68   5.24  0.00  4.43  7.61  ...  18.54   8.66  11.14  13.62  18.22
left   12.13   5.04  0.00  4.74  8.18  ...  17.88   9.35  12.04  14.29  18.16
both   11.90   5.14  0.00  4.58  7.90  ...  18.21   9.00  11.59  13.95  18.19

[3 rows x 23 columns]
2026-04-16 17:32:20,084 
one_candidate: 
         MJE PA_MJE MJE_0 MJE_1  MJE_2  ... MJE_16 MJE_17 MJE_18 MJE_19 MJE_20
right  17.62   7.11  0.00  6.61  11.78  ...  26.65  13.09  16.59  19.82  25.58
left   17.87   6.99  0.00  6.74  12.02  ...  26.27  13.52  17.35  20.71  26.26
both   17.74   7.05  0.00  6.68  11.90  ...  26.46  13.31  16.97  20.27  25.91

[3 rows x 23 columns]
2026-04-16 17:32:20,091 
mean_candidate_mano: 
         MJE PA_MJE MJE_0 MJE_1 MJE_2  ... MJE_16 MJE_17 MJE_18 MJE_19 MJE_20
right  10.10   5.31  0.00  4.03  6.81  ...  16.71   7.83   9.95  12.23  16.49
left   10.44   5.19  0.00  4.33  7.26  ...  16.12   8.30  10.55  12.62  16.44
both   10.27   5.25  0.00  4.18  7.03  ...  16.42   8.07  10.25  12.42  16.46

[3 rows x 23 columns]
2026-04-16 17:32:20,208 
Object Evaluation: 13128 samples 
Mean Pose: 
                          MCE   MCE2    OCE  ...  ADD01d ADDS01d    REP
002_master_chef_can     54.74  21.11  20.14  ...  37.70%  92.64%  19.37
003_cracker_box         29.86  25.66  24.39  ...  70.81%  92.74%   8.96
004_sugar_box           36.36  26.23  23.51  ...  57.96%  86.49%  10.46
005_tomato_soup_can     45.47  24.52  23.31  ...  18.38%  78.82%  15.27
006_mustard_bottle      29.80  20.32  18.82  ...  66.82%  92.87%   9.60
007_tuna_fish_can       52.13  22.88  22.01  ...  15.67%  75.12%  17.05
008_pudding_box         45.26  34.58  32.95  ...  44.70%  80.70%  14.10
009_gelatin_box         35.39  27.45  26.22  ...  33.74%  75.84%   9.91
010_potted_meat_can     39.56  22.30  20.99  ...  34.76%  82.92%  14.28
011_banana              55.03  32.66  26.03  ...  42.24%  79.10%  14.56
019_pitcher_base        58.67  38.29  36.62  ...  53.53%  89.62%  18.07
021_bleach_cleanser     48.21  29.02  25.11  ...  59.88%  89.20%  16.03
024_bowl               119.43  23.83  22.54  ...  19.87%  89.27%  37.48
025_mug                 49.91  24.72  24.29  ...  29.52%  84.54%  13.97
035_power_drill         43.66  31.76  29.29  ...  58.37%  89.05%  12.19
036_wood_block         138.05  32.90  27.75  ...   6.59%  85.34%  56.25
037_scissors            64.09  36.05  31.05  ...  31.23%  72.67%  15.47
040_large_marker        40.06  27.71  24.46  ...   9.02%  62.83%  11.13
052_extra_large_clamp  110.60  35.59  27.32  ...  29.27%  86.13%  27.64
061_foam_brick          63.89  26.76  25.16  ...   9.03%  66.88%  23.38
average_instance        57.52  28.21  25.61  ...  36.68%  82.66%  18.05

[21 rows x 8 columns]
2026-04-16 17:32:20,528 
Epoch: 29/100 | Learning Rate: 6.122e-05
2026-04-16 17:32:22,810 
[0000/6273]| Loss diff_H:6.70e+00 diff_O:1.03e+00 hm_H:2.47e+00 hm_O:1.79e+00 vert:2.08e-01 joint:2.23e-01 mano_pose:4.03e-02 mano_shape:1.26e-02 force:8.54e-02 gravity:4.71e-02 torque:3.61e-02 supervised:5.58e-02 CoM:3.77e-02 total:1.27e+01
2026-04-16 17:34:40,583 
[0500/6273]| Loss diff_H:6.52e+00 diff_O:1.19e+00 hm_H:2.31e+00 hm_O:1.90e+00 vert:2.65e-01 joint:2.87e-01 mano_pose:4.75e-02 mano_shape:5.54e-03 force:1.27e-01 gravity:8.22e-02 torque:4.41e-02 supervised:7.30e-02 CoM:1.48e-02 total:1.29e+01
2026-04-16 17:36:58,651 
[1000/6273]| Loss diff_H:6.35e+00 diff_O:9.65e-01 hm_H:2.43e+00 hm_O:1.77e+00 vert:2.58e-01 joint:2.77e-01 mano_pose:4.24e-02 mano_shape:7.62e-03 force:1.21e-01 gravity:7.92e-02 torque:4.35e-02 supervised:8.21e-02 CoM:2.37e-02 total:1.25e+01
2026-04-16 17:39:16,940 
[1500/6273]| Loss diff_H:6.73e+00 diff_O:1.16e+00 hm_H:2.33e+00 hm_O:1.95e+00 vert:1.52e-01 joint:1.61e-01 mano_pose:3.68e-02 mano_shape:8.10e-03 force:1.01e-01 gravity:7.41e-02 torque:2.50e-02 supervised:6.32e-02 CoM:2.25e-02 total:1.28e+01
2026-04-16 17:41:35,018 
[2000/6273]| Loss diff_H:6.69e+00 diff_O:9.80e-01 hm_H:2.32e+00 hm_O:1.91e+00 vert:1.55e-01 joint:1.67e-01 mano_pose:3.01e-02 mano_shape:5.12e-03 force:1.25e-01 gravity:7.06e-02 torque:3.32e-02 supervised:6.41e-02 CoM:1.62e-02 total:1.26e+01
2026-04-16 17:43:53,138 
[2500/6273]| Loss diff_H:6.61e+00 diff_O:1.02e+00 hm_H:2.25e+00 hm_O:1.81e+00 vert:2.53e-01 joint:2.75e-01 mano_pose:3.26e-02 mano_shape:7.32e-03 force:1.05e-01 gravity:8.01e-02 torque:2.78e-02 supervised:6.65e-02 CoM:3.08e-02 total:1.26e+01
2026-04-16 17:46:11,076 
[3000/6273]| Loss diff_H:6.86e+00 diff_O:1.03e+00 hm_H:2.28e+00 hm_O:1.77e+00 vert:1.90e-01 joint:2.05e-01 mano_pose:3.87e-02 mano_shape:6.67e-03 force:8.81e-02 gravity:5.90e-02 torque:3.15e-02 supervised:7.75e-02 CoM:1.50e-02 total:1.27e+01
2026-04-16 17:48:29,090 
[3500/6273]| Loss diff_H:6.54e+00 diff_O:1.04e+00 hm_H:2.16e+00 hm_O:1.91e+00 vert:1.93e-01 joint:2.09e-01 mano_pose:4.42e-02 mano_shape:5.11e-03 force:8.12e-02 gravity:3.64e-02 torque:3.67e-02 supervised:6.78e-02 CoM:1.51e-02 total:1.23e+01
2026-04-16 17:50:47,174 
[4000/6273]| Loss diff_H:6.77e+00 diff_O:1.02e+00 hm_H:2.23e+00 hm_O:1.86e+00 vert:1.90e-01 joint:2.02e-01 mano_pose:2.95e-02 mano_shape:7.51e-03 force:8.60e-02 gravity:5.40e-02 torque:3.88e-02 supervised:8.35e-02 CoM:1.78e-02 total:1.26e+01
2026-04-16 17:53:05,321 
[4500/6273]| Loss diff_H:6.60e+00 diff_O:1.06e+00 hm_H:2.38e+00 hm_O:1.85e+00 vert:2.21e-01 joint:2.37e-01 mano_pose:3.91e-02 mano_shape:1.19e-02 force:1.14e-01 gravity:5.06e-02 torque:3.83e-02 supervised:7.53e-02 CoM:1.66e-02 total:1.27e+01
2026-04-16 17:55:23,362 
[5000/6273]| Loss diff_H:6.74e+00 diff_O:1.05e+00 hm_H:2.43e+00 hm_O:1.73e+00 vert:2.11e-01 joint:2.26e-01 mano_pose:3.74e-02 mano_shape:7.70e-03 force:4.76e-02 gravity:2.48e-02 torque:2.58e-02 supervised:6.47e-02 CoM:2.28e-02 total:1.26e+01
2026-04-16 17:57:41,449 
[5500/6273]| Loss diff_H:7.05e+00 diff_O:1.09e+00 hm_H:2.32e+00 hm_O:1.86e+00 vert:1.67e-01 joint:1.79e-01 mano_pose:3.55e-02 mano_shape:5.24e-03 force:9.26e-02 gravity:4.94e-02 torque:4.48e-02 supervised:8.27e-02 CoM:1.84e-02 total:1.30e+01
2026-04-16 17:59:59,469 
[6000/6273]| Loss diff_H:7.21e+00 diff_O:1.02e+00 hm_H:2.35e+00 hm_O:1.76e+00 vert:2.63e-01 joint:2.84e-01 mano_pose:4.24e-02 mano_shape:1.56e-02 force:1.22e-01 gravity:6.90e-02 torque:2.75e-02 supervised:6.62e-02 CoM:1.74e-02 total:1.33e+01
2026-04-16 18:01:15,182 
Evaluation on subtest dataset: 13128
2026-04-16 18:11:45,039 
Hand Evaluation: 13128 samples
2026-04-16 18:11:45,095 
regression: 
         MJE PA_MJE MJE_0 MJE_1 MJE_2  ... MJE_16 MJE_17 MJE_18 MJE_19 MJE_20
right  11.86   5.32  0.00  4.40  7.64  ...  18.87   8.77  11.29  13.80  18.47
left   12.20   5.11  0.00  4.72  8.12  ...  18.15   9.37  12.08  14.35  18.34
both   12.03   5.22  0.00  4.56  7.88  ...  18.51   9.07  11.68  14.07  18.40

[3 rows x 23 columns]
2026-04-16 18:11:45,114 
one_candidate: 
         MJE PA_MJE MJE_0 MJE_1  MJE_2  ... MJE_16 MJE_17 MJE_18 MJE_19 MJE_20
right  17.59   7.21  0.00  6.49  11.70  ...  27.01  12.96  16.34  19.57  25.40
left   17.70   6.97  0.00  6.74  12.00  ...  26.15  13.16  16.91  20.17  25.78
both   17.65   7.09  0.00  6.62  11.85  ...  26.59  13.06  16.63  19.87  25.59

[3 rows x 23 columns]
2026-04-16 18:11:45,122 
mean_candidate_mano: 
         MJE PA_MJE MJE_0 MJE_1 MJE_2  ... MJE_16 MJE_17 MJE_18 MJE_19 MJE_20
right  10.20   5.38  0.00  4.02  6.82  ...  16.92   7.93  10.00  12.26  16.44
left   10.44   5.20  0.00  4.36  7.36  ...  16.08   8.31  10.52  12.54  16.34
both   10.32   5.29  0.00  4.19  7.09  ...  16.50   8.12  10.26  12.40  16.39

[3 rows x 23 columns]
2026-04-16 18:11:45,240 
Object Evaluation: 13128 samples 
Mean Pose: 
                          MCE   MCE2    OCE  ...  ADD01d ADDS01d    REP
002_master_chef_can     55.18  21.48  20.51  ...  40.06%  91.02%  19.69
003_cracker_box         30.03  26.04  24.87  ...  70.67%  92.89%   8.66
004_sugar_box           35.92  26.23  23.64  ...  54.95%  88.74%  10.41
005_tomato_soup_can     43.48  22.57  21.34  ...  20.88%  81.18%  15.26
006_mustard_bottle      31.82  21.34  19.89  ...  65.89%  92.71%   9.69
007_tuna_fish_can       51.76  21.82  21.08  ...  16.74%  77.27%  17.10
008_pudding_box         45.66  35.12  33.54  ...  46.88%  77.94%  14.48
009_gelatin_box         35.40  27.37  26.07  ...  33.74%  75.38%   9.84
010_potted_meat_can     38.13  21.80  20.47  ...  38.29%  83.51%  13.31
011_banana              57.88  31.39  24.70  ...  41.79%  80.60%  15.43
019_pitcher_base        55.76  38.91  37.57  ...  54.44%  87.52%  17.50
021_bleach_cleanser     44.92  28.72  25.16  ...  61.73%  90.12%  14.24
024_bowl               115.02  24.50  23.28  ...  19.09%  89.75%  36.07
025_mug                 50.24  24.79  24.16  ...  30.91%  84.70%  13.95
035_power_drill         42.63  31.18  29.08  ...  59.62%  88.42%  11.74
036_wood_block         138.83  33.51  28.54  ...   6.75%  84.18%  56.61
037_scissors            62.86  35.16  29.09  ...  33.33%  73.57%  14.93
040_large_marker        40.13  27.19  23.66  ...  11.82%  61.59%  11.73
052_extra_large_clamp  116.14  36.67  27.42  ...  25.61%  83.99%  28.82
061_foam_brick          62.95  25.78  24.11  ...  11.57%  66.56%  23.25
average_instance        57.25  28.07  25.41  ...  37.48%  82.61%  17.93

[21 rows x 8 columns]
2026-04-16 18:11:45,592 
Epoch: 30/100 | Learning Rate: 5.877e-05
2026-04-16 18:11:47,776 
[0000/6273]| Loss diff_H:6.92e+00 diff_O:1.14e+00 hm_H:2.51e+00 hm_O:1.95e+00 vert:2.00e-01 joint:2.16e-01 mano_pose:4.49e-02 mano_shape:7.39e-03 force:8.95e-02 gravity:4.83e-02 torque:2.47e-02 supervised:6.03e-02 CoM:2.94e-02 total:1.32e+01
2026-04-16 18:14:05,785 
[0500/6273]| Loss diff_H:6.59e+00 diff_O:1.04e+00 hm_H:2.10e+00 hm_O:1.88e+00 vert:2.17e-01 joint:2.29e-01 mano_pose:3.15e-02 mano_shape:7.39e-03 force:8.54e-02 gravity:3.22e-02 torque:3.75e-02 supervised:9.18e-02 CoM:1.60e-02 total:1.24e+01
2026-04-16 18:16:24,640 
[1000/6273]| Loss diff_H:6.76e+00 diff_O:1.02e+00 hm_H:2.14e+00 hm_O:1.85e+00 vert:1.53e-01 joint:1.64e-01 mano_pose:2.55e-02 mano_shape:6.64e-03 force:4.22e-02 gravity:1.53e-02 torque:3.05e-02 supervised:6.79e-02 CoM:1.67e-02 total:1.23e+01
2026-04-16 18:18:42,795 
[1500/6273]| Loss diff_H:7.04e+00 diff_O:1.08e+00 hm_H:2.42e+00 hm_O:1.79e+00 vert:4.02e-01 joint:4.34e-01 mano_pose:4.65e-02 mano_shape:1.33e-02 force:1.31e-01 gravity:7.78e-02 torque:3.39e-02 supervised:8.55e-02 CoM:1.81e-02 total:1.36e+01
2026-04-16 18:21:00,988 
[2000/6273]| Loss diff_H:6.53e+00 diff_O:1.03e+00 hm_H:2.29e+00 hm_O:1.90e+00 vert:1.65e-01 joint:1.77e-01 mano_pose:3.30e-02 mano_shape:8.08e-03 force:5.54e-02 gravity:2.70e-02 torque:4.20e-02 supervised:4.87e-02 CoM:3.18e-02 total:1.23e+01
2026-04-16 18:23:19,136 
[2500/6273]| Loss diff_H:7.07e+00 diff_O:1.00e+00 hm_H:2.17e+00 hm_O:1.86e+00 vert:2.37e-01 joint:2.57e-01 mano_pose:4.72e-02 mano_shape:5.37e-03 force:7.12e-02 gravity:3.07e-02 torque:4.60e-02 supervised:5.63e-02 CoM:1.58e-02 total:1.29e+01
2026-04-16 18:25:37,297 
[3000/6273]| Loss diff_H:6.22e+00 diff_O:1.03e+00 hm_H:2.28e+00 hm_O:1.89e+00 vert:2.56e-01 joint:2.72e-01 mano_pose:2.81e-02 mano_shape:1.20e-02 force:1.14e-01 gravity:7.11e-02 torque:3.99e-02 supervised:8.48e-02 CoM:2.06e-02 total:1.23e+01
2026-04-16 18:27:55,643 
[3500/6273]| Loss diff_H:6.82e+00 diff_O:1.11e+00 hm_H:2.33e+00 hm_O:1.99e+00 vert:2.43e-01 joint:2.61e-01 mano_pose:4.39e-02 mano_shape:1.12e-02 force:1.23e-01 gravity:7.62e-02 torque:4.69e-02 supervised:7.77e-02 CoM:1.42e-02 total:1.31e+01
2026-04-16 18:30:13,763 
[4000/6273]| Loss diff_H:7.31e+00 diff_O:1.09e+00 hm_H:2.48e+00 hm_O:1.89e+00 vert:2.35e-01 joint:2.57e-01 mano_pose:4.26e-02 mano_shape:9.67e-03 force:6.79e-02 gravity:3.93e-02 torque:3.11e-02 supervised:6.84e-02 CoM:3.01e-02 total:1.35e+01
2026-04-16 18:32:31,851 
[4500/6273]| Loss diff_H:6.29e+00 diff_O:1.04e+00 hm_H:2.31e+00 hm_O:1.81e+00 vert:1.82e-01 joint:1.95e-01 mano_pose:2.86e-02 mano_shape:7.32e-03 force:5.30e-02 gravity:2.66e-02 torque:2.73e-02 supervised:6.24e-02 CoM:3.00e-02 total:1.21e+01
2026-04-16 18:34:50,015 
[5000/6273]| Loss diff_H:6.51e+00 diff_O:9.37e-01 hm_H:2.20e+00 hm_O:1.69e+00 vert:1.96e-01 joint:2.10e-01 mano_pose:3.57e-02 mano_shape:6.83e-03 force:7.96e-02 gravity:4.69e-02 torque:3.11e-02 supervised:6.60e-02 CoM:1.31e-02 total:1.20e+01
2026-04-16 18:37:08,111 
[5500/6273]| Loss diff_H:6.83e+00 diff_O:1.05e+00 hm_H:2.39e+00 hm_O:1.84e+00 vert:2.79e-01 joint:3.00e-01 mano_pose:3.79e-02 mano_shape:9.20e-03 force:8.60e-02 gravity:6.47e-02 torque:3.84e-02 supervised:8.36e-02 CoM:3.18e-02 total:1.30e+01
2026-04-16 18:39:26,330 
[6000/6273]| Loss diff_H:6.65e+00 diff_O:9.56e-01 hm_H:2.16e+00 hm_O:1.74e+00 vert:1.88e-01 joint:2.02e-01 mano_pose:2.90e-02 mano_shape:1.24e-02 force:1.13e-01 gravity:5.84e-02 torque:4.30e-02 supervised:6.99e-02 CoM:1.33e-02 total:1.22e+01
2026-04-16 18:40:41,780 
Evaluation on subtest dataset: 13128
2026-04-16 18:49:28,708 
Hand Evaluation: 13128 samples
2026-04-16 18:49:28,723 
regression: 
         MJE PA_MJE MJE_0 MJE_1 MJE_2  ... MJE_16 MJE_17 MJE_18 MJE_19 MJE_20
right  11.75   5.27  0.00  4.32  7.52  ...  18.73   8.69  11.23  13.69  18.26
left   12.22   5.11  0.00  4.76  8.27  ...  18.09   9.37  12.11  14.38  18.35
both   11.99   5.19  0.00  4.54  7.89  ...  18.41   9.03  11.67  14.04  18.31

[3 rows x 23 columns]
2026-04-16 18:49:28,729 
one_candidate: 
         MJE PA_MJE MJE_0 MJE_1  MJE_2  ... MJE_16 MJE_17 MJE_18 MJE_19 MJE_20
right  17.36   7.10  0.00  6.34  11.39  ...  26.76  12.78  16.24  19.50  25.44
left   17.89   6.99  0.00  6.77  12.02  ...  26.56  13.51  17.33  20.66  26.36
both   17.62   7.05  0.00  6.55  11.70  ...  26.66  13.14  16.78  20.08  25.90

[3 rows x 23 columns]
2026-04-16 18:49:28,736 
mean_candidate_mano: 
         MJE PA_MJE MJE_0 MJE_1 MJE_2  ... MJE_16 MJE_17 MJE_18 MJE_19 MJE_20
right  10.03   5.28  0.00  3.91  6.69  ...  16.65   7.78   9.91  12.14  16.33
left   10.42   5.18  0.00  4.35  7.34  ...  16.09   8.32  10.57  12.63  16.49
both   10.23   5.23  0.00  4.13  7.01  ...  16.37   8.05  10.24  12.38  16.41

[3 rows x 23 columns]
2026-04-16 18:49:28,860 
Object Evaluation: 13128 samples 
Mean Pose: 
                          MCE   MCE2    OCE  ...  ADD01d ADDS01d    REP
002_master_chef_can     52.71  19.62  18.66  ...  40.94%  92.49%  18.97
003_cracker_box         29.56  25.38  24.10  ...  71.85%  93.33%   9.04
004_sugar_box           35.72  25.81  23.35  ...  55.71%  87.54%  10.42
005_tomato_soup_can     43.49  23.00  21.79  ...  22.06%  79.41%  15.12
006_mustard_bottle      29.74  19.76  18.38  ...  69.46%  92.40%   9.62
007_tuna_fish_can       50.86  20.90  20.07  ...  13.82%  79.42%  17.01
008_pudding_box         44.54  34.30  32.57  ...  47.75%  79.97%  14.19
009_gelatin_box         34.03  26.19  24.81  ...  34.80%  76.60%   9.76
010_potted_meat_can     38.46  22.03  20.69  ...  38.14%  82.47%  13.65
011_banana              57.90  31.30  25.26  ...  41.49%  82.69%  15.78
019_pitcher_base        54.22  37.83  35.91  ...  56.24%  88.42%  17.41
021_bleach_cleanser     45.74  27.24  23.68  ...  62.50%  90.74%  15.17
024_bowl               117.64  22.95  21.55  ...  20.50%  91.96%  37.06
025_mug                 48.51  23.43  22.85  ...  31.38%  86.55%  13.57
035_power_drill         41.26  31.30  29.18  ...  58.53%  88.89%  11.38
036_wood_block         138.34  31.66  26.69  ...   7.41%  88.96%  56.66
037_scissors            61.12  34.06  28.99  ...  34.23%  75.23%  14.13
040_large_marker        39.67  27.22  23.84  ...  11.98%  62.83%  11.48
052_extra_large_clamp  106.46  34.47  26.41  ...  29.57%  85.06%  26.85
061_foam_brick          59.31  24.68  23.12  ...  13.47%  72.11%  21.94
average_instance        55.98  27.16  24.61  ...  38.33%  83.85%  17.76

[21 rows x 8 columns]
2026-04-16 18:49:29,183 
Epoch: 31/100 | Learning Rate: 5.642e-05
2026-04-16 18:49:31,450 
[0000/6273]| Loss diff_H:6.95e+00 diff_O:9.62e-01 hm_H:2.24e+00 hm_O:1.88e+00 vert:1.89e-01 joint:2.04e-01 mano_pose:3.80e-02 mano_shape:6.99e-03 force:1.23e-01 gravity:6.63e-02 torque:4.03e-02 supervised:8.30e-02 CoM:1.96e-02 total:1.28e+01
2026-04-16 18:51:49,368 
[0500/6273]| Loss diff_H:6.43e+00 diff_O:9.77e-01 hm_H:2.34e+00 hm_O:1.82e+00 vert:2.57e-01 joint:2.80e-01 mano_pose:3.29e-02 mano_shape:3.29e-03 force:5.35e-02 gravity:1.57e-02 torque:2.59e-02 supervised:5.93e-02 CoM:2.29e-02 total:1.23e+01
2026-04-16 18:54:07,742 
[1000/6273]| Loss diff_H:6.68e+00 diff_O:1.01e+00 hm_H:2.41e+00 hm_O:1.96e+00 vert:1.92e-01 joint:2.08e-01 mano_pose:4.16e-02 mano_shape:7.91e-03 force:1.23e-01 gravity:8.16e-02 torque:3.59e-02 supervised:7.60e-02 CoM:3.12e-02 total:1.29e+01
2026-04-16 18:56:25,830 
[1500/6273]| Loss diff_H:6.85e+00 diff_O:8.97e-01 hm_H:2.44e+00 hm_O:1.68e+00 vert:1.72e-01 joint:1.86e-01 mano_pose:3.17e-02 mano_shape:5.36e-03 force:6.13e-02 gravity:2.77e-02 torque:2.76e-02 supervised:6.09e-02 CoM:1.91e-02 total:1.25e+01
2026-04-16 18:58:44,032 
[2000/6273]| Loss diff_H:6.59e+00 diff_O:1.00e+00 hm_H:2.34e+00 hm_O:1.84e+00 vert:4.64e-01 joint:5.02e-01 mano_pose:3.35e-02 mano_shape:6.30e-03 force:6.72e-02 gravity:4.40e-02 torque:3.21e-02 supervised:5.98e-02 CoM:2.90e-02 total:1.30e+01
2026-04-16 19:01:02,141 
[2500/6273]| Loss diff_H:6.78e+00 diff_O:9.32e-01 hm_H:2.25e+00 hm_O:1.74e+00 vert:1.85e-01 joint:1.99e-01 mano_pose:3.70e-02 mano_shape:4.72e-03 force:1.36e-01 gravity:7.19e-02 torque:4.05e-02 supervised:6.72e-02 CoM:1.95e-02 total:1.25e+01
2026-04-16 19:03:20,275 
[3000/6273]| Loss diff_H:7.05e+00 diff_O:9.92e-01 hm_H:2.32e+00 hm_O:1.87e+00 vert:2.05e-01 joint:2.21e-01 mano_pose:4.24e-02 mano_shape:5.65e-03 force:4.69e-02 gravity:1.51e-02 torque:3.44e-02 supervised:6.49e-02 CoM:2.54e-02 total:1.29e+01
2026-04-16 19:05:38,530 
[3500/6273]| Loss diff_H:7.76e+00 diff_O:9.10e-01 hm_H:2.38e+00 hm_O:1.70e+00 vert:1.82e-01 joint:1.94e-01 mano_pose:4.45e-02 mano_shape:8.59e-03 force:7.33e-02 gravity:3.87e-02 torque:3.06e-02 supervised:8.94e-02 CoM:1.41e-02 total:1.34e+01
2026-04-16 19:07:56,597 
[4000/6273]| Loss diff_H:6.74e+00 diff_O:1.10e+00 hm_H:2.44e+00 hm_O:1.89e+00 vert:2.23e-01 joint:2.36e-01 mano_pose:3.98e-02 mano_shape:4.79e-03 force:9.36e-02 gravity:5.44e-02 torque:3.32e-02 supervised:5.62e-02 CoM:3.97e-02 total:1.29e+01
2026-04-16 19:10:14,754 
[4500/6273]| Loss diff_H:6.43e+00 diff_O:1.04e+00 hm_H:2.01e+00 hm_O:1.83e+00 vert:1.71e-01 joint:1.83e-01 mano_pose:3.67e-02 mano_shape:4.12e-03 force:1.05e-01 gravity:6.05e-02 torque:4.25e-02 supervised:8.50e-02 CoM:1.49e-02 total:1.20e+01
2026-04-16 19:12:32,646 
[5000/6273]| Loss diff_H:6.68e+00 diff_O:1.01e+00 hm_H:2.42e+00 hm_O:1.81e+00 vert:1.70e-01 joint:1.84e-01 mano_pose:2.82e-02 mano_shape:6.24e-03 force:5.56e-02 gravity:3.05e-02 torque:3.58e-02 supervised:7.96e-02 CoM:1.61e-02 total:1.25e+01
2026-04-16 19:14:50,835 
[5500/6273]| Loss diff_H:6.95e+00 diff_O:9.83e-01 hm_H:2.22e+00 hm_O:1.72e+00 vert:2.60e-01 joint:2.78e-01 mano_pose:4.36e-02 mano_shape:1.11e-02 force:1.00e-01 gravity:5.54e-02 torque:3.40e-02 supervised:8.10e-02 CoM:3.36e-02 total:1.28e+01
2026-04-16 19:17:08,837 
[6000/6273]| Loss diff_H:6.63e+00 diff_O:9.32e-01 hm_H:2.38e+00 hm_O:1.70e+00 vert:1.65e-01 joint:1.79e-01 mano_pose:3.42e-02 mano_shape:7.24e-03 force:7.93e-02 gravity:5.23e-02 torque:3.83e-02 supervised:6.35e-02 CoM:2.52e-02 total:1.23e+01
2026-04-16 19:18:29,537 
Evaluation on subtest dataset: 13128
