2024-07-13 22:08:13,780 
{   'RGB_shift_prob': 0.5,
    'base_learning_rate': 0.0002,
    'batch_size': 64,
    'bbox_scale_factor': 1.2,
    'blur_limit': (3, 7),
    'brightness': (0.6, 1.3),
    'center_jittering': 0.2,
    'checkpoint': '',
    'clahe_prob': 0.5,
    'clean_data_mode': '2023_CVPR_HFL',
    'color_jitter_prob': 0.5,
    'contact_normal_distance_thresh': (-0.01, 0.01),
    'contact_vertical_distance_thresh': 0.005,
    'contrast': (0.6, 1.3),
    'data_dir': '/root/Workspace/HOI/data/DexYCB',
    'dataset_name': 'dexycb',
    'eval_batch_size': 32,
    'eval_full': False,
    'eval_num_workers': 8,
    'eval_path': '',
    'eval_repeat_num': 50,
    'full_evaluation_freq': 10,
    'gamma': 0.96,
    'gaussian_blur_prob': 0.5,
    'gradient_accumulation_steps': 1,
    'gradient_clip': -1.0,
    'heatmap_hand_sigma': 2.0,
    'heatmap_obj_sigma': 2.0,
    'heatmap_size': 64,
    'hue': (-0.15, 0.15),
    'img_size': (640, 480),
    'lr_step': 5,
    'mark': 'DexYCB-HBBox-Force',
    'max_epochs': 100,
    'max_rot': 30,
    'mode': 'train',
    'model': 'DiffHandObj_BBox_Force',
    'motion_blur_limit': (3, 7),
    'motion_blur_prob': 0.5,
    'num_workers': 16,
    'optimizer': 'adamw',
    'output_dir': 'output',
    'patch_size': 256,
    'pretrain': '',
    'print_freq': 500,
    'random_erasing_max_area': 0.2,
    'random_erasing_max_count': 1,
    'random_erasing_min_area': 0.02,
    'random_erasing_mode': 'pixel',
    'random_erasing_prob': 0.5,
    'random_seed': 206,
    'remove_pretrained_keys': [],
    'repeat_num': 20,
    'roi_size': 32,
    'rot_prob': 1,
    'sample_T0': 0.55,
    'sample_num': 50,
    'sampler': 'ode',
    'sampling_steps': 500,
    'saturation': (0.6, 1.3),
    'scale_factor': 0.2,
    'scheduler': 'exp',
    'sde_mode': 've',
    'shift_limit': (-20, 20),
    'sigma_limit': (0.2, 2.0),
    'start_with_eval': False,
    'topk_hand': 15,
    'topk_obj': 5,
    'use_mix_trainset': False,
    'viz_freq': 50,
    'weight_CoM_loss': 100.0,
    'weight_diff_hand_loss': 1.0,
    'weight_diff_obj_loss': 1.0,
    'weight_distrib_loss': 1.0,
    'weight_force_loss': 1.0,
    'weight_gravity_loss': 1.0,
    'weight_hand_contact_loss': 1.0,
    'weight_hm_hand_loss': 1000.0,
    'weight_hm_obj_loss': 1000.0,
    'weight_joint2hm_loss': 1000.0,
    'weight_joint_loss': 10000.0,
    'weight_mano_pose_loss': 10,
    'weight_mano_shape_loss': 1.0,
    'weight_point_loss': 100.0,
    'weight_segm_obj_loss': 30.0,
    'weight_supervised_loss': 10,
    'weight_torque_loss': 30.0,
    'weight_vert_loss': 10000.0}
2024-07-13 22:08:15,220 
Epoch: 0/100 | Learning Rate: 2.000e-04
2024-07-13 22:08:28,396 
[0000/3136]| Loss diff_H:9.63e+01 diff_O:8.85e+00 hm_H:4.51e+00 hm_O:3.08e+00 vert:5.29e+01 joint:5.73e+01 mano_pose:7.06e+00 mano_shape:1.64e-01 force:1.04e+00 gravity:9.53e-01 torque:2.19e-02 supervised:6.42e-02 CoM:1.45e+00 total:2.34e+02
2024-07-13 22:12:31,078 
[0500/3136]| Loss diff_H:4.32e+01 diff_O:4.12e+00 hm_H:4.02e+00 hm_O:2.99e+00 vert:5.17e+00 joint:5.55e+00 mano_pose:3.76e-01 mano_shape:1.32e-01 force:4.02e-01 gravity:2.18e-01 torque:4.55e-02 supervised:9.62e-02 CoM:1.77e-01 total:6.65e+01
2024-07-13 22:16:31,911 
[1000/3136]| Loss diff_H:3.41e+01 diff_O:3.97e+00 hm_H:3.95e+00 hm_O:2.98e+00 vert:4.95e+00 joint:5.39e+00 mano_pose:3.12e-01 mano_shape:1.26e-01 force:1.99e-01 gravity:9.98e-02 torque:4.22e-02 supervised:6.94e-02 CoM:3.49e-01 total:5.65e+01
2024-07-13 22:20:35,685 
[1500/3136]| Loss diff_H:2.88e+01 diff_O:3.56e+00 hm_H:3.97e+00 hm_O:2.96e+00 vert:2.25e+00 joint:2.42e+00 mano_pose:2.39e-01 mano_shape:1.62e-01 force:2.09e-01 gravity:1.08e-01 torque:4.80e-02 supervised:7.64e-02 CoM:1.16e-01 total:4.50e+01
2024-07-13 22:24:36,693 
[2000/3136]| Loss diff_H:2.61e+01 diff_O:3.42e+00 hm_H:3.87e+00 hm_O:2.95e+00 vert:1.95e+00 joint:2.09e+00 mano_pose:1.92e-01 mano_shape:1.16e-01 force:2.54e-01 gravity:1.54e-01 torque:3.86e-02 supervised:9.23e-02 CoM:1.30e-01 total:4.14e+01
2024-07-13 22:28:38,309 
[2500/3136]| Loss diff_H:2.54e+01 diff_O:3.43e+00 hm_H:3.71e+00 hm_O:2.93e+00 vert:2.34e+00 joint:2.52e+00 mano_pose:2.19e-01 mano_shape:1.28e-01 force:2.45e-01 gravity:1.47e-01 torque:3.60e-02 supervised:8.33e-02 CoM:1.34e-01 total:4.13e+01
2024-07-13 22:32:39,931 
[3000/3136]| Loss diff_H:2.34e+01 diff_O:3.15e+00 hm_H:3.90e+00 hm_O:2.92e+00 vert:1.50e+00 joint:1.60e+00 mano_pose:1.86e-01 mano_shape:1.09e-01 force:1.89e-01 gravity:9.96e-02 torque:3.00e-02 supervised:8.57e-02 CoM:5.11e-02 total:3.72e+01
2024-07-13 22:33:45,486 
Evaluation on subtest dataset: 7877
2024-07-13 22:38:17,435 
Hand Evaluation: 7936 samples
2024-07-13 22:38:17,450 
regression: 
         MJE PA_MJE MJE_0 MJE_1  MJE_2  MJE_3  MJE_4  MJE_5  MJE_6  MJE_7  MJE_8  MJE_9 MJE_10 MJE_11 MJE_12 MJE_13 MJE_14 MJE_15 MJE_16 MJE_17 MJE_18 MJE_19 MJE_20
right  20.94   8.07  0.00  8.77  15.18  20.69  28.22  17.19  22.56  25.54  30.14  17.39  22.17  25.05  30.38  16.24  20.54  23.78  29.61  16.54  19.54  22.42  27.82
left   21.73   8.37  0.00  9.53  16.45  22.09  30.38  17.70  23.37  25.68  30.65  18.17  22.91  24.84  30.48  17.29  21.18  23.85  29.81  17.94  21.12  23.82  29.14
both   21.33   8.22  0.00  9.15  15.81  21.38  29.29  17.44  22.96  25.61  30.39  17.77  22.53  24.95  30.43  16.76  20.86  23.82  29.71  17.23  20.32  23.11  28.47
2024-07-13 22:38:17,461 
one_candidate: 
         MJE PA_MJE MJE_0  MJE_1  MJE_2  MJE_3  MJE_4  MJE_5  MJE_6  MJE_7  MJE_8  MJE_9 MJE_10 MJE_11 MJE_12 MJE_13 MJE_14 MJE_15 MJE_16 MJE_17 MJE_18 MJE_19 MJE_20
right  42.23  13.70  0.00  15.56  29.31  41.35  57.69  33.98  46.04  52.86  62.04  34.89  46.43  53.02  62.46  31.74  42.38  49.81  60.10  30.83  38.25  44.37  53.79
left   42.55  13.21  0.00  15.92  29.30  41.00  57.10  34.36  46.39  53.01  62.37  35.42  46.75  53.14  63.00  32.53  42.57  49.69  59.94  31.91  39.44  45.30  54.42
both   42.39  13.46  0.00  15.74  29.31  41.18  57.40  34.17  46.21  52.94  62.20  35.15  46.59  53.08  62.73  32.13  42.47  49.75  60.02  31.36  38.83  44.83  54.11
2024-07-13 22:38:17,471 
mean_candidate_mano: 
         MJE PA_MJE MJE_0 MJE_1  MJE_2  MJE_3  MJE_4  MJE_5  MJE_6  MJE_7  MJE_8  MJE_9 MJE_10 MJE_11 MJE_12 MJE_13 MJE_14 MJE_15 MJE_16 MJE_17 MJE_18 MJE_19 MJE_20
right  19.80   8.74  0.00  8.46  14.39  19.19  25.88  16.30  20.47  22.45  26.32  16.37  20.78  23.23  28.65  15.23  19.63  23.25  29.96  15.54  18.75  22.30  28.67
left   19.19   8.69  0.00  8.79  14.18  18.34  24.50  15.68  19.48  21.22  25.43  15.85  19.62  21.98  27.46  15.21  18.85  22.15  28.33  16.09  19.35  22.39  28.17
both   19.50   8.71  0.00  8.62  14.29  18.77  25.20  15.99  19.98  21.84  25.88  16.11  20.20  22.62  28.06  15.22  19.24  22.70  29.15  15.81  19.04  22.34  28.43
2024-07-13 22:38:17,571 
Object Evaluation: 7936 samples 
Mean Pose: 
                          MCE    OCE     ADD   ADDS ADD01d ADDS01d    REP
002_master_chef_can    116.72  33.30   80.84  19.28  0.65%  74.14%  41.10
003_cracker_box        143.50  40.13  100.51  28.03  1.47%  58.97%  51.62
004_sugar_box          104.79  38.13   74.92  26.03  0.50%  47.25%  34.33
005_tomato_soup_can     88.92  32.93   64.23  19.51  0.00%  56.10%  32.05
006_mustard_bottle     102.84  32.38   66.24  22.18  2.08%  68.05%  30.88
007_tuna_fish_can       87.69  31.42   58.51  18.87  0.51%  48.21%  27.91
008_pudding_box        115.21  46.53   85.44  32.99  0.24%  60.83%  44.52
009_gelatin_box         89.63  37.06   66.09  24.15  0.51%  52.41%  32.75
010_potted_meat_can     94.92  30.86   66.32  17.83  0.73%  55.47%  34.41
011_banana             112.60  40.57   68.69  31.94  1.50%  32.50%  30.93
019_pitcher_base       174.13  55.74  109.21  33.57  1.76%  66.33%  53.06
021_bleach_cleanser    138.07  40.49   87.08  30.23  1.54%  54.87%  41.49
024_bowl               147.04  34.12   85.13  24.55  2.37%  56.58%  44.16
025_mug                110.84  35.76   67.39  18.69  0.26%  68.81%  33.54
035_power_drill        167.66  47.01   98.99  36.43  1.31%  31.41%  52.51
036_wood_block         163.34  44.43  116.43  29.06  0.27%  53.15%  65.27
037_scissors           126.52  46.29   72.16  36.30  0.75%  26.43%  33.83
040_large_marker        69.65  33.45   49.57  27.87  0.52%  20.78%  20.19
052_extra_large_clamp  182.61  42.25   94.26  35.08  0.25%  42.24%  49.33
061_foam_brick          81.96  34.44   62.40  20.71  0.00%  47.76%  30.79
average_instance       120.69  38.82   78.64  26.60  0.86%  51.36%  39.18
2024-07-13 22:38:18,774 
Epoch: 1/100 | Learning Rate: 1.920e-04
2024-07-13 22:38:25,986 
[0000/3136]| Loss diff_H:2.25e+01 diff_O:3.26e+00 hm_H:3.67e+00 hm_O:2.92e+00 vert:2.06e+00 joint:2.22e+00 mano_pose:1.87e-01 mano_shape:9.25e-02 force:2.06e-01 gravity:1.07e-01 torque:4.65e-02 supervised:8.42e-02 CoM:7.28e-02 total:3.74e+01
2024-07-13 22:42:27,053 
[0500/3136]| Loss diff_H:2.30e+01 diff_O:3.09e+00 hm_H:3.50e+00 hm_O:2.89e+00 vert:1.57e+00 joint:1.69e+00 mano_pose:1.84e-01 mano_shape:9.99e-02 force:2.30e-01 gravity:1.33e-01 torque:3.83e-02 supervised:7.88e-02 CoM:7.81e-02 total:3.66e+01
2024-07-13 22:46:28,730 
[1000/3136]| Loss diff_H:2.11e+01 diff_O:2.79e+00 hm_H:3.50e+00 hm_O:2.89e+00 vert:1.54e+00 joint:1.67e+00 mano_pose:1.68e-01 mano_shape:6.04e-02 force:2.00e-01 gravity:1.06e-01 torque:4.06e-02 supervised:7.52e-02 CoM:9.42e-02 total:3.42e+01
2024-07-13 22:50:32,593 
[1500/3136]| Loss diff_H:2.00e+01 diff_O:3.15e+00 hm_H:3.80e+00 hm_O:2.89e+00 vert:2.83e+00 joint:3.07e+00 mano_pose:2.41e-01 mano_shape:1.00e-01 force:1.33e-01 gravity:4.49e-02 torque:3.53e-02 supervised:5.98e-02 CoM:1.07e-01 total:3.65e+01
2024-07-13 22:54:37,631 
[2000/3136]| Loss diff_H:2.01e+01 diff_O:2.96e+00 hm_H:3.49e+00 hm_O:2.86e+00 vert:1.67e+00 joint:1.80e+00 mano_pose:1.77e-01 mano_shape:7.94e-02 force:1.50e-01 gravity:5.41e-02 torque:4.55e-02 supervised:7.30e-02 CoM:4.67e-02 total:3.35e+01
2024-07-13 22:58:45,962 
[2500/3136]| Loss diff_H:1.97e+01 diff_O:2.75e+00 hm_H:3.50e+00 hm_O:2.84e+00 vert:1.52e+00 joint:1.66e+00 mano_pose:1.81e-01 mano_shape:1.05e-01 force:1.69e-01 gravity:8.27e-02 torque:3.79e-02 supervised:7.75e-02 CoM:6.88e-02 total:3.27e+01
2024-07-13 23:02:54,440 
[3000/3136]| Loss diff_H:1.88e+01 diff_O:2.91e+00 hm_H:3.41e+00 hm_O:2.84e+00 vert:1.21e+00 joint:1.31e+00 mano_pose:1.57e-01 mano_shape:9.49e-02 force:1.96e-01 gravity:1.36e-01 torque:3.55e-02 supervised:7.45e-02 CoM:8.97e-02 total:3.12e+01
2024-07-13 23:04:01,100 
Evaluation on subtest dataset: 7877
2024-07-13 23:08:17,542 
Hand Evaluation: 7936 samples
2024-07-13 23:08:17,558 
regression: 
         MJE PA_MJE MJE_0 MJE_1  MJE_2  MJE_3  MJE_4  MJE_5  MJE_6  MJE_7  MJE_8  MJE_9 MJE_10 MJE_11 MJE_12 MJE_13 MJE_14 MJE_15 MJE_16 MJE_17 MJE_18 MJE_19 MJE_20
right  18.55   7.44  0.00  7.76  13.30  18.29  25.05  15.27  19.74  22.11  25.96  15.39  19.73  22.16  26.68  14.26  18.36  21.32  26.55  14.43  17.38  20.29  25.59
left   18.97   7.61  0.00  8.24  14.07  18.94  26.04  15.28  20.31  22.71  27.26  15.37  19.97  22.06  26.74  14.37  18.48  21.31  26.53  14.77  18.24  21.21  26.54
both   18.76   7.52  0.00  8.00  13.68  18.61  25.54  15.28  20.02  22.40  26.60  15.38  19.84  22.11  26.71  14.31  18.42  21.32  26.54  14.60  17.80  20.75  26.06
2024-07-13 23:08:17,573 
one_candidate: 
         MJE PA_MJE MJE_0  MJE_1  MJE_2  MJE_3  MJE_4  MJE_5  MJE_6  MJE_7  MJE_8  MJE_9 MJE_10 MJE_11 MJE_12 MJE_13 MJE_14 MJE_15 MJE_16 MJE_17 MJE_18 MJE_19 MJE_20
right  38.65  12.50  0.00  14.09  25.34  35.78  50.18  30.97  41.95  47.95  56.28  32.10  42.95  48.94  57.86  29.48  39.27  46.00  55.71  28.78  35.69  41.49  50.91
left   39.71  12.13  0.00  14.77  26.64  37.27  52.06  31.87  43.20  49.27  57.77  33.14  43.86  49.43  58.47  30.70  40.26  46.69  56.18  30.27  37.40  42.87  51.80
both   39.17  12.32  0.00  14.42  25.98  36.52  51.11  31.42  42.57  48.60  57.02  32.61  43.40  49.18  58.16  30.08  39.76  46.34  55.94  29.51  36.53  42.17  51.35
2024-07-13 23:08:17,585 
mean_candidate_mano: 
         MJE PA_MJE MJE_0 MJE_1  MJE_2  MJE_3  MJE_4  MJE_5  MJE_6  MJE_7  MJE_8  MJE_9 MJE_10 MJE_11 MJE_12 MJE_13 MJE_14 MJE_15 MJE_16 MJE_17 MJE_18 MJE_19 MJE_20
right  16.84   7.84  0.00  7.03  11.65  15.60  21.25  13.72  17.12  18.70  22.03  13.98  17.90  20.01  24.72  13.20  16.92  19.86  25.72  13.60  16.27  19.27  25.00
left   16.75   7.77  0.00  7.48  12.00  15.56  21.01  13.27  17.03  18.82  22.72  13.55  17.46  19.55  24.50  13.07  16.47  19.39  24.93  13.82  16.70  19.51  24.99
both   16.79   7.81  0.00  7.25  11.82  15.58  21.13  13.50  17.08  18.75  22.37  13.77  17.68  19.78  24.61  13.14  16.70  19.63  25.33  13.71  16.48  19.38  24.99
2024-07-13 23:08:17,712 
Object Evaluation: 7936 samples 
Mean Pose: 
                          MCE    OCE     ADD   ADDS  ADD01d ADDS01d    REP
002_master_chef_can    103.74  31.65   72.48  17.64   1.08%  76.51%  35.34
003_cracker_box         77.15  38.83   60.27  23.54  15.97%  76.41%  24.80
004_sugar_box           75.54  37.43   57.57  23.70   8.25%  55.50%  21.78
005_tomato_soup_can     74.07  31.64   54.92  18.25   1.22%  53.66%  24.51
006_mustard_bottle      71.47  31.43   49.66  19.07  14.81%  74.03%  20.40
007_tuna_fish_can       79.06  30.44   53.57  17.34   1.53%  52.04%  25.27
008_pudding_box         83.69  44.11   66.27  30.38   9.25%  71.78%  28.89
009_gelatin_box         63.28  34.07   49.92  21.19   8.86%  61.77%  20.11
010_potted_meat_can     73.86  30.84   54.35  17.57   3.16%  59.85%  24.69
011_banana              97.89  36.30   60.74  27.95   6.75%  45.75%  25.72
019_pitcher_base       123.45  49.13   81.97  27.79  11.81%  78.39%  36.78
021_bleach_cleanser    107.92  39.29   71.38  26.37   6.92%  66.67%  31.73
024_bowl               136.42  31.00   78.81  20.34   3.42%  69.21%  41.25
025_mug                 84.40  31.09   53.46  15.92   4.64%  76.80%  24.84
035_power_drill        114.46  42.12   72.27  31.19   6.28%  50.52%  32.89
036_wood_block         151.24  40.81  108.20  25.98   0.82%  56.71%  59.77
037_scissors           111.15  42.88   64.39  33.09   3.24%  33.42%  27.01
040_large_marker        58.63  32.01   43.55  25.36   1.56%  24.68%  15.03
052_extra_large_clamp  145.58  38.18   76.70  31.63   1.53%  52.93%  36.21
061_foam_brick          74.65  32.40   57.29  19.19   0.26%  46.97%  28.74
average_instance        95.13  36.26   64.28  23.63   5.57%  59.39%  29.20
2024-07-13 23:08:18,346 
Epoch: 2/100 | Learning Rate: 1.843e-04
2024-07-13 23:08:25,850 
[0000/3136]| Loss diff_H:1.90e+01 diff_O:3.00e+00 hm_H:3.44e+00 hm_O:2.85e+00 vert:1.77e+00 joint:1.91e+00 mano_pose:1.74e-01 mano_shape:1.04e-01 force:1.89e-01 gravity:9.57e-02 torque:2.78e-02 supervised:6.08e-02 CoM:5.82e-02 total:3.27e+01
2024-07-13 23:12:34,775 
[0500/3136]| Loss diff_H:1.85e+01 diff_O:2.82e+00 hm_H:3.43e+00 hm_O:2.82e+00 vert:1.58e+00 joint:1.72e+00 mano_pose:2.07e-01 mano_shape:9.92e-02 force:2.07e-01 gravity:9.63e-02 torque:4.62e-02 supervised:7.99e-02 CoM:4.97e-02 total:3.16e+01
2024-07-13 23:16:43,226 
[1000/3136]| Loss diff_H:1.74e+01 diff_O:2.87e+00 hm_H:3.39e+00 hm_O:2.84e+00 vert:1.02e+00 joint:1.09e+00 mano_pose:1.47e-01 mano_shape:1.06e-01 force:1.80e-01 gravity:8.36e-02 torque:4.96e-02 supervised:8.34e-02 CoM:3.83e-02 total:2.93e+01
2024-07-13 23:20:53,764 
[1500/3136]| Loss diff_H:1.72e+01 diff_O:2.83e+00 hm_H:3.31e+00 hm_O:2.84e+00 vert:1.39e+00 joint:1.50e+00 mano_pose:1.69e-01 mano_shape:8.68e-02 force:1.93e-01 gravity:9.14e-02 torque:4.75e-02 supervised:8.30e-02 CoM:7.51e-02 total:2.98e+01
2024-07-13 23:24:59,772 
[2000/3136]| Loss diff_H:1.74e+01 diff_O:2.73e+00 hm_H:3.32e+00 hm_O:2.82e+00 vert:1.34e+00 joint:1.45e+00 mano_pose:1.44e-01 mano_shape:6.74e-02 force:1.70e-01 gravity:9.77e-02 torque:3.28e-02 supervised:7.82e-02 CoM:6.57e-02 total:2.97e+01
2024-07-13 23:29:06,363 
[2500/3136]| Loss diff_H:1.71e+01 diff_O:2.48e+00 hm_H:3.29e+00 hm_O:2.84e+00 vert:1.17e+00 joint:1.25e+00 mano_pose:1.35e-01 mano_shape:6.77e-02 force:1.50e-01 gravity:6.17e-02 torque:3.58e-02 supervised:6.59e-02 CoM:4.48e-02 total:2.87e+01
2024-07-13 23:33:16,486 
[3000/3136]| Loss diff_H:1.60e+01 diff_O:2.68e+00 hm_H:3.30e+00 hm_O:2.81e+00 vert:9.47e-01 joint:1.03e+00 mano_pose:1.34e-01 mano_shape:7.63e-02 force:1.79e-01 gravity:9.00e-02 torque:3.32e-02 supervised:6.31e-02 CoM:6.89e-02 total:2.74e+01
2024-07-13 23:34:22,622 
Evaluation on subtest dataset: 7877
2024-07-13 23:38:46,009 
Hand Evaluation: 7936 samples
2024-07-13 23:38:46,022 
regression: 
         MJE PA_MJE MJE_0 MJE_1  MJE_2  MJE_3  MJE_4  MJE_5  MJE_6  MJE_7  MJE_8  MJE_9 MJE_10 MJE_11 MJE_12 MJE_13 MJE_14 MJE_15 MJE_16 MJE_17 MJE_18 MJE_19 MJE_20
right  15.78   6.87  0.00  6.21  10.88  15.01  20.73  12.54  16.43  19.13  23.03  12.68  16.78  19.30  23.75  11.67  15.48  18.29  23.46  11.65  14.38  17.29  22.66
left   16.46   6.96  0.00  6.44  11.02  15.10  21.10  12.84  17.30  19.64  24.44  13.28  17.40  19.52  24.57  12.49  16.31  19.03  24.07  12.71  15.82  18.72  23.82
both   16.11   6.91  0.00  6.32  10.95  15.05  20.91  12.69  16.85  19.38  23.73  12.98  17.08  19.41  24.16  12.07  15.89  18.66  23.76  12.17  15.09  18.00  23.23
2024-07-13 23:38:46,032 
one_candidate: 
         MJE PA_MJE MJE_0  MJE_1  MJE_2  MJE_3  MJE_4  MJE_5  MJE_6  MJE_7  MJE_8  MJE_9 MJE_10 MJE_11 MJE_12 MJE_13 MJE_14 MJE_15 MJE_16 MJE_17 MJE_18 MJE_19 MJE_20
right  30.78  11.26  0.00  10.92  20.21  28.87  40.76  24.13  32.76  38.07  45.37  25.00  33.58  38.78  46.85  22.85  30.92  36.80  45.56  22.22  27.90  33.08  41.76
left   31.33  11.08  0.00  11.18  20.47  29.05  41.12  24.41  33.28  38.46  46.08  25.45  34.03  38.82  47.08  23.60  31.58  37.61  46.22  23.23  29.38  34.42  42.50
both   31.05  11.17  0.00  11.05  20.34  28.96  40.94  24.26  33.02  38.26  45.72  25.22  33.80  38.80  46.97  23.22  31.25  37.20  45.89  22.72  28.63  33.74  42.12
2024-07-13 23:38:46,044 
mean_candidate_mano: 
         MJE PA_MJE MJE_0 MJE_1 MJE_2  MJE_3  MJE_4  MJE_5  MJE_6  MJE_7  MJE_8  MJE_9 MJE_10 MJE_11 MJE_12 MJE_13 MJE_14 MJE_15 MJE_16 MJE_17 MJE_18 MJE_19 MJE_20
right  14.62   7.15  0.00  5.90  9.82  13.23  17.90  11.44  14.27  16.23  19.45  11.72  15.36  17.55  22.00  11.13  14.66  17.77  23.46  11.45  14.11  17.07  22.43
left   14.54   7.22  0.00  6.12  9.90  12.96  17.49  11.18  14.20  15.96  20.05  11.54  14.88  17.00  21.81  11.14  14.52  17.67  22.98  11.70  14.58  17.31  22.41
both   14.58   7.19  0.00  6.01  9.86  13.09  17.70  11.31  14.24  16.10  19.75  11.63  15.12  17.28  21.91  11.13  14.59  17.72  23.22  11.57  14.34  17.19  22.42
2024-07-13 23:38:46,148 
Object Evaluation: 7936 samples 
Mean Pose: 
                          MCE    OCE     ADD   ADDS  ADD01d ADDS01d    REP
002_master_chef_can     87.61  27.74   61.59  15.42   7.54%  81.47%  30.52
003_cracker_box         57.02  35.96   47.42  20.09  28.50%  84.03%  19.29
004_sugar_box           63.23  32.94   49.23  20.45  18.25%  73.00%  19.41
005_tomato_soup_can     60.10  28.57   45.79  16.67   2.93%  65.37%  21.86
006_mustard_bottle      53.92  26.86   39.27  15.66  29.61%  83.38%  16.77
007_tuna_fish_can       67.62  26.57   46.09  14.62   3.83%  59.69%  22.73
008_pudding_box         66.77  42.41   55.64  27.83  21.65%  72.75%  25.18
009_gelatin_box         54.09  35.21   45.32  21.69  13.92%  64.81%  18.85
010_potted_meat_can     53.93  25.79   41.12  14.35   8.76%  72.75%  19.44
011_banana              89.41  34.12   55.71  24.89   8.75%  56.25%  25.24
019_pitcher_base        96.91  50.62   69.95  28.40  18.84%  80.15%  30.01
021_bleach_cleanser     84.26  34.54   57.90  22.31  23.59%  76.41%  25.76
024_bowl               123.82  30.69   72.66  19.92   7.63%  71.05%  38.38
025_mug                 67.24  28.15   44.30  14.76  10.31%  80.41%  20.88
035_power_drill         86.22  41.10   60.12  27.53  17.28%  63.09%  26.81
036_wood_block         149.06  38.95  107.02  25.25   1.10%  59.73%  59.30
037_scissors            98.94  42.86   59.32  31.13   7.23%  43.39%  24.85
040_large_marker        56.79  33.16   43.33  26.30   1.82%  26.23%  16.95
052_extra_large_clamp  134.44  39.67   72.57  29.90   6.62%  55.47%  33.90
061_foam_brick          73.61  30.98   56.34  19.11   1.32%  59.37%  28.23
average_instance        80.89  34.29   56.33  21.75  12.01%  66.66%  26.09
2024-07-13 23:38:46,679 
Epoch: 3/100 | Learning Rate: 1.769e-04
2024-07-13 23:38:54,146 
[0000/3136]| Loss diff_H:1.61e+01 diff_O:2.62e+00 hm_H:3.35e+00 hm_O:2.72e+00 vert:9.95e-01 joint:1.08e+00 mano_pose:1.49e-01 mano_shape:8.33e-02 force:1.16e-01 gravity:4.63e-02 torque:3.86e-02 supervised:6.40e-02 CoM:3.53e-02 total:2.74e+01
2024-07-13 23:43:00,841 
[0500/3136]| Loss diff_H:1.70e+01 diff_O:2.59e+00 hm_H:3.45e+00 hm_O:2.77e+00 vert:1.90e+00 joint:2.04e+00 mano_pose:1.57e-01 mano_shape:1.09e-01 force:1.61e-01 gravity:8.98e-02 torque:2.47e-02 supervised:5.71e-02 CoM:9.39e-02 total:3.04e+01
2024-07-13 23:47:06,667 
[1000/3136]| Loss diff_H:1.55e+01 diff_O:2.65e+00 hm_H:3.22e+00 hm_O:2.80e+00 vert:8.76e-01 joint:9.37e-01 mano_pose:1.47e-01 mano_shape:7.22e-02 force:2.08e-01 gravity:1.19e-01 torque:3.55e-02 supervised:8.32e-02 CoM:8.11e-02 total:2.67e+01
2024-07-13 23:51:13,630 
[1500/3136]| Loss diff_H:1.61e+01 diff_O:2.56e+00 hm_H:3.44e+00 hm_O:2.79e+00 vert:8.75e-01 joint:9.46e-01 mano_pose:1.37e-01 mano_shape:8.94e-02 force:1.80e-01 gravity:1.05e-01 torque:4.05e-02 supervised:7.89e-02 CoM:5.76e-02 total:2.74e+01
2024-07-13 23:55:20,806 
[2000/3136]| Loss diff_H:1.52e+01 diff_O:2.74e+00 hm_H:3.50e+00 hm_O:2.76e+00 vert:1.27e+00 joint:1.37e+00 mano_pose:1.35e-01 mano_shape:8.01e-02 force:1.51e-01 gravity:8.38e-02 torque:3.94e-02 supervised:8.35e-02 CoM:1.17e-01 total:2.75e+01
2024-07-13 23:59:27,200 
[2500/3136]| Loss diff_H:1.47e+01 diff_O:2.49e+00 hm_H:3.32e+00 hm_O:2.75e+00 vert:1.20e+00 joint:1.29e+00 mano_pose:1.29e-01 mano_shape:7.95e-02 force:2.08e-01 gravity:1.10e-01 torque:3.83e-02 supervised:6.76e-02 CoM:4.48e-02 total:2.64e+01
2024-07-14 00:03:34,290 
[3000/3136]| Loss diff_H:1.55e+01 diff_O:2.49e+00 hm_H:3.56e+00 hm_O:2.75e+00 vert:1.01e+00 joint:1.10e+00 mano_pose:1.46e-01 mano_shape:6.77e-02 force:1.80e-01 gravity:8.93e-02 torque:5.29e-02 supervised:7.81e-02 CoM:3.55e-02 total:2.70e+01
2024-07-14 00:04:40,564 
Evaluation on subtest dataset: 7877
2024-07-14 00:08:57,166 
Hand Evaluation: 7936 samples
2024-07-14 00:08:57,183 
regression: 
         MJE PA_MJE MJE_0 MJE_1  MJE_2  MJE_3  MJE_4  MJE_5  MJE_6  MJE_7  MJE_8  MJE_9 MJE_10 MJE_11 MJE_12 MJE_13 MJE_14 MJE_15 MJE_16 MJE_17 MJE_18 MJE_19 MJE_20
right  15.96   6.48  0.00  6.26  11.01  15.10  21.08  12.55  16.34  18.72  22.47  12.90  16.83  19.30  23.65  12.12  15.92  18.86  23.68  12.24  15.18  18.02  22.96
left   16.28   6.52  0.00  6.96  11.66  15.43  21.21  12.96  17.07  19.31  23.48  13.19  16.99  19.04  23.52  12.49  15.95  18.66  23.32  12.90  15.89  18.57  23.21
both   16.12   6.50  0.00  6.60  11.33  15.26  21.15  12.75  16.70  19.01  22.97  13.05  16.91  19.17  23.59  12.30  15.94  18.76  23.50  12.57  15.53  18.29  23.08
2024-07-14 00:08:57,198 
one_candidate: 
         MJE PA_MJE MJE_0  MJE_1  MJE_2  MJE_3  MJE_4  MJE_5  MJE_6  MJE_7  MJE_8  MJE_9 MJE_10 MJE_11 MJE_12 MJE_13 MJE_14 MJE_15 MJE_16 MJE_17 MJE_18 MJE_19 MJE_20
right  30.34  10.68  0.00  10.87  20.14  28.54  40.34  23.78  32.57  37.80  44.92  24.64  32.85  38.03  46.04  22.64  30.19  35.90  44.47  22.05  27.67  32.71  41.07
left   30.70  10.48  0.00  11.57  21.14  29.58  41.41  24.18  32.86  37.66  44.70  25.05  32.96  37.55  45.12  23.29  30.48  35.90  44.02  23.05  28.93  33.71  41.46
both   30.52  10.58  0.00  11.21  20.63  29.06  40.87  23.98  32.71  37.73  44.81  24.85  32.90  37.79  45.59  22.96  30.33  35.90  44.25  22.54  28.29  33.20  41.26
2024-07-14 00:08:57,211 
mean_candidate_mano: 
         MJE PA_MJE MJE_0 MJE_1  MJE_2  MJE_3  MJE_4  MJE_5  MJE_6  MJE_7  MJE_8  MJE_9 MJE_10 MJE_11 MJE_12 MJE_13 MJE_14 MJE_15 MJE_16 MJE_17 MJE_18 MJE_19 MJE_20
right  14.34   6.90  0.00  5.84   9.84  13.11  17.94  11.26  13.98  15.71  18.90  11.45  14.86  17.17  21.82  10.85  14.14  17.30  22.89  11.17  13.80  16.84  22.22
left   14.61   6.91  0.00  6.56  10.53  13.50  17.85  11.52  14.58  16.25  19.78  11.72  14.89  17.01  21.46  11.43  14.36  17.06  21.96  12.15  14.74  17.30  22.16
both   14.47   6.90  0.00  6.19  10.18  13.30  17.90  11.39  14.27  15.98  19.33  11.58  14.87  17.09  21.64  11.13  14.25  17.18  22.43  11.65  14.27  17.07  22.19
2024-07-14 00:08:57,358 
Object Evaluation: 7936 samples 
Mean Pose: 
                          MCE    OCE     ADD   ADDS  ADD01d ADDS01d    REP
002_master_chef_can     84.28  29.51   60.21  15.82   5.39%  82.97%  28.58
003_cracker_box         49.30  37.65   43.72  20.06  34.40%  82.06%  14.42
004_sugar_box           53.10  32.65   43.28  18.90  25.25%  73.25%  15.60
005_tomato_soup_can     55.41  29.51   43.43  16.08   4.63%  63.90%  18.45
006_mustard_bottle      50.45  29.43   38.79  15.90  31.95%  81.82%  14.21
007_tuna_fish_can       63.47  28.50   44.77  15.49   3.32%  58.16%  20.06
008_pudding_box         62.55  43.24   53.85  27.56  18.98%  71.53%  20.20
009_gelatin_box         51.68  35.20   43.94  20.10   6.58%  54.18%  14.88
010_potted_meat_can     53.13  29.11   42.22  15.63  10.46%  64.23%  17.63
011_banana              83.13  35.46   54.18  25.15  12.25%  48.50%  21.76
019_pitcher_base        87.50  49.62   65.49  27.00  24.62%  81.66%  26.47
021_bleach_cleanser     71.08  35.20   51.48  21.14  28.97%  74.87%  20.82
024_bowl               119.98  28.67   69.79  18.55   8.68%  71.58%  36.52
025_mug                 62.88  28.71   42.57  13.97  10.82%  81.19%  17.97
035_power_drill         72.29  42.89   54.27  25.67  22.77%  67.28%  19.49
036_wood_block         146.51  37.61  104.69  23.56   1.10%  65.21%  58.10
037_scissors            88.96  42.90   54.82  28.93   9.98%  41.40%  20.27
040_large_marker        54.61  30.68   40.99  24.33   3.38%  26.23%  14.05
052_extra_large_clamp  132.31  36.85   69.93  26.99   8.91%  63.10%  32.23
061_foam_brick          72.01  29.10   54.47  16.77   1.85%  54.88%  26.98
average_instance        75.39  34.61   53.66  20.84  13.72%  65.59%  22.81
2024-07-14 00:08:57,916 
Epoch: 4/100 | Learning Rate: 1.699e-04
2024-07-14 00:09:05,389 
[0000/3136]| Loss diff_H:1.51e+01 diff_O:2.53e+00 hm_H:3.17e+00 hm_O:2.77e+00 vert:1.00e+00 joint:1.08e+00 mano_pose:1.29e-01 mano_shape:7.88e-02 force:1.32e-01 gravity:7.41e-02 torque:3.46e-02 supervised:7.06e-02 CoM:5.77e-02 total:2.62e+01
2024-07-14 00:13:11,539 
[0500/3136]| Loss diff_H:1.88e+01 diff_O:2.48e+00 hm_H:3.99e+00 hm_O:2.73e+00 vert:4.42e+00 joint:4.75e+00 mano_pose:3.07e-01 mano_shape:2.76e-01 force:3.13e-01 gravity:1.66e-01 torque:3.72e-02 supervised:7.16e-02 CoM:5.49e-02 total:3.84e+01
2024-07-14 00:17:20,489 
[1000/3136]| Loss diff_H:1.53e+01 diff_O:2.33e+00 hm_H:3.40e+00 hm_O:2.70e+00 vert:2.05e+00 joint:2.19e+00 mano_pose:1.50e-01 mano_shape:6.00e-02 force:1.86e-01 gravity:7.65e-02 torque:3.50e-02 supervised:8.30e-02 CoM:3.43e-02 total:2.86e+01
2024-07-14 00:21:32,594 
[1500/3136]| Loss diff_H:1.49e+01 diff_O:2.15e+00 hm_H:3.30e+00 hm_O:2.74e+00 vert:8.98e-01 joint:9.74e-01 mano_pose:1.22e-01 mano_shape:5.83e-02 force:1.16e-01 gravity:5.49e-02 torque:4.00e-02 supervised:5.71e-02 CoM:4.51e-02 total:2.54e+01
2024-07-14 00:25:40,642 
[2000/3136]| Loss diff_H:1.48e+01 diff_O:2.16e+00 hm_H:3.46e+00 hm_O:2.73e+00 vert:1.09e+00 joint:1.18e+00 mano_pose:1.33e-01 mano_shape:8.60e-02 force:1.37e-01 gravity:7.99e-02 torque:3.68e-02 supervised:6.75e-02 CoM:5.81e-02 total:2.60e+01
2024-07-14 00:29:48,018 
[2500/3136]| Loss diff_H:1.59e+01 diff_O:2.25e+00 hm_H:3.42e+00 hm_O:2.71e+00 vert:1.10e+00 joint:1.19e+00 mano_pose:1.51e-01 mano_shape:5.93e-02 force:1.44e-01 gravity:6.28e-02 torque:4.54e-02 supervised:7.42e-02 CoM:4.04e-02 total:2.71e+01
2024-07-14 00:33:55,963 
[3000/3136]| Loss diff_H:1.45e+01 diff_O:2.42e+00 hm_H:3.21e+00 hm_O:2.76e+00 vert:7.12e-01 joint:7.69e-01 mano_pose:1.18e-01 mano_shape:5.00e-02 force:5.77e-02 gravity:2.04e-02 torque:3.44e-02 supervised:7.00e-02 CoM:9.18e-02 total:2.48e+01
2024-07-14 00:35:02,104 
Evaluation on subtest dataset: 7877
2024-07-14 00:39:26,052 
Hand Evaluation: 7936 samples
2024-07-14 00:39:26,068 
regression: 
         MJE PA_MJE MJE_0 MJE_1  MJE_2  MJE_3  MJE_4  MJE_5  MJE_6  MJE_7  MJE_8  MJE_9 MJE_10 MJE_11 MJE_12 MJE_13 MJE_14 MJE_15 MJE_16 MJE_17 MJE_18 MJE_19 MJE_20
right  14.62   6.21  0.00  5.71  10.02  13.73  19.08  11.64  15.04  17.07  20.48  11.95  15.60  17.79  21.81  11.13  14.62  17.21  21.82  11.17  13.74  16.34  21.16
left   15.18   6.21  0.00  6.35  10.62  14.42  19.80  12.02  15.79  17.80  21.48  12.43  15.98  17.88  21.70  11.99  15.02  17.35  21.65  12.46  14.99  17.36  21.69
both   14.90   6.21  0.00  6.02  10.32  14.07  19.44  11.83  15.41  17.43  20.98  12.19  15.79  17.84  21.75  11.56  14.82  17.28  21.74  11.80  14.35  16.84  21.42
2024-07-14 00:39:26,082 
one_candidate: 
         MJE PA_MJE MJE_0  MJE_1  MJE_2  MJE_3  MJE_4  MJE_5  MJE_6  MJE_7  MJE_8  MJE_9 MJE_10 MJE_11 MJE_12 MJE_13 MJE_14 MJE_15 MJE_16 MJE_17 MJE_18 MJE_19 MJE_20
right  27.97  10.44  0.00   9.99  18.76  26.71  37.98  21.58  29.31  34.09  40.88  22.36  30.03  34.83  42.57  20.66  27.82  33.47  41.87  20.28  25.49  30.33  38.46
left   28.57  10.19  0.00  10.51  19.02  26.71  37.55  22.10  30.04  34.77  41.78  23.03  30.54  34.97  43.18  21.54  28.47  33.90  42.11  21.42  27.08  31.80  39.50
both   28.27  10.32  0.00  10.24  18.89  26.71  37.77  21.84  29.67  34.43  41.32  22.69  30.28  34.90  42.87  21.09  28.14  33.68  41.99  20.84  26.28  31.06  38.98
2024-07-14 00:39:26,097 
mean_candidate_mano: 
         MJE PA_MJE MJE_0 MJE_1 MJE_2  MJE_3  MJE_4  MJE_5  MJE_6  MJE_7  MJE_8  MJE_9 MJE_10 MJE_11 MJE_12 MJE_13 MJE_14 MJE_15 MJE_16 MJE_17 MJE_18 MJE_19 MJE_20
right  13.26   6.63  0.00  5.34  8.95  11.96  16.40  10.17  12.64  14.29  17.38  10.37  13.66  15.89  20.30   9.90  13.15  16.25  21.64  10.29  12.92  15.90  21.15
left   13.73   6.63  0.00  6.12  9.84  12.75  17.14  10.58  13.30  15.03  18.47  10.81  13.86  15.94  20.21  10.68  13.41  16.06  20.87  11.47  14.00  16.49  21.22
both   13.49   6.63  0.00  5.72  9.39  12.35  16.77  10.37  12.97  14.66  17.92  10.59  13.76  15.91  20.25  10.29  13.28  16.16  21.26  10.87  13.45  16.19  21.18
2024-07-14 00:39:26,225 
Object Evaluation: 7936 samples 
Mean Pose: 
                          MCE    OCE     ADD   ADDS  ADD01d ADDS01d    REP
002_master_chef_can     72.21  24.49   51.38  13.32  14.22%  86.42%  25.09
003_cracker_box         42.68  31.74   37.49  17.08  47.91%  88.70%  13.32
004_sugar_box           51.76  31.53   42.15  18.18  28.75%  75.50%  15.45
005_tomato_soup_can     50.09  27.02   39.30  14.97  11.46%  70.98%  17.18
006_mustard_bottle      42.15  24.36   32.51  13.36  46.49%  88.57%  13.29
007_tuna_fish_can       65.00  28.99   45.84  16.12   5.87%  59.44%  20.88
008_pudding_box         58.01  38.37   49.01  24.72  30.41%  76.16%  21.25
009_gelatin_box         46.01  31.30   39.01  18.52  18.99%  65.57%  14.51
010_potted_meat_can     48.32  26.53   38.22  14.37  19.22%  70.32%  16.04
011_banana              77.65  33.53   50.98  23.92  19.50%  56.50%  21.24
019_pitcher_base        80.31  44.48   59.43  24.09  30.15%  84.17%  24.82
021_bleach_cleanser     65.72  31.29   47.24  18.91  39.74%  81.54%  20.89
024_bowl               128.39  27.85   73.66  17.58   8.68%  75.53%  39.14
025_mug                 59.18  26.83   40.26  13.66  19.33%  80.93%  17.42
035_power_drill         63.22  37.96   48.10  22.90  34.29%  75.13%  18.56
036_wood_block         146.33  38.15  104.78  24.02   1.10%  66.58%  58.97
037_scissors            85.47  39.63   53.11  27.55  16.71%  47.88%  19.62
040_large_marker        50.58  27.93   37.54  22.09   2.60%  35.58%  13.98
052_extra_large_clamp  127.39  36.06   67.71  25.51  11.96%  66.67%  32.03
061_foam_brick          68.56  27.85   51.74  15.61   3.17%  56.73%  25.50
average_instance        71.00  31.74   50.21  19.27  20.61%  70.64%  22.29
2024-07-14 00:39:26,838 
Epoch: 5/100 | Learning Rate: 1.631e-04
2024-07-14 00:39:33,832 
[0000/3136]| Loss diff_H:1.44e+01 diff_O:2.27e+00 hm_H:3.33e+00 hm_O:2.69e+00 vert:7.85e-01 joint:8.51e-01 mano_pose:1.24e-01 mano_shape:7.74e-02 force:1.19e-01 gravity:6.52e-02 torque:3.61e-02 supervised:6.99e-02 CoM:5.08e-02 total:2.48e+01
2024-07-14 00:43:40,752 
[0500/3136]| Loss diff_H:1.44e+01 diff_O:2.21e+00 hm_H:3.13e+00 hm_O:2.70e+00 vert:9.80e-01 joint:1.06e+00 mano_pose:9.32e-02 mano_shape:6.33e-02 force:1.22e-01 gravity:6.47e-02 torque:3.16e-02 supervised:5.48e-02 CoM:3.87e-02 total:2.49e+01
2024-07-14 00:47:47,044 
[1000/3136]| Loss diff_H:1.48e+01 diff_O:2.57e+00 hm_H:3.34e+00 hm_O:2.71e+00 vert:9.64e-01 joint:1.03e+00 mano_pose:1.42e-01 mano_shape:7.66e-02 force:1.44e-01 gravity:5.78e-02 torque:5.70e-02 supervised:7.27e-02 CoM:6.38e-02 total:2.60e+01
2024-07-14 00:51:52,338 
[1500/3136]| Loss diff_H:1.41e+01 diff_O:2.53e+00 hm_H:3.29e+00 hm_O:2.74e+00 vert:8.40e-01 joint:9.12e-01 mano_pose:1.63e-01 mano_shape:6.20e-02 force:1.40e-01 gravity:8.24e-02 torque:3.62e-02 supervised:7.37e-02 CoM:3.50e-02 total:2.50e+01
2024-07-14 00:55:59,051 
[2000/3136]| Loss diff_H:1.40e+01 diff_O:2.28e+00 hm_H:3.18e+00 hm_O:2.72e+00 vert:9.90e-01 joint:1.07e+00 mano_pose:1.20e-01 mano_shape:6.05e-02 force:1.59e-01 gravity:8.47e-02 torque:4.96e-02 supervised:6.93e-02 CoM:5.40e-02 total:2.48e+01
2024-07-14 01:00:04,286 
[2500/3136]| Loss diff_H:1.37e+01 diff_O:2.15e+00 hm_H:3.22e+00 hm_O:2.69e+00 vert:1.10e+00 joint:1.18e+00 mano_pose:1.28e-01 mano_shape:5.77e-02 force:1.21e-01 gravity:6.13e-02 torque:4.22e-02 supervised:7.12e-02 CoM:4.14e-02 total:2.45e+01
2024-07-14 01:04:09,609 
[3000/3136]| Loss diff_H:1.38e+01 diff_O:2.21e+00 hm_H:3.22e+00 hm_O:2.66e+00 vert:7.22e-01 joint:7.76e-01 mano_pose:1.09e-01 mano_shape:5.36e-02 force:1.10e-01 gravity:5.74e-02 torque:4.60e-02 supervised:7.29e-02 CoM:4.54e-02 total:2.39e+01
2024-07-14 01:05:15,918 
Evaluation on subtest dataset: 7877
2024-07-14 01:09:34,834 
Hand Evaluation: 7936 samples
2024-07-14 01:09:34,853 
regression: 
         MJE PA_MJE MJE_0 MJE_1  MJE_2  MJE_3  MJE_4  MJE_5  MJE_6  MJE_7  MJE_8  MJE_9 MJE_10 MJE_11 MJE_12 MJE_13 MJE_14 MJE_15 MJE_16 MJE_17 MJE_18 MJE_19 MJE_20
right  13.88   6.09  0.00  5.49   9.52  13.02  18.16  11.00  14.30  16.44  19.76  11.15  14.68  16.93  20.96  10.34  13.63  16.23  20.79  10.39  12.96  15.51  20.23
left   14.70   6.04  0.00  6.15  10.47  13.94  19.13  11.71  15.25  17.40  21.12  11.91  15.31  17.22  21.55  11.32  14.40  16.78  20.97  11.70  14.47  16.83  21.08
both   14.29   6.06  0.00  5.81   9.99  13.47  18.64  11.35  14.77  16.91  20.43  11.52  14.99  17.07  21.25  10.82  14.01  16.50  20.88  11.04  13.70  16.16  20.65
2024-07-14 01:09:34,868 
one_candidate: 
         MJE PA_MJE MJE_0  MJE_1  MJE_2  MJE_3  MJE_4  MJE_5  MJE_6  MJE_7  MJE_8  MJE_9 MJE_10 MJE_11 MJE_12 MJE_13 MJE_14 MJE_15 MJE_16 MJE_17 MJE_18 MJE_19 MJE_20
right  26.76  10.02  0.00   9.77  17.92  25.29  35.67  21.04  28.34  32.75  39.30  21.57  28.85  33.50  41.14  19.76  26.42  31.66  39.75  19.40  24.22  28.82  36.73
left   27.34   9.79  0.00  10.18  18.56  25.97  36.82  21.40  28.87  33.16  39.64  22.17  29.29  33.33  41.17  20.66  27.10  32.08  39.73  20.56  25.70  30.16  37.54
both   27.04   9.91  0.00   9.97  18.23  25.63  36.24  21.22  28.61  32.95  39.47  21.87  29.06  33.42  41.15  20.21  26.76  31.87  39.74  19.97  24.95  29.48  37.13
2024-07-14 01:09:34,883 
mean_candidate_mano: 
         MJE PA_MJE MJE_0 MJE_1 MJE_2  MJE_3  MJE_4  MJE_5  MJE_6  MJE_7  MJE_8  MJE_9 MJE_10 MJE_11 MJE_12 MJE_13 MJE_14 MJE_15 MJE_16 MJE_17 MJE_18 MJE_19 MJE_20
right  12.68   6.42  0.00  5.13  8.59  11.56  15.96   9.73  12.09  13.76  16.82   9.90  13.11  15.32  19.69   9.43  12.48  15.38  20.56   9.78  12.09  14.90  19.90
left   13.22   6.40  0.00  5.74  9.53  12.47  16.92  10.24  12.85  14.53  17.92  10.44  13.36  15.25  19.62  10.30  12.94  15.36  20.00  10.98  13.32  15.64  20.14
both   12.94   6.41  0.00  5.43  9.05  12.01  16.43   9.98  12.47  14.14  17.36  10.17  13.23  15.29  19.65   9.86  12.71  15.37  20.29  10.38  12.70  15.27  20.02
2024-07-14 01:09:35,038 
Object Evaluation: 7936 samples 
Mean Pose: 
                          MCE    OCE     ADD   ADDS  ADD01d ADDS01d    REP
002_master_chef_can     68.21  24.06   48.93  13.01  17.24%  89.44%  23.21
003_cracker_box         42.07  30.53   36.81  16.71  49.88%  89.68%  11.82
004_sugar_box           47.40  30.71   39.56  17.64  34.75%  75.25%  13.34
005_tomato_soup_can     48.77  28.04   39.08  14.60   8.78%  63.17%  15.79
006_mustard_bottle      41.23  24.22   31.74  13.12  44.16%  90.13%  11.45
007_tuna_fish_can       60.51  27.55   42.83  14.86   6.12%  57.14%  19.10
008_pudding_box         49.24  32.66   41.71  19.62  34.55%  78.59%  16.63
009_gelatin_box         41.69  28.31   35.23  15.97  26.33%  68.10%  12.10
010_potted_meat_can     47.13  28.40   38.36  15.16  19.71%  65.45%  14.82
011_banana              71.72  33.02   48.39  22.12  18.50%  61.75%  18.62
019_pitcher_base        71.65  42.39   54.44  22.94  34.42%  86.68%  21.60
021_bleach_cleanser     62.69  31.24   45.83  18.32  38.97%  82.56%  19.37
024_bowl               127.56  27.68   73.07  16.51  11.84%  78.95%  38.69
025_mug                 57.54  25.81   38.85  12.82  20.36%  80.93%  16.30
035_power_drill         63.08  40.32   48.97  22.92  30.10%  74.87%  16.37
036_wood_block         150.36  35.73  106.74  21.74   1.10%  69.32%  60.93
037_scissors            80.63  38.44   51.27  26.88  18.45%  51.12%  18.66
040_large_marker        50.38  30.53   38.93  23.09   3.38%  31.95%  13.20
052_extra_large_clamp  123.61  36.42   66.44  24.67  10.43%  65.90%  29.83
061_foam_brick          66.41  26.75   50.01  14.85   6.86%  60.95%  24.13
average_instance        68.08  31.08   48.56  18.32  21.91%  71.28%  20.61
2024-07-14 01:09:35,554 
Epoch: 6/100 | Learning Rate: 1.566e-04
2024-07-14 01:09:43,026 
[0000/3136]| Loss diff_H:1.41e+01 diff_O:2.18e+00 hm_H:3.29e+00 hm_O:2.69e+00 vert:8.09e-01 joint:8.60e-01 mano_pose:8.52e-02 mano_shape:7.92e-02 force:1.64e-01 gravity:7.71e-02 torque:3.85e-02 supervised:7.93e-02 CoM:4.45e-02 total:2.45e+01
2024-07-14 01:13:51,510 
[0500/3136]| Loss diff_H:1.31e+01 diff_O:2.26e+00 hm_H:3.19e+00 hm_O:2.66e+00 vert:7.76e-01 joint:8.32e-01 mano_pose:1.12e-01 mano_shape:5.77e-02 force:1.60e-01 gravity:8.07e-02 torque:3.78e-02 supervised:7.05e-02 CoM:3.58e-02 total:2.33e+01
2024-07-14 01:17:57,064 
[1000/3136]| Loss diff_H:1.41e+01 diff_O:2.28e+00 hm_H:3.03e+00 hm_O:2.67e+00 vert:8.92e-01 joint:9.68e-01 mano_pose:1.11e-01 mano_shape:6.62e-02 force:1.83e-01 gravity:1.19e-01 torque:4.56e-02 supervised:9.56e-02 CoM:2.82e-02 total:2.46e+01
2024-07-14 01:22:03,653 
[1500/3136]| Loss diff_H:1.28e+01 diff_O:2.15e+00 hm_H:3.18e+00 hm_O:2.64e+00 vert:6.26e-01 joint:6.77e-01 mano_pose:9.91e-02 mano_shape:6.31e-02 force:1.31e-01 gravity:6.91e-02 torque:3.25e-02 supervised:5.77e-02 CoM:4.15e-02 total:2.26e+01
2024-07-14 01:26:13,135 
[2000/3136]| Loss diff_H:1.29e+01 diff_O:2.32e+00 hm_H:3.21e+00 hm_O:2.67e+00 vert:7.79e-01 joint:8.40e-01 mano_pose:1.12e-01 mano_shape:6.03e-02 force:1.28e-01 gravity:6.62e-02 torque:3.20e-02 supervised:6.98e-02 CoM:6.16e-02 total:2.33e+01
2024-07-14 01:30:21,923 
[2500/3136]| Loss diff_H:1.35e+01 diff_O:1.96e+00 hm_H:2.99e+00 hm_O:2.62e+00 vert:7.48e-01 joint:8.09e-01 mano_pose:1.24e-01 mano_shape:4.57e-02 force:1.37e-01 gravity:9.16e-02 torque:3.62e-02 supervised:6.34e-02 CoM:3.60e-02 total:2.32e+01
2024-07-14 01:34:27,400 
[3000/3136]| Loss diff_H:1.31e+01 diff_O:2.30e+00 hm_H:3.16e+00 hm_O:2.70e+00 vert:6.27e-01 joint:6.80e-01 mano_pose:1.07e-01 mano_shape:6.69e-02 force:1.52e-01 gravity:8.73e-02 torque:4.22e-02 supervised:6.34e-02 CoM:3.02e-02 total:2.31e+01
2024-07-14 01:35:33,532 
Evaluation on subtest dataset: 7877
2024-07-14 01:39:57,362 
Hand Evaluation: 7936 samples
2024-07-14 01:39:57,375 
regression: 
         MJE PA_MJE MJE_0 MJE_1  MJE_2  MJE_3  MJE_4  MJE_5  MJE_6  MJE_7  MJE_8  MJE_9 MJE_10 MJE_11 MJE_12 MJE_13 MJE_14 MJE_15 MJE_16 MJE_17 MJE_18 MJE_19 MJE_20
right  14.24   6.11  0.00  5.42   9.54  13.22  18.62  11.09  14.38  16.62  20.13  11.41  14.99  17.39  21.65  10.66  14.06  16.99  21.85  10.67  13.30  16.06  21.07
left   14.66   5.88  0.00  5.77  10.02  13.54  18.61  11.58  15.18  17.37  21.16  11.99  15.38  17.31  21.61  11.42  14.57  17.00  21.18  11.68  14.53  16.90  21.14
both   14.45   6.00  0.00  5.59   9.78  13.38  18.61  11.33  14.77  16.99  20.64  11.70  15.18  17.35  21.63  11.03  14.32  16.99  21.52  11.17  13.91  16.48  21.10
2024-07-14 01:39:57,386 
one_candidate: 
         MJE PA_MJE MJE_0 MJE_1  MJE_2  MJE_3  MJE_4  MJE_5  MJE_6  MJE_7  MJE_8  MJE_9 MJE_10 MJE_11 MJE_12 MJE_13 MJE_14 MJE_15 MJE_16 MJE_17 MJE_18 MJE_19 MJE_20
right  25.80   9.69  0.00  9.30  17.12  24.18  34.32  19.93  26.99  31.33  37.68  20.67  27.72  32.22  39.53  19.13  25.53  30.68  38.62  18.85  23.57  28.26  36.22
left   26.34   9.36  0.00  9.86  17.77  24.88  34.96  20.75  27.89  32.07  38.50  21.41  28.03  32.06  39.52  19.90  25.96  30.76  38.35  19.76  24.79  29.22  36.63
both   26.07   9.53  0.00  9.58  17.44  24.53  34.63  20.33  27.43  31.69  38.08  21.03  27.87  32.14  39.52  19.51  25.74  30.72  38.49  19.30  24.17  28.74  36.42
2024-07-14 01:39:57,396 
mean_candidate_mano: 
         MJE PA_MJE MJE_0 MJE_1 MJE_2  MJE_3  MJE_4 MJE_5  MJE_6  MJE_7  MJE_8  MJE_9 MJE_10 MJE_11 MJE_12 MJE_13 MJE_14 MJE_15 MJE_16 MJE_17 MJE_18 MJE_19 MJE_20
right  12.49   6.30  0.00  5.11  8.52  11.36  15.66  9.66  11.89  13.54  16.56   9.78  12.79  14.95  19.27   9.25  12.31  15.35  20.63   9.57  11.85  14.59  19.62
left   12.83   6.22  0.00  5.42  9.13  12.00  16.36  9.96  12.56  14.25  17.64  10.20  12.99  14.93  18.93   9.87  12.52  14.97  19.56  10.38  12.79  15.20  19.79
both   12.66   6.26  0.00  5.27  8.82  11.68  16.01  9.81  12.22  13.89  17.09   9.99  12.89  14.94  19.11   9.56  12.41  15.16  20.10   9.97  12.31  14.89  19.70
2024-07-14 01:39:57,497 
Object Evaluation: 7936 samples 
Mean Pose: 
                          MCE    OCE     ADD   ADDS  ADD01d ADDS01d    REP
002_master_chef_can     76.87  25.03   54.48  13.57  13.58%  86.21%  26.81
003_cracker_box         40.23  31.00   35.79  16.41  50.86%  89.93%  12.24
004_sugar_box           44.94  27.89   36.92  16.14  38.00%  82.75%  13.53
005_tomato_soup_can     50.71  25.44   39.15  14.34  13.41%  71.22%  18.15
006_mustard_bottle      37.99  20.76   28.77  11.74  54.03%  91.43%  11.70
007_tuna_fish_can       56.46  25.17   39.89  13.87  10.46%  65.82%  18.48
008_pudding_box         55.53  36.65   47.15  23.76  36.01%  79.81%  20.26
009_gelatin_box         42.98  30.41   37.02  18.32  25.82%  73.67%  14.02
010_potted_meat_can     45.20  23.64   35.50  12.78  22.38%  75.67%  16.18
011_banana              67.80  28.65   44.18  19.59  24.25%  69.50%  18.49
019_pitcher_base        73.87  43.05   56.06  23.19  34.92%  86.18%  23.37
021_bleach_cleanser     56.74  27.04   40.88  16.06  51.03%  88.72%  18.64
024_bowl               122.50  25.31   70.32  15.90  12.37%  83.16%  37.71
025_mug                 55.26  25.89   37.48  12.64  21.13%  84.02%  16.33
035_power_drill         53.72  33.69   41.66  19.45  43.72%  79.32%  15.30
036_wood_block         146.61  34.38  104.59  22.32   2.19%  71.78%  58.47
037_scissors            75.91  35.17   47.30  24.31  25.19%  60.35%  18.30
040_large_marker        48.34  28.25   36.90  21.33   4.16%  36.88%  13.40
052_extra_large_clamp  121.83  34.85   65.00  24.09  13.49%  68.45%  30.14
061_foam_brick          66.04  28.52   50.65  16.54   2.37%  58.58%  24.91
average_instance        66.60  29.51   47.27  17.78  25.03%  75.33%  21.19
2024-07-14 01:39:58,026 
Epoch: 7/100 | Learning Rate: 1.503e-04
2024-07-14 01:40:05,386 
[0000/3136]| Loss diff_H:1.29e+01 diff_O:2.20e+00 hm_H:3.00e+00 hm_O:2.61e+00 vert:7.30e-01 joint:7.90e-01 mano_pose:8.47e-02 mano_shape:6.75e-02 force:1.62e-01 gravity:1.11e-01 torque:2.71e-02 supervised:8.58e-02 CoM:6.83e-02 total:2.29e+01
2024-07-14 01:44:10,901 
[0500/3136]| Loss diff_H:1.15e+01 diff_O:2.22e+00 hm_H:2.98e+00 hm_O:2.63e+00 vert:6.04e-01 joint:6.59e-01 mano_pose:7.87e-02 mano_shape:3.95e-02 force:1.43e-01 gravity:8.17e-02 torque:3.86e-02 supervised:8.01e-02 CoM:4.02e-02 total:2.11e+01
2024-07-14 01:48:19,333 
[1000/3136]| Loss diff_H:1.44e+01 diff_O:1.99e+00 hm_H:3.07e+00 hm_O:2.60e+00 vert:1.02e+00 joint:1.11e+00 mano_pose:1.33e-01 mano_shape:3.48e-02 force:1.30e-01 gravity:8.15e-02 torque:3.13e-02 supervised:6.20e-02 CoM:3.38e-02 total:2.47e+01
2024-07-14 01:52:26,116 
[1500/3136]| Loss diff_H:1.23e+01 diff_O:2.06e+00 hm_H:2.91e+00 hm_O:2.66e+00 vert:6.94e-01 joint:7.53e-01 mano_pose:1.00e-01 mano_shape:2.96e-02 force:1.30e-01 gravity:8.47e-02 torque:4.75e-02 supervised:5.88e-02 CoM:5.13e-02 total:2.18e+01
2024-07-14 01:56:33,179 
[2000/3136]| Loss diff_H:1.24e+01 diff_O:1.95e+00 hm_H:3.02e+00 hm_O:2.66e+00 vert:5.29e-01 joint:5.75e-01 mano_pose:8.03e-02 mano_shape:3.91e-02 force:8.90e-02 gravity:4.37e-02 torque:4.40e-02 supervised:7.40e-02 CoM:3.06e-02 total:2.15e+01
2024-07-14 02:00:41,613 
[2500/3136]| Loss diff_H:1.34e+01 diff_O:2.01e+00 hm_H:3.22e+00 hm_O:2.62e+00 vert:1.03e+00 joint:1.11e+00 mano_pose:1.11e-01 mano_shape:6.89e-02 force:1.55e-01 gravity:6.96e-02 torque:4.86e-02 supervised:7.05e-02 CoM:5.03e-02 total:2.39e+01
2024-07-14 02:04:47,482 
[3000/3136]| Loss diff_H:1.17e+01 diff_O:1.96e+00 hm_H:3.07e+00 hm_O:2.62e+00 vert:6.30e-01 joint:6.83e-01 mano_pose:9.82e-02 mano_shape:4.96e-02 force:2.03e-01 gravity:1.30e-01 torque:6.16e-02 supervised:1.12e-01 CoM:3.33e-02 total:2.14e+01
2024-07-14 02:05:53,910 
Evaluation on subtest dataset: 7877
2024-07-14 02:10:19,748 
Hand Evaluation: 7936 samples
2024-07-14 02:10:19,761 
regression: 
         MJE PA_MJE MJE_0 MJE_1 MJE_2  MJE_3  MJE_4  MJE_5  MJE_6  MJE_7  MJE_8  MJE_9 MJE_10 MJE_11 MJE_12 MJE_13 MJE_14 MJE_15 MJE_16 MJE_17 MJE_18 MJE_19 MJE_20
right  14.07   6.00  0.00  5.50  9.62  13.20  18.18  11.16  14.37  16.43  19.67  11.38  14.90  17.11  21.14  10.52  13.88  16.61  21.38  10.47  13.19  15.90  20.81
left   14.23   5.80  0.00  5.78  9.89  13.32  18.20  11.41  14.86  16.80  20.28  11.65  14.88  16.69  20.77  10.91  14.04  16.44  20.77  11.13  13.95  16.38  20.63
both   14.15   5.90  0.00  5.64  9.75  13.26  18.19  11.28  14.61  16.61  19.97  11.51  14.89  16.90  20.96  10.71  13.96  16.53  21.08  10.79  13.57  16.14  20.72
2024-07-14 02:10:19,772 
one_candidate: 
         MJE PA_MJE MJE_0 MJE_1  MJE_2  MJE_3  MJE_4  MJE_5  MJE_6  MJE_7  MJE_8  MJE_9 MJE_10 MJE_11 MJE_12 MJE_13 MJE_14 MJE_15 MJE_16 MJE_17 MJE_18 MJE_19 MJE_20
right  24.73   9.42  0.00  9.10  16.71  23.35  32.79  19.25  25.82  29.96  36.05  19.81  26.40  30.62  37.53  18.25  24.42  29.46  37.46  18.00  22.58  26.99  34.76
left   24.68   9.11  0.00  9.29  16.62  23.15  32.45  19.37  25.81  29.71  35.77  20.05  26.25  29.91  36.50  18.70  24.47  29.01  36.26  18.70  23.52  27.75  34.93
both   24.70   9.27  0.00  9.19  16.67  23.25  32.62  19.31  25.81  29.84  35.91  19.93  26.33  30.27  37.02  18.47  24.44  29.24  36.87  18.35  23.04  27.37  34.84
2024-07-14 02:10:19,782 
mean_candidate_mano: 
         MJE PA_MJE MJE_0 MJE_1 MJE_2  MJE_3  MJE_4 MJE_5  MJE_6  MJE_7  MJE_8  MJE_9 MJE_10 MJE_11 MJE_12 MJE_13 MJE_14 MJE_15 MJE_16 MJE_17 MJE_18 MJE_19 MJE_20
right  12.38   6.22  0.00  4.96  8.40  11.23  15.38  9.43  11.71  13.38  16.43   9.67  12.71  14.81  19.02   9.28  12.28  15.21  20.29   9.64  11.96  14.68  19.56
left   12.73   6.04  0.00  5.26  8.76  11.57  15.83  9.76  12.50  14.24  17.63  10.10  12.97  14.94  18.61   9.77  12.53  15.00  19.51  10.29  12.82  15.30  19.81
both   12.55   6.13  0.00  5.11  8.58  11.40  15.60  9.59  12.10  13.81  17.02   9.88  12.84  14.88  18.82   9.52  12.40  15.11  19.90   9.96  12.39  14.99  19.68
2024-07-14 02:10:19,883 
Object Evaluation: 7936 samples 
Mean Pose: 
                          MCE    OCE     ADD   ADDS  ADD01d ADDS01d    REP
002_master_chef_can     70.72  25.84   50.99  13.60  16.81%  86.21%  24.63
003_cracker_box         40.55  33.02   36.99  17.56  50.86%  85.01%  11.18
004_sugar_box           43.93  30.00   37.29  16.90  38.00%  80.00%  12.00
005_tomato_soup_can     47.57  26.36   37.67  13.94  15.12%  66.59%  16.38
006_mustard_bottle      39.72  25.22   31.69  13.89  48.31%  87.79%  11.38
007_tuna_fish_can       58.58  25.37   41.07  13.75  10.71%  65.05%  18.76
008_pudding_box         52.99  33.66   44.46  21.08  35.28%  80.54%  18.33
009_gelatin_box         41.99  28.96   35.91  16.84  24.56%  72.91%  12.22
010_potted_meat_can     46.64  25.92   37.25  14.06  22.38%  74.21%  16.36
011_banana              69.32  31.00   46.21  20.17  20.00%  67.00%  19.72
019_pitcher_base        69.34  44.50   54.57  23.49  34.17%  86.43%  21.27
021_bleach_cleanser     58.66  30.25   43.67  17.70  42.82%  85.38%  18.51
024_bowl               122.85  26.02   70.66  15.41  11.58%  85.26%  37.96
025_mug                 51.87  23.79   35.15  11.72  24.23%  84.79%  14.96
035_power_drill         54.95  36.31   43.46  20.14  42.93%  79.06%  15.20
036_wood_block         146.18  36.42  104.26  21.93   1.92%  73.15%  59.67
037_scissors            78.83  38.14   50.03  25.77  20.70%  57.11%  19.78
040_large_marker        47.12  27.06   35.59  20.09   4.16%  42.08%  13.55
052_extra_large_clamp  120.67  34.49   64.24  22.50  14.76%  72.26%  30.77
061_foam_brick          63.41  26.51   48.35  15.26   3.96%  59.37%  22.95
average_instance        65.87  30.41   47.24  17.75  24.26%  74.63%  20.62
2024-07-14 02:10:20,416 
Epoch: 8/100 | Learning Rate: 1.443e-04
2024-07-14 02:10:27,940 
[0000/3136]| Loss diff_H:1.25e+01 diff_O:1.91e+00 hm_H:3.13e+00 hm_O:2.60e+00 vert:5.41e-01 joint:5.82e-01 mano_pose:7.92e-02 mano_shape:4.45e-02 force:9.49e-02 gravity:5.08e-02 torque:4.31e-02 supervised:6.57e-02 CoM:3.67e-02 total:2.16e+01
2024-07-14 02:14:32,705 
[0500/3136]| Loss diff_H:1.22e+01 diff_O:1.99e+00 hm_H:3.05e+00 hm_O:2.59e+00 vert:7.62e-01 joint:8.26e-01 mano_pose:1.00e-01 mano_shape:4.51e-02 force:1.47e-01 gravity:8.19e-02 torque:4.85e-02 supervised:6.41e-02 CoM:5.91e-02 total:2.19e+01
2024-07-14 02:18:38,156 
[1000/3136]| Loss diff_H:1.30e+01 diff_O:1.87e+00 hm_H:2.88e+00 hm_O:2.53e+00 vert:5.44e-01 joint:5.90e-01 mano_pose:8.52e-02 mano_shape:4.17e-02 force:1.27e-01 gravity:6.53e-02 torque:4.16e-02 supervised:7.02e-02 CoM:5.18e-02 total:2.19e+01
2024-07-14 02:22:44,227 
[1500/3136]| Loss diff_H:1.13e+01 diff_O:1.99e+00 hm_H:2.90e+00 hm_O:2.59e+00 vert:5.70e-01 joint:6.14e-01 mano_pose:7.68e-02 mano_shape:3.11e-02 force:2.27e-01 gravity:1.47e-01 torque:3.72e-02 supervised:1.12e-01 CoM:3.00e-02 total:2.06e+01
2024-07-14 02:26:51,715 
[2000/3136]| Loss diff_H:1.14e+01 diff_O:2.10e+00 hm_H:3.10e+00 hm_O:2.60e+00 vert:4.33e-01 joint:4.68e-01 mano_pose:7.57e-02 mano_shape:2.32e-02 force:9.62e-02 gravity:4.34e-02 torque:3.10e-02 supervised:4.67e-02 CoM:5.30e-02 total:2.05e+01
2024-07-14 02:30:57,638 
[2500/3136]| Loss diff_H:1.19e+01 diff_O:2.20e+00 hm_H:2.99e+00 hm_O:2.59e+00 vert:6.90e-01 joint:7.44e-01 mano_pose:1.02e-01 mano_shape:3.61e-02 force:1.31e-01 gravity:5.81e-02 torque:3.42e-02 supervised:7.33e-02 CoM:4.46e-02 total:2.16e+01
2024-07-14 02:35:04,254 
[3000/3136]| Loss diff_H:1.17e+01 diff_O:1.93e+00 hm_H:2.95e+00 hm_O:2.54e+00 vert:5.80e-01 joint:6.29e-01 mano_pose:9.46e-02 mano_shape:4.01e-02 force:1.32e-01 gravity:8.11e-02 torque:3.19e-02 supervised:8.93e-02 CoM:2.53e-02 total:2.08e+01
2024-07-14 02:36:10,776 
Evaluation on subtest dataset: 7877
2024-07-14 02:40:36,665 
Hand Evaluation: 7936 samples
2024-07-14 02:40:36,678 
regression: 
         MJE PA_MJE MJE_0 MJE_1 MJE_2  MJE_3  MJE_4  MJE_5  MJE_6  MJE_7  MJE_8  MJE_9 MJE_10 MJE_11 MJE_12 MJE_13 MJE_14 MJE_15 MJE_16 MJE_17 MJE_18 MJE_19 MJE_20
right  13.35   5.80  0.00  5.11  9.01  12.41  17.29  10.40  13.53  15.59  18.85  10.71  14.13  16.29  20.13  10.01  13.30  15.86  20.26  10.02  12.62  15.15  19.77
left   13.52   5.60  0.00  5.39  9.37  12.63  17.48  10.80  14.05  15.89  19.20  11.15  14.28  15.93  19.47  10.49  13.43  15.55  19.35  10.65  13.42  15.70  19.66
both   13.44   5.70  0.00  5.25  9.19  12.52  17.39  10.60  13.79  15.74  19.02  10.93  14.20  16.11  19.80  10.24  13.36  15.71  19.81  10.33  13.01  15.42  19.71
2024-07-14 02:40:36,688 
one_candidate: 
         MJE PA_MJE MJE_0 MJE_1  MJE_2  MJE_3  MJE_4  MJE_5  MJE_6  MJE_7  MJE_8  MJE_9 MJE_10 MJE_11 MJE_12 MJE_13 MJE_14 MJE_15 MJE_16 MJE_17 MJE_18 MJE_19 MJE_20
right  23.75   9.00  0.00  8.80  15.86  22.21  31.34  18.59  25.08  29.11  34.94  19.05  25.48  29.58  36.34  17.50  23.39  28.02  35.20  17.26  21.73  26.02  33.30
left   23.87   8.65  0.00  8.97  16.29  22.66  31.82  18.67  24.96  28.86  34.82  19.26  25.44  29.21  35.56  17.93  23.48  27.91  34.64  17.87  22.63  26.74  33.53
both   23.81   8.83  0.00  8.88  16.08  22.43  31.58  18.63  25.02  28.98  34.88  19.15  25.46  29.40  35.96  17.71  23.43  27.96  34.93  17.56  22.17  26.38  33.41
2024-07-14 02:40:36,699 
mean_candidate_mano: 
         MJE PA_MJE MJE_0 MJE_1 MJE_2  MJE_3  MJE_4 MJE_5  MJE_6  MJE_7  MJE_8 MJE_9 MJE_10 MJE_11 MJE_12 MJE_13 MJE_14 MJE_15 MJE_16 MJE_17 MJE_18 MJE_19 MJE_20
right  12.00   6.03  0.00  4.84  8.19  10.99  15.02  9.35  11.63  13.14  15.98  9.54  12.41  14.36  18.34   9.01  11.85  14.57  19.40   9.24  11.45  14.01  18.71
left   12.16   5.82  0.00  4.99  8.47  11.22  15.42  9.49  11.98  13.54  16.62  9.78  12.36  14.09  17.61   9.35  11.91  14.23  18.54   9.73  12.27  14.69  19.07
both   12.08   5.93  0.00  4.91  8.33  11.10  15.21  9.42  11.80  13.34  16.30  9.66  12.39  14.22  17.98   9.18  11.88  14.40  18.98   9.48  11.85  14.35  18.89
2024-07-14 02:40:36,800 
Object Evaluation: 7936 samples 
Mean Pose: 
                          MCE    OCE     ADD   ADDS  ADD01d ADDS01d    REP
002_master_chef_can     67.70  25.99   49.15  13.47  16.38%  87.93%  23.24
003_cracker_box         37.28  28.58   33.28  15.13  56.27%  89.93%  10.61
004_sugar_box           43.83  29.51   37.12  16.50  40.25%  80.50%  11.86
005_tomato_soup_can     47.19  25.87   37.30  13.59  14.63%  67.80%  15.14
006_mustard_bottle      38.96  24.03   30.85  12.91  46.49%  89.61%  11.34
007_tuna_fish_can       56.12  26.85   40.66  15.01  13.01%  65.05%  17.69
008_pudding_box         51.49  35.92   44.39  22.51  36.01%  80.78%  16.84
009_gelatin_box         41.88  31.03   36.73  18.31  27.59%  69.87%  11.86
010_potted_meat_can     45.73  26.24   36.86  14.24  21.90%  72.26%  14.93
011_banana              66.19  30.88   45.10  20.87  20.00%  63.50%  17.74
019_pitcher_base        66.67  41.87   52.04  22.64  40.95%  86.68%  21.94
021_bleach_cleanser     55.34  29.67   41.75  17.16  42.82%  86.67%  17.52
024_bowl               123.97  26.33   71.16  15.77  15.00%  83.16%  38.31
025_mug                 51.65  24.69   35.56  12.49  30.15%  84.28%  15.10
035_power_drill         53.29  36.16   42.75  20.13  37.70%  79.84%  14.65
036_wood_block         144.32  34.70  102.76  21.53   3.01%  72.88%  58.59
037_scissors            78.17  39.76   50.74  26.74  18.95%  51.62%  17.49
040_large_marker        47.19  28.09   36.26  20.49   5.45%  40.52%  12.50
052_extra_large_clamp  123.50  36.15   66.06  23.91  11.70%  68.45%  31.04
061_foam_brick          66.53  29.58   51.13  16.73   4.75%  55.67%  24.40
average_instance        64.89  30.56   46.82  17.96  25.24%  74.00%  19.96
2024-07-14 02:40:37,277 
Epoch: 9/100 | Learning Rate: 1.385e-04
2024-07-14 02:40:44,924 
[0000/3136]| Loss diff_H:1.14e+01 diff_O:1.95e+00 hm_H:2.95e+00 hm_O:2.56e+00 vert:4.47e-01 joint:4.81e-01 mano_pose:7.79e-02 mano_shape:3.71e-02 force:1.18e-01 gravity:6.65e-02 torque:3.90e-02 supervised:6.99e-02 CoM:2.59e-02 total:2.03e+01
2024-07-14 02:44:48,233 
[0500/3136]| Loss diff_H:1.16e+01 diff_O:1.91e+00 hm_H:3.14e+00 hm_O:2.57e+00 vert:6.25e-01 joint:6.70e-01 mano_pose:9.79e-02 mano_shape:3.87e-02 force:1.08e-01 gravity:5.31e-02 torque:4.07e-02 supervised:6.85e-02 CoM:4.95e-02 total:2.09e+01
2024-07-14 02:48:50,815 
[1000/3136]| Loss diff_H:1.15e+01 diff_O:1.84e+00 hm_H:2.99e+00 hm_O:2.60e+00 vert:7.70e-01 joint:8.28e-01 mano_pose:8.85e-02 mano_shape:3.99e-02 force:1.13e-01 gravity:5.18e-02 torque:4.36e-02 supervised:6.54e-02 CoM:2.82e-02 total:2.10e+01
2024-07-14 02:52:55,439 
[1500/3136]| Loss diff_H:1.15e+01 diff_O:1.98e+00 hm_H:2.81e+00 hm_O:2.61e+00 vert:3.57e-01 joint:3.86e-01 mano_pose:5.44e-02 mano_shape:2.65e-02 force:1.05e-01 gravity:5.71e-02 torque:3.33e-02 supervised:7.29e-02 CoM:2.43e-02 total:2.01e+01
2024-07-14 02:57:00,625 
[2000/3136]| Loss diff_H:1.34e+01 diff_O:1.83e+00 hm_H:2.98e+00 hm_O:2.61e+00 vert:6.85e-01 joint:7.37e-01 mano_pose:1.17e-01 mano_shape:2.30e-02 force:1.02e-01 gravity:4.81e-02 torque:3.26e-02 supervised:7.68e-02 CoM:3.26e-02 total:2.26e+01
2024-07-14 03:01:06,760 
[2500/3136]| Loss diff_H:1.20e+01 diff_O:2.06e+00 hm_H:3.11e+00 hm_O:2.55e+00 vert:9.69e-01 joint:1.05e+00 mano_pose:9.86e-02 mano_shape:4.26e-02 force:8.36e-02 gravity:4.99e-02 torque:3.24e-02 supervised:6.55e-02 CoM:7.54e-02 total:2.21e+01
2024-07-14 03:05:14,035 
[3000/3136]| Loss diff_H:1.17e+01 diff_O:1.67e+00 hm_H:3.07e+00 hm_O:2.46e+00 vert:5.44e-01 joint:5.91e-01 mano_pose:8.36e-02 mano_shape:2.33e-02 force:8.37e-02 gravity:3.69e-02 torque:3.42e-02 supervised:8.76e-02 CoM:3.77e-02 total:2.04e+01
2024-07-14 03:06:20,251 
Evaluation on subtest dataset: 7877
2024-07-14 03:10:45,299 
Hand Evaluation: 7936 samples
2024-07-14 03:10:45,312 
regression: 
         MJE PA_MJE MJE_0 MJE_1 MJE_2  MJE_3  MJE_4  MJE_5  MJE_6  MJE_7  MJE_8  MJE_9 MJE_10 MJE_11 MJE_12 MJE_13 MJE_14 MJE_15 MJE_16 MJE_17 MJE_18 MJE_19 MJE_20
right  13.20   5.69  0.00  4.95  8.82  12.15  17.24  10.14  13.34  15.40  18.59  10.50  14.00  16.22  20.15   9.86  13.11  15.76  20.21   9.88  12.37  14.89  19.52
left   13.51   5.55  0.00  5.34  9.51  12.96  17.99  10.57  13.80  15.78  19.25  10.82  14.01  15.88  19.97  10.21  13.29  15.67  19.57  10.38  13.31  15.68  19.78
both   13.35   5.62  0.00  5.14  9.16  12.55  17.61  10.35  13.57  15.59  18.92  10.66  14.00  16.06  20.06  10.03  13.20  15.72  19.89  10.13  12.83  15.28  19.65
2024-07-14 03:10:45,322 
one_candidate: 
         MJE PA_MJE MJE_0 MJE_1  MJE_2  MJE_3  MJE_4  MJE_5  MJE_6  MJE_7  MJE_8  MJE_9 MJE_10 MJE_11 MJE_12 MJE_13 MJE_14 MJE_15 MJE_16 MJE_17 MJE_18 MJE_19 MJE_20
right  22.25   8.73  0.00  7.97  14.41  20.21  28.59  17.07  23.01  26.82  32.37  17.77  23.90  27.81  34.31  16.56  22.20  26.68  33.75  16.41  20.70  24.78  31.85
left   22.32   8.40  0.00  8.37  15.07  20.91  29.60  17.35  23.43  27.12  32.84  17.96  23.64  27.00  33.44  16.75  21.85  25.93  32.51  16.68  21.23  25.16  31.81
both   22.28   8.57  0.00  8.17  14.74  20.55  29.09  17.21  23.22  26.97  32.60  17.87  23.77  27.41  33.88  16.65  22.03  26.31  33.14  16.55  20.96  24.97  31.83
2024-07-14 03:10:45,332 
mean_candidate_mano: 
         MJE PA_MJE MJE_0 MJE_1 MJE_2  MJE_3  MJE_4 MJE_5  MJE_6  MJE_7  MJE_8 MJE_9 MJE_10 MJE_11 MJE_12 MJE_13 MJE_14 MJE_15 MJE_16 MJE_17 MJE_18 MJE_19 MJE_20
right  11.54   5.93  0.00  4.49  7.68  10.39  14.38  8.79  10.95  12.50  15.34  9.08  11.85  13.80  17.73   8.69  11.40  14.12  18.89   8.97  11.15  13.69  18.36
left   11.92   5.71  0.00  4.84  8.17  10.84  14.95  9.14  11.66  13.29  16.58  9.49  12.10  13.89  17.40   9.16  11.74  14.07  18.31   9.56  12.06  14.38  18.65
both   11.72   5.82  0.00  4.66  7.92  10.61  14.66  8.96  11.30  12.89  15.95  9.28  11.97  13.85  17.57   8.92  11.56  14.09  18.60   9.26  11.60  14.03  18.50
2024-07-14 03:10:45,432 
Object Evaluation: 7936 samples 
Mean Pose: 
                          MCE    OCE    ADD   ADDS  ADD01d ADDS01d    REP
002_master_chef_can     68.45  23.70  48.91  12.63  24.57%  88.15%  24.44
003_cracker_box         38.02  30.50  34.45  16.35  53.56%  88.21%  11.06
004_sugar_box           45.07  29.00  37.51  16.11  39.25%  78.75%  13.73
005_tomato_soup_can     45.73  23.33  35.48  12.45  14.88%  75.12%  16.18
006_mustard_bottle      36.21  21.71  28.34  11.81  55.58%  90.39%  11.41
007_tuna_fish_can       53.72  24.90  38.56  13.61  12.76%  67.86%  17.88
008_pudding_box         48.95  32.40  41.34  20.16  38.93%  83.21%  17.86
009_gelatin_box         40.39  28.59  34.75  16.59  26.33%  72.66%  12.56
010_potted_meat_can     42.73  23.48  33.99  12.52  30.66%  77.13%  15.61
011_banana              62.75  27.53  41.75  18.01  29.50%  71.75%  18.19
019_pitcher_base        67.03  41.90  52.34  22.78  42.21%  87.94%  21.82
021_bleach_cleanser     52.50  28.25  39.25  15.88  46.41%  91.03%  17.56
024_bowl               118.78  24.70  67.92  14.68  12.89%  84.74%  36.90
025_mug                 50.76  25.53  35.75  12.73  24.74%  83.76%  15.35
035_power_drill         53.04  35.67  42.31  20.01  43.72%  78.27%  15.81
036_wood_block         139.85  33.12  99.99  19.99   2.74%  77.81%  57.40
037_scissors            78.95  35.73  49.35  24.70  19.20%  55.86%  19.34
040_large_marker        47.48  28.37  36.61  21.20   3.12%  37.92%  13.68
052_extra_large_clamp  126.50  33.81  66.28  23.81  13.99%  70.48%  31.96
061_foam_brick          66.59  26.48  50.39  14.96   5.54%  61.74%  25.21
average_instance        63.75  28.89  45.51  17.00  27.19%  76.29%  20.54
2024-07-14 03:10:45,960 
Epoch: 10/100 | Learning Rate: 1.330e-04
2024-07-14 03:10:53,161 
[0000/3136]| Loss diff_H:1.17e+01 diff_O:1.91e+00 hm_H:3.05e+00 hm_O:2.65e+00 vert:7.18e-01 joint:7.80e-01 mano_pose:9.73e-02 mano_shape:3.63e-02 force:7.45e-02 gravity:3.66e-02 torque:2.75e-02 supervised:5.71e-02 CoM:4.55e-02 total:2.12e+01
2024-07-14 03:14:59,266 
[0500/3136]| Loss diff_H:1.09e+01 diff_O:1.97e+00 hm_H:3.06e+00 hm_O:2.59e+00 vert:3.87e-01 joint:4.21e-01 mano_pose:6.07e-02 mano_shape:2.09e-02 force:5.69e-02 gravity:2.10e-02 torque:3.06e-02 supervised:4.53e-02 CoM:4.69e-02 total:1.96e+01
2024-07-14 03:19:07,164 
[1000/3136]| Loss diff_H:1.17e+01 diff_O:1.85e+00 hm_H:3.07e+00 hm_O:2.57e+00 vert:8.01e-01 joint:8.59e-01 mano_pose:9.35e-02 mano_shape:2.51e-02 force:8.45e-02 gravity:4.33e-02 torque:2.71e-02 supervised:4.89e-02 CoM:4.73e-02 total:2.12e+01
2024-07-14 03:23:14,832 
[1500/3136]| Loss diff_H:1.08e+01 diff_O:1.79e+00 hm_H:2.78e+00 hm_O:2.54e+00 vert:6.04e-01 joint:6.55e-01 mano_pose:7.33e-02 mano_shape:5.07e-02 force:1.16e-01 gravity:4.88e-02 torque:2.37e-02 supervised:6.03e-02 CoM:3.70e-02 total:1.96e+01
2024-07-14 03:27:21,607 
[2000/3136]| Loss diff_H:1.10e+01 diff_O:1.84e+00 hm_H:2.78e+00 hm_O:2.48e+00 vert:4.37e-01 joint:4.76e-01 mano_pose:6.50e-02 mano_shape:2.62e-02 force:1.18e-01 gravity:7.85e-02 torque:3.15e-02 supervised:5.98e-02 CoM:3.47e-02 total:1.94e+01
2024-07-14 03:31:31,440 
[2500/3136]| Loss diff_H:1.02e+01 diff_O:1.71e+00 hm_H:2.85e+00 hm_O:2.56e+00 vert:4.58e-01 joint:4.98e-01 mano_pose:6.13e-02 mano_shape:2.47e-02 force:1.32e-01 gravity:7.06e-02 torque:3.24e-02 supervised:8.02e-02 CoM:2.34e-02 total:1.87e+01
2024-07-14 03:35:42,070 
[3000/3136]| Loss diff_H:1.08e+01 diff_O:1.77e+00 hm_H:2.73e+00 hm_O:2.52e+00 vert:4.37e-01 joint:4.69e-01 mano_pose:6.81e-02 mano_shape:1.63e-02 force:7.58e-02 gravity:2.73e-02 torque:4.01e-02 supervised:6.41e-02 CoM:2.48e-02 total:1.90e+01
2024-07-14 03:36:48,311 
Evaluation on subtest dataset: 7877
2024-07-14 03:41:28,564 
Hand Evaluation: 7936 samples
2024-07-14 03:41:28,580 
regression: 
         MJE PA_MJE MJE_0 MJE_1 MJE_2  MJE_3  MJE_4  MJE_5  MJE_6  MJE_7  MJE_8  MJE_9 MJE_10 MJE_11 MJE_12 MJE_13 MJE_14 MJE_15 MJE_16 MJE_17 MJE_18 MJE_19 MJE_20
right  12.79   5.66  0.00  4.80  8.60  11.84  16.54   9.85  12.92  14.94  18.21  10.17  13.38  15.54  19.57   9.51  12.52  15.11  19.62   9.55  12.02  14.56  19.28
left   13.23   5.45  0.00  5.18  9.02  12.18  16.88  10.41  13.79  15.82  19.39  10.74  13.83  15.62  19.78  10.10  12.96  15.22  19.26  10.23  12.84  15.18  19.32
both   13.00   5.56  0.00  4.99  8.81  12.01  16.71  10.12  13.35  15.38  18.80  10.45  13.60  15.58  19.67   9.80  12.74  15.16  19.44   9.89  12.42  14.87  19.30
2024-07-14 03:41:28,593 
one_candidate: 
         MJE PA_MJE MJE_0 MJE_1  MJE_2  MJE_3  MJE_4  MJE_5  MJE_6  MJE_7  MJE_8  MJE_9 MJE_10 MJE_11 MJE_12 MJE_13 MJE_14 MJE_15 MJE_16 MJE_17 MJE_18 MJE_19 MJE_20
right  21.91   8.68  0.00  7.94  14.57  20.51  29.05  17.09  23.04  26.79  32.41  17.67  23.47  27.24  33.72  16.21  21.44  25.79  32.99  15.88  19.85  23.75  30.71
left   21.68   8.36  0.00  8.09  14.68  20.35  28.82  16.80  22.46  25.99  31.56  17.45  22.80  26.11  32.84  16.33  21.28  25.33  31.87  16.32  20.70  24.52  30.97
both   21.80   8.52  0.00  8.01  14.63  20.43  28.94  16.95  22.76  26.39  31.99  17.56  23.14  26.68  33.28  16.27  21.36  25.56  32.44  16.10  20.27  24.13  30.84
2024-07-14 03:41:28,607 
mean_candidate_mano: 
         MJE PA_MJE MJE_0 MJE_1 MJE_2  MJE_3  MJE_4 MJE_5  MJE_6  MJE_7  MJE_8 MJE_9 MJE_10 MJE_11 MJE_12 MJE_13 MJE_14 MJE_15 MJE_16 MJE_17 MJE_18 MJE_19 MJE_20
right  11.28   5.85  0.00  4.46  7.65  10.28  14.26  8.68  10.78  12.36  15.16  8.87  11.48  13.43  17.34   8.40  11.03  13.67  18.28   8.62  10.83  13.39  17.95
left   11.60   5.64  0.00  4.78  8.14  10.74  14.88  8.98  11.46  13.09  16.32  9.23  11.64  13.39  17.14   8.79  11.25  13.54  17.73   9.15  11.47  13.81  17.97
both   11.44   5.75  0.00  4.62  7.89  10.51  14.56  8.83  11.12  12.72  15.74  9.05  11.56  13.41  17.24   8.60  11.14  13.60  18.01   8.88  11.15  13.60  17.96
2024-07-14 03:41:28,730 
Object Evaluation: 7936 samples 
Mean Pose: 
                          MCE    OCE     ADD   ADDS  ADD01d ADDS01d    REP
002_master_chef_can     68.05  24.14   48.70  12.77  20.04%  89.66%  23.83
003_cracker_box         40.01  28.76   34.83  15.51  56.02%  90.42%  11.70
004_sugar_box           43.59  29.42   37.00  16.41  41.75%  82.00%  12.67
005_tomato_soup_can     46.77  26.45   37.18  13.89  11.95%  69.02%  15.30
006_mustard_bottle      33.65  22.17   27.39  11.98  56.10%  91.17%  10.62
007_tuna_fish_can       58.25  27.07   41.66  14.45   9.44%  64.29%  19.01
008_pudding_box         54.73  35.90   46.40  22.08  31.87%  78.83%  19.10
009_gelatin_box         42.07  30.79   36.77  17.25  22.28%  66.33%  12.04
010_potted_meat_can     44.93  26.62   36.48  13.97  19.95%  73.48%  15.16
011_banana              68.36  31.19   46.27  20.36  23.00%  61.75%  19.13
019_pitcher_base        64.18  40.48   50.22  21.85  45.23%  87.94%  20.64
021_bleach_cleanser     51.53  26.86   38.37  15.59  52.56%  90.26%  17.68
024_bowl               118.85  24.52   67.98  14.39  15.79%  86.84%  36.71
025_mug                 51.03  25.33   35.56  12.37  27.32%  81.70%  15.26
035_power_drill         52.73  36.78   43.26  20.54  41.10%  79.06%  14.59
036_wood_block         144.15  33.30  102.28  20.44   3.01%  77.53%  57.07
037_scissors            75.62  37.45   49.20  25.01  20.95%  54.61%  18.16
040_large_marker        46.54  29.62   36.64  21.19   3.38%  38.70%  13.12
052_extra_large_clamp  119.93  33.90   63.38  21.50  14.25%  72.77%  30.49
061_foam_brick          63.65  27.30   48.52  15.36   6.86%  61.74%  24.20
average_instance        64.02  29.87   46.16  17.31  26.22%  75.04%  20.17
2024-07-14 03:41:29,325 
Epoch: 11/100 | Learning Rate: 1.276e-04
2024-07-14 03:41:36,749 
[0000/3136]| Loss diff_H:1.03e+01 diff_O:1.88e+00 hm_H:2.76e+00 hm_O:2.56e+00 vert:4.11e-01 joint:4.45e-01 mano_pose:6.12e-02 mano_shape:3.52e-02 force:1.53e-01 gravity:1.12e-01 torque:3.54e-02 supervised:6.81e-02 CoM:2.83e-02 total:1.89e+01
2024-07-14 03:45:45,547 
[0500/3136]| Loss diff_H:1.01e+01 diff_O:1.61e+00 hm_H:2.84e+00 hm_O:2.48e+00 vert:5.29e-01 joint:5.55e-01 mano_pose:6.54e-02 mano_shape:2.11e-02 force:9.76e-02 gravity:4.40e-02 torque:4.45e-02 supervised:7.38e-02 CoM:2.48e-02 total:1.85e+01
2024-07-14 03:49:52,597 
[1000/3136]| Loss diff_H:1.05e+01 diff_O:1.86e+00 hm_H:2.77e+00 hm_O:2.49e+00 vert:4.75e-01 joint:5.16e-01 mano_pose:5.48e-02 mano_shape:2.11e-02 force:6.64e-02 gravity:3.40e-02 torque:4.48e-02 supervised:6.26e-02 CoM:2.62e-02 total:1.89e+01
2024-07-14 03:54:01,142 
[1500/3136]| Loss diff_H:1.07e+01 diff_O:1.78e+00 hm_H:2.85e+00 hm_O:2.52e+00 vert:5.48e-01 joint:5.91e-01 mano_pose:8.02e-02 mano_shape:3.16e-02 force:8.68e-02 gravity:5.68e-02 torque:4.27e-02 supervised:6.87e-02 CoM:3.91e-02 total:1.94e+01
2024-07-14 03:58:10,997 
[2000/3136]| Loss diff_H:1.04e+01 diff_O:1.95e+00 hm_H:2.85e+00 hm_O:2.52e+00 vert:4.72e-01 joint:5.06e-01 mano_pose:7.07e-02 mano_shape:3.38e-02 force:9.68e-02 gravity:5.85e-02 torque:3.52e-02 supervised:6.76e-02 CoM:6.25e-02 total:1.91e+01
2024-07-14 04:02:17,478 
[2500/3136]| Loss diff_H:1.04e+01 diff_O:1.77e+00 hm_H:2.83e+00 hm_O:2.55e+00 vert:5.25e-01 joint:5.50e-01 mano_pose:8.19e-02 mano_shape:1.88e-02 force:8.97e-02 gravity:5.80e-02 torque:4.07e-02 supervised:7.92e-02 CoM:2.90e-02 total:1.90e+01
2024-07-14 04:06:25,638 
[3000/3136]| Loss diff_H:1.06e+01 diff_O:1.79e+00 hm_H:2.87e+00 hm_O:2.46e+00 vert:3.55e-01 joint:3.83e-01 mano_pose:7.10e-02 mano_shape:2.77e-02 force:8.41e-02 gravity:4.71e-02 torque:4.36e-02 supervised:1.06e-01 CoM:3.12e-02 total:1.88e+01
2024-07-14 04:07:32,329 
Evaluation on subtest dataset: 7877
2024-07-14 04:13:23,188 
Hand Evaluation: 7936 samples
2024-07-14 04:13:23,200 
regression: 
         MJE PA_MJE MJE_0 MJE_1 MJE_2  MJE_3  MJE_4  MJE_5  MJE_6  MJE_7  MJE_8  MJE_9 MJE_10 MJE_11 MJE_12 MJE_13 MJE_14 MJE_15 MJE_16 MJE_17 MJE_18 MJE_19 MJE_20
right  12.47   5.53  0.00  4.68  8.24  11.32  15.92   9.65  12.54  14.46  17.55   9.98  13.15  15.22  19.03   9.33  12.34  14.88  19.31   9.34  11.79  14.29  18.92
left   12.87   5.32  0.00  4.98  8.77  11.99  16.71  10.05  13.23  15.14  18.57  10.48  13.43  15.21  18.87   9.90  12.76  14.91  18.71  10.03  12.72  14.93  18.84
both   12.67   5.42  0.00  4.82  8.50  11.65  16.31   9.85  12.88  14.79  18.06  10.23  13.29  15.21  18.95   9.61  12.55  14.90  19.01   9.68  12.25  14.61  18.88
2024-07-14 04:13:23,211 
one_candidate: 
         MJE PA_MJE MJE_0 MJE_1  MJE_2  MJE_3  MJE_4  MJE_5  MJE_6  MJE_7  MJE_8  MJE_9 MJE_10 MJE_11 MJE_12 MJE_13 MJE_14 MJE_15 MJE_16 MJE_17 MJE_18 MJE_19 MJE_20
right  21.64   8.37  0.00  7.84  14.29  19.95  28.23  16.82  22.55  26.32  31.92  17.32  23.11  26.93  33.27  15.91  21.27  25.80  32.90  15.64  19.78  23.78  30.84
left   21.30   8.04  0.00  7.76  14.10  19.60  27.86  16.37  22.27  25.80  31.28  17.09  22.62  25.90  32.02  15.97  21.03  25.08  31.49  15.91  20.34  24.18  30.62
both   21.47   8.20  0.00  7.80  14.19  19.78  28.05  16.60  22.41  26.06  31.61  17.21  22.87  26.42  32.65  15.94  21.16  25.44  32.20  15.77  20.06  23.98  30.73
2024-07-14 04:13:23,221 
mean_candidate_mano: 
         MJE PA_MJE MJE_0 MJE_1 MJE_2  MJE_3  MJE_4 MJE_5  MJE_6  MJE_7  MJE_8 MJE_9 MJE_10 MJE_11 MJE_12 MJE_13 MJE_14 MJE_15 MJE_16 MJE_17 MJE_18 MJE_19 MJE_20
right  11.17   5.68  0.00  4.36  7.49  10.04  13.93  8.46  10.58  12.14  14.86  8.72  11.38  13.29  17.11   8.34  11.05  13.68  18.25   8.61  10.88  13.42  17.93
left   11.47   5.49  0.00  4.60  7.88  10.41  14.38  8.78  11.27  12.92  16.10  9.11  11.63  13.42  16.88   8.76  11.28  13.55  17.61   9.11  11.53  13.82  17.92
both   11.32   5.59  0.00  4.48  7.68  10.22  14.15  8.62  10.92  12.52  15.47  8.91  11.50  13.35  17.00   8.55  11.16  13.62  17.93   8.86  11.20  13.61  17.93
2024-07-14 04:13:23,327 
Object Evaluation: 7936 samples 
Mean Pose: 
                          MCE    OCE     ADD   ADDS  ADD01d ADDS01d    REP
002_master_chef_can     66.13  22.70   47.20  12.04  24.57%  89.66%  23.28
003_cracker_box         34.54  28.82   31.77  15.05  58.72%  91.89%   9.51
004_sugar_box           40.48  27.10   34.15  14.95  43.75%  81.25%  11.68
005_tomato_soup_can     43.51  24.60   34.62  12.93  18.78%  71.46%  14.08
006_mustard_bottle      33.43  19.96   26.21  10.88  60.26%  93.51%  10.51
007_tuna_fish_can       52.46  23.97   37.50  13.04  11.99%  72.45%  17.19
008_pudding_box         45.43  29.73   38.44  18.09  43.31%  82.48%  15.65
009_gelatin_box         36.77  26.65   31.97  15.25  36.20%  75.44%  10.62
010_potted_meat_can     42.06  24.05   34.01  12.89  22.63%  74.94%  14.41
011_banana              59.17  25.98   39.49  17.26  33.50%  74.00%  16.09
019_pitcher_base        60.38  38.35   47.53  20.87  50.25%  87.19%  20.20
021_bleach_cleanser     50.93  27.27   38.50  15.66  51.28%  88.21%  16.57
024_bowl               124.13  23.96   70.52  14.06  16.05%  85.00%  38.95
025_mug                 48.26  22.60   33.15  10.86  32.22%  85.57%  14.30
035_power_drill         51.52  35.49   41.74  19.41  44.50%  79.84%  13.92
036_wood_block         147.27  31.54  103.95  19.79   3.29%  77.53%  60.53
037_scissors            72.50  35.06   46.21  23.42  23.94%  60.35%  16.73
040_large_marker        45.44  24.61   33.91  18.53   7.01%  48.05%  12.72
052_extra_large_clamp  117.53  31.30   61.48  20.35  18.58%  76.59%  29.50
061_foam_brick          65.33  24.60   48.92  13.91   5.01%  65.44%  24.94
average_instance        61.38  27.38   43.78  15.92  30.43%  78.16%  19.38
2024-07-14 04:13:23,854 
Epoch: 12/100 | Learning Rate: 1.225e-04
2024-07-14 04:13:31,115 
[0000/3136]| Loss diff_H:1.07e+01 diff_O:1.65e+00 hm_H:2.85e+00 hm_O:2.39e+00 vert:4.42e-01 joint:4.74e-01 mano_pose:7.03e-02 mano_shape:1.97e-02 force:1.28e-01 gravity:6.85e-02 torque:3.49e-02 supervised:7.44e-02 CoM:3.69e-02 total:1.90e+01
2024-07-14 04:17:39,748 
[0500/3136]| Loss diff_H:1.04e+01 diff_O:1.87e+00 hm_H:2.78e+00 hm_O:2.49e+00 vert:3.97e-01 joint:4.28e-01 mano_pose:6.70e-02 mano_shape:1.20e-02 force:1.06e-01 gravity:6.03e-02 torque:4.13e-02 supervised:6.12e-02 CoM:1.93e-02 total:1.87e+01
2024-07-14 04:21:49,601 
[1000/3136]| Loss diff_H:1.07e+01 diff_O:1.71e+00 hm_H:3.08e+00 hm_O:2.46e+00 vert:7.04e-01 joint:7.50e-01 mano_pose:7.83e-02 mano_shape:3.36e-02 force:1.48e-01 gravity:9.38e-02 torque:3.96e-02 supervised:8.06e-02 CoM:5.36e-02 total:1.99e+01
2024-07-14 04:25:58,132 
[1500/3136]| Loss diff_H:9.89e+00 diff_O:1.68e+00 hm_H:2.62e+00 hm_O:2.45e+00 vert:4.30e-01 joint:4.68e-01 mano_pose:6.17e-02 mano_shape:2.79e-02 force:1.24e-01 gravity:6.62e-02 torque:4.81e-02 supervised:9.10e-02 CoM:2.74e-02 total:1.80e+01
2024-07-14 04:30:06,495 
[2000/3136]| Loss diff_H:1.04e+01 diff_O:1.78e+00 hm_H:2.93e+00 hm_O:2.52e+00 vert:5.78e-01 joint:6.21e-01 mano_pose:7.37e-02 mano_shape:1.85e-02 force:1.33e-01 gravity:8.39e-02 torque:2.94e-02 supervised:7.40e-02 CoM:3.52e-02 total:1.92e+01
2024-07-14 04:34:15,274 
[2500/3136]| Loss diff_H:9.38e+00 diff_O:1.72e+00 hm_H:2.73e+00 hm_O:2.45e+00 vert:3.32e-01 joint:3.59e-01 mano_pose:5.27e-02 mano_shape:1.52e-02 force:7.64e-02 gravity:3.58e-02 torque:4.39e-02 supervised:7.92e-02 CoM:2.25e-02 total:1.73e+01
2024-07-14 04:38:21,703 
[3000/3136]| Loss diff_H:9.65e+00 diff_O:1.64e+00 hm_H:2.72e+00 hm_O:2.49e+00 vert:5.31e-01 joint:5.73e-01 mano_pose:6.59e-02 mano_shape:1.47e-02 force:9.34e-02 gravity:4.27e-02 torque:3.33e-02 supervised:6.48e-02 CoM:3.02e-02 total:1.80e+01
2024-07-14 04:39:29,243 
Evaluation on subtest dataset: 7877
2024-07-14 04:45:09,034 
Hand Evaluation: 7936 samples
2024-07-14 04:45:09,047 
regression: 
         MJE PA_MJE MJE_0 MJE_1 MJE_2  MJE_3  MJE_4  MJE_5  MJE_6  MJE_7  MJE_8  MJE_9 MJE_10 MJE_11 MJE_12 MJE_13 MJE_14 MJE_15 MJE_16 MJE_17 MJE_18 MJE_19 MJE_20
right  12.64   5.63  0.00  4.78  8.36  11.48  16.00   9.75  12.70  14.62  17.84  10.07  13.28  15.31  19.21   9.45  12.56  15.08  19.62   9.52  12.10  14.49  19.14
left   13.01   5.48  0.00  5.10  8.86  11.96  16.63  10.22  13.37  15.27  18.69  10.52  13.48  15.22  19.55   9.90  12.75  15.02  19.24  10.08  12.76  15.13  19.37
both   12.82   5.55  0.00  4.94  8.61  11.72  16.31   9.98  13.03  14.94  18.26  10.29  13.38  15.27  19.38   9.67  12.65  15.05  19.44   9.80  12.43  14.81  19.26
2024-07-14 04:45:09,058 
one_candidate: 
         MJE PA_MJE MJE_0 MJE_1  MJE_2  MJE_3  MJE_4  MJE_5  MJE_6  MJE_7  MJE_8  MJE_9 MJE_10 MJE_11 MJE_12 MJE_13 MJE_14 MJE_15 MJE_16 MJE_17 MJE_18 MJE_19 MJE_20
right  20.85   8.31  0.00  7.57  13.72  19.14  26.89  16.12  21.67  25.15  30.34  16.64  22.27  25.79  31.91  15.38  20.77  25.10  32.05  15.18  19.27  23.08  29.83
left   20.94   8.02  0.00  7.86  14.11  19.45  27.34  16.27  21.82  25.15  30.41  16.88  22.19  25.34  31.67  15.77  20.69  24.67  31.13  15.73  19.93  23.58  29.79
both   20.90   8.17  0.00  7.72  13.91  19.29  27.11  16.19  21.74  25.15  30.38  16.76  22.23  25.57  31.79  15.57  20.73  24.89  31.60  15.45  19.60  23.33  29.81
2024-07-14 04:45:09,069 
mean_candidate_mano: 
         MJE PA_MJE MJE_0 MJE_1 MJE_2  MJE_3  MJE_4 MJE_5  MJE_6  MJE_7  MJE_8 MJE_9 MJE_10 MJE_11 MJE_12 MJE_13 MJE_14 MJE_15 MJE_16 MJE_17 MJE_18 MJE_19 MJE_20
right  11.19   5.70  0.00  4.41  7.56  10.11  13.85  8.57  10.66  12.13  14.82  8.81  11.50  13.36  17.05   8.41  11.10  13.64  18.09   8.69  10.94  13.38  17.82
left   11.31   5.53  0.00  4.62  7.91  10.38  14.43  8.61  11.00  12.59  15.72  8.90  11.35  13.08  16.53   8.62  11.05  13.35  17.44   9.06  11.46  13.73  17.75
both   11.25   5.62  0.00  4.51  7.73  10.24  14.14  8.59  10.83  12.36  15.26  8.86  11.43  13.22  16.79   8.51  11.08  13.50  17.77   8.87  11.20  13.55  17.79
2024-07-14 04:45:09,171 
Object Evaluation: 7936 samples 
Mean Pose: 
                          MCE    OCE    ADD   ADDS  ADD01d ADDS01d    REP
002_master_chef_can     68.76  23.74  49.16  12.39  21.55%  87.93%  23.99
003_cracker_box         36.26  29.04  32.91  15.31  55.77%  91.40%   9.78
004_sugar_box           41.54  28.39  35.37  15.85  48.25%  79.25%  11.64
005_tomato_soup_can     45.30  24.22  35.60  12.67  16.59%  71.71%  15.04
006_mustard_bottle      32.45  20.98  26.19  11.37  58.70%  91.69%  10.10
007_tuna_fish_can       54.34  25.89  39.43  13.98  11.73%  67.35%  17.52
008_pudding_box         47.02  29.99  39.48  18.27  40.63%  82.73%  16.43
009_gelatin_box         38.17  27.96  33.32  15.89  29.11%  73.67%  10.92
010_potted_meat_can     45.04  24.61  35.93  13.53  27.74%  74.21%  15.10
011_banana              58.90  26.59  39.54  17.15  35.25%  73.25%  16.53
019_pitcher_base        58.82  38.43  46.75  20.80  47.74%  88.94%  19.56
021_bleach_cleanser     50.38  25.96  37.27  15.22  55.38%  88.46%  16.65
024_bowl               117.21  23.87  66.85  13.81  15.53%  85.53%  36.14
025_mug                 49.45  23.13  34.05  11.77  31.70%  86.86%  14.32
035_power_drill         51.79  35.34  41.70  19.02  43.46%  78.80%  13.66
036_wood_block         139.95  30.51  99.14  19.23   5.48%  77.53%  57.12
037_scissors            73.67  35.69  47.22  24.13  22.44%  60.10%  17.74
040_large_marker        44.02  25.83  33.62  18.95   4.68%  47.01%  12.53
052_extra_large_clamp  119.33  31.50  61.97  20.98  19.34%  76.08%  30.86
061_foam_brick          64.59  25.09  48.49  14.09   7.92%  65.17%  24.21
average_instance        61.45  27.81  43.97  16.19  30.05%  77.49%  19.34
2024-07-14 04:45:09,712 
Epoch: 13/100 | Learning Rate: 1.176e-04
2024-07-14 04:45:17,986 
[0000/3136]| Loss diff_H:1.01e+01 diff_O:1.82e+00 hm_H:2.84e+00 hm_O:2.49e+00 vert:5.29e-01 joint:5.75e-01 mano_pose:6.21e-02 mano_shape:1.21e-02 force:7.73e-02 gravity:3.76e-02 torque:2.86e-02 supervised:6.51e-02 CoM:2.90e-02 total:1.87e+01
2024-07-14 04:49:27,135 
[0500/3136]| Loss diff_H:1.02e+01 diff_O:1.67e+00 hm_H:2.61e+00 hm_O:2.37e+00 vert:2.82e-01 joint:2.99e-01 mano_pose:4.98e-02 mano_shape:2.01e-02 force:1.09e-01 gravity:7.14e-02 torque:4.44e-02 supervised:7.84e-02 CoM:2.03e-02 total:1.78e+01
2024-07-14 04:53:33,686 
[1000/3136]| Loss diff_H:9.37e+00 diff_O:1.50e+00 hm_H:2.69e+00 hm_O:2.37e+00 vert:4.22e-01 joint:4.56e-01 mano_pose:5.72e-02 mano_shape:1.29e-02 force:1.01e-01 gravity:7.00e-02 torque:4.01e-02 supervised:8.40e-02 CoM:3.64e-02 total:1.72e+01
2024-07-14 04:57:40,760 
[1500/3136]| Loss diff_H:9.89e+00 diff_O:1.62e+00 hm_H:2.93e+00 hm_O:2.44e+00 vert:3.40e-01 joint:3.69e-01 mano_pose:6.39e-02 mano_shape:2.00e-02 force:1.36e-01 gravity:7.21e-02 torque:3.38e-02 supervised:6.62e-02 CoM:2.34e-02 total:1.80e+01
2024-07-14 05:01:47,250 
[2000/3136]| Loss diff_H:1.02e+01 diff_O:1.80e+00 hm_H:2.92e+00 hm_O:2.45e+00 vert:4.83e-01 joint:5.22e-01 mano_pose:6.19e-02 mano_shape:2.17e-02 force:1.06e-01 gravity:6.08e-02 torque:2.76e-02 supervised:4.99e-02 CoM:3.12e-02 total:1.88e+01
2024-07-14 05:05:57,027 
[2500/3136]| Loss diff_H:1.03e+01 diff_O:1.70e+00 hm_H:2.62e+00 hm_O:2.42e+00 vert:3.19e-01 joint:3.44e-01 mano_pose:5.58e-02 mano_shape:1.42e-02 force:9.13e-02 gravity:4.19e-02 torque:4.63e-02 supervised:6.92e-02 CoM:2.57e-02 total:1.80e+01
2024-07-14 05:10:05,811 
[3000/3136]| Loss diff_H:9.79e+00 diff_O:1.71e+00 hm_H:2.69e+00 hm_O:2.46e+00 vert:3.53e-01 joint:3.80e-01 mano_pose:5.20e-02 mano_shape:1.27e-02 force:7.11e-02 gravity:3.80e-02 torque:2.53e-02 supervised:6.16e-02 CoM:4.23e-02 total:1.77e+01
2024-07-14 05:11:12,511 
Evaluation on subtest dataset: 7877
2024-07-14 05:16:42,342 
Hand Evaluation: 7936 samples
2024-07-14 05:16:42,356 
regression: 
         MJE PA_MJE MJE_0 MJE_1 MJE_2  MJE_3  MJE_4  MJE_5  MJE_6  MJE_7  MJE_8  MJE_9 MJE_10 MJE_11 MJE_12 MJE_13 MJE_14 MJE_15 MJE_16 MJE_17 MJE_18 MJE_19 MJE_20
right  12.60   5.54  0.00  4.81  8.50  11.63  16.14   9.81  12.73  14.64  17.80  10.08  13.30  15.36  19.12   9.38  12.47  15.00  19.40   9.36  11.87  14.33  18.91
left   12.80   5.36  0.00  5.01  8.67  11.70  16.24  10.12  13.28  15.09  18.38  10.43  13.48  15.13  19.01   9.77  12.67  14.86  18.79   9.86  12.55  14.82  18.87
both   12.70   5.45  0.00  4.91  8.59  11.66  16.19   9.97  13.00  14.86  18.09  10.25  13.39  15.25  19.07   9.57  12.57  14.93  19.10   9.61  12.21  14.57  18.89
2024-07-14 05:16:42,366 
one_candidate: 
         MJE PA_MJE MJE_0 MJE_1  MJE_2  MJE_3  MJE_4  MJE_5  MJE_6  MJE_7  MJE_8  MJE_9 MJE_10 MJE_11 MJE_12 MJE_13 MJE_14 MJE_15 MJE_16 MJE_17 MJE_18 MJE_19 MJE_20
right  20.05   7.98  0.00  7.33  13.22  18.35  25.88  15.45  20.71  24.02  29.02  15.99  21.29  24.72  30.54  14.87  19.86  23.96  30.45  14.75  18.77  22.59  29.29
left   20.07   7.71  0.00  7.48  13.47  18.63  26.26  15.56  20.75  23.90  28.97  16.22  21.20  24.13  29.94  15.21  19.81  23.54  29.69  15.21  19.39  22.98  29.22
both   20.06   7.85  0.00  7.40  13.34  18.49  26.07  15.50  20.73  23.96  28.99  16.11  21.24  24.43  30.25  15.04  19.83  23.75  30.08  14.98  19.08  22.78  29.26
2024-07-14 05:16:42,378 
mean_candidate_mano: 
         MJE PA_MJE MJE_0 MJE_1 MJE_2  MJE_3  MJE_4 MJE_5  MJE_6  MJE_7  MJE_8 MJE_9 MJE_10 MJE_11 MJE_12 MJE_13 MJE_14 MJE_15 MJE_16 MJE_17 MJE_18 MJE_19 MJE_20
right  11.04   5.62  0.00  4.44  7.53  10.01  13.67  8.50  10.52  12.11  14.98  8.62  11.27  13.23  17.12   8.16  10.83  13.43  17.95   8.42  10.59  13.04  17.47
left   11.28   5.43  0.00  4.65  7.81  10.27  14.17  8.73  11.14  12.65  15.78  8.99  11.42  13.13  16.56   8.61  11.03  13.29  17.39   8.97  11.30  13.52  17.51
both   11.16   5.53  0.00  4.54  7.67  10.13  13.91  8.62  10.83  12.37  15.38  8.80  11.34  13.18  16.84   8.38  10.93  13.36  17.68   8.69  10.94  13.28  17.49
2024-07-14 05:16:42,479 
Object Evaluation: 7936 samples 
Mean Pose: 
                          MCE    OCE     ADD   ADDS  ADD01d ADDS01d    REP
002_master_chef_can     67.78  23.24   48.56  12.15  22.84%  90.09%  24.12
003_cracker_box         34.01  27.87   31.01  14.63  55.77%  92.87%  10.34
004_sugar_box           41.23  27.83   35.00  15.46  44.00%  78.75%  12.35
005_tomato_soup_can     47.50  25.75   37.44  13.54  13.66%  71.46%  15.63
006_mustard_bottle      32.01  19.94   25.41  10.66  60.78%  94.03%  10.61
007_tuna_fish_can       55.57  25.14   39.53  13.67  11.22%  67.60%  18.69
008_pudding_box         49.01  32.71   41.65  19.95  38.93%  81.27%  17.15
009_gelatin_box         37.53  27.91   32.93  15.96  31.14%  71.90%  10.86
010_potted_meat_can     41.77  23.54   33.61  12.52  28.22%  78.35%  15.47
011_banana              61.00  27.14   40.68  17.45  30.75%  73.25%  17.35
019_pitcher_base        59.17  39.64   47.49  21.23  46.73%  87.44%  19.12
021_bleach_cleanser     51.65  28.35   39.12  15.86  53.33%  86.41%  17.45
024_bowl               120.00  22.28   67.83  12.91  17.63%  88.95%  37.69
025_mug                 49.77  23.70   34.46  11.57  24.74%  86.34%  14.83
035_power_drill         47.80  34.28   39.40  18.27  47.12%  83.51%  13.55
036_wood_block         144.01  31.05  101.91  19.35   3.29%  79.73%  58.94
037_scissors            72.42  34.37   46.09  23.13  19.45%  62.59%  17.45
040_large_marker        43.77  26.26   33.81  19.01   7.27%  48.05%  13.06
052_extra_large_clamp  113.76  31.37   60.20  20.07  19.59%  80.15%  29.15
061_foam_brick          62.47  25.62   47.52  14.72   8.44%  64.64%  23.47
average_instance        61.19  27.87   43.94  16.07  29.35%  78.48%  19.70
2024-07-14 05:16:43,017 
Epoch: 14/100 | Learning Rate: 1.129e-04
2024-07-14 05:16:50,196 
[0000/3136]| Loss diff_H:9.46e+00 diff_O:1.83e+00 hm_H:2.73e+00 hm_O:2.47e+00 vert:4.72e-01 joint:5.13e-01 mano_pose:5.87e-02 mano_shape:2.56e-02 force:1.31e-01 gravity:7.30e-02 torque:3.34e-02 supervised:8.35e-02 CoM:3.47e-02 total:1.79e+01
2024-07-14 05:20:56,914 
[0500/3136]| Loss diff_H:9.48e+00 diff_O:1.94e+00 hm_H:3.01e+00 hm_O:2.50e+00 vert:3.66e-01 joint:3.94e-01 mano_pose:5.72e-02 mano_shape:2.38e-02 force:7.05e-02 gravity:3.25e-02 torque:3.68e-02 supervised:6.52e-02 CoM:2.54e-02 total:1.80e+01
2024-07-14 05:25:05,066 
[1000/3136]| Loss diff_H:8.95e+00 diff_O:1.80e+00 hm_H:2.70e+00 hm_O:2.51e+00 vert:3.44e-01 joint:3.71e-01 mano_pose:5.44e-02 mano_shape:1.61e-02 force:1.41e-01 gravity:7.27e-02 torque:3.35e-02 supervised:7.23e-02 CoM:3.23e-02 total:1.71e+01
2024-07-14 05:29:15,066 
[1500/3136]| Loss diff_H:9.36e+00 diff_O:1.78e+00 hm_H:2.72e+00 hm_O:2.56e+00 vert:3.97e-01 joint:4.31e-01 mano_pose:5.53e-02 mano_shape:2.08e-02 force:1.67e-01 gravity:1.07e-01 torque:3.61e-02 supervised:6.15e-02 CoM:4.38e-02 total:1.77e+01
2024-07-14 05:33:30,257 
[2000/3136]| Loss diff_H:9.44e+00 diff_O:1.77e+00 hm_H:2.72e+00 hm_O:2.39e+00 vert:4.12e-01 joint:4.47e-01 mano_pose:5.38e-02 mano_shape:1.51e-02 force:7.37e-02 gravity:3.15e-02 torque:3.23e-02 supervised:7.14e-02 CoM:2.16e-02 total:1.75e+01
2024-07-14 05:37:39,642 
[2500/3136]| Loss diff_H:9.87e+00 diff_O:1.62e+00 hm_H:2.82e+00 hm_O:2.43e+00 vert:3.55e-01 joint:3.82e-01 mano_pose:5.53e-02 mano_shape:2.67e-02 force:1.30e-01 gravity:6.82e-02 torque:4.02e-02 supervised:8.99e-02 CoM:2.05e-02 total:1.79e+01
2024-07-14 05:41:48,754 
[3000/3136]| Loss diff_H:9.12e+00 diff_O:1.77e+00 hm_H:2.90e+00 hm_O:2.50e+00 vert:3.79e-01 joint:4.12e-01 mano_pose:5.84e-02 mano_shape:2.87e-02 force:9.79e-02 gravity:5.54e-02 torque:3.15e-02 supervised:6.47e-02 CoM:3.26e-02 total:1.74e+01
2024-07-14 05:42:56,406 
Evaluation on subtest dataset: 7877
2024-07-14 05:48:23,080 
Hand Evaluation: 7936 samples
2024-07-14 05:48:23,093 
regression: 
         MJE PA_MJE MJE_0 MJE_1 MJE_2  MJE_3  MJE_4  MJE_5  MJE_6  MJE_7  MJE_8  MJE_9 MJE_10 MJE_11 MJE_12 MJE_13 MJE_14 MJE_15 MJE_16 MJE_17 MJE_18 MJE_19 MJE_20
right  12.20   5.39  0.00  4.61  8.21  11.24  15.55   9.46  12.35  14.14  16.99   9.75  12.95  14.93  18.43   9.09  12.13  14.56  18.74   9.08  11.58  13.97  18.36
left   12.86   5.24  0.00  5.01  8.69  11.74  16.33  10.15  13.43  15.29  18.51  10.53  13.71  15.49  18.52   9.86  12.84  14.98  18.63   9.95  12.62  14.91  18.84
both   12.52   5.32  0.00  4.81  8.45  11.48  15.94   9.80  12.88  14.71  17.74  10.14  13.32  15.20  18.47   9.47  12.48  14.76  18.68   9.51  12.09  14.43  18.60
2024-07-14 05:48:23,104 
one_candidate: 
         MJE PA_MJE MJE_0 MJE_1  MJE_2  MJE_3  MJE_4  MJE_5  MJE_6  MJE_7  MJE_8  MJE_9 MJE_10 MJE_11 MJE_12 MJE_13 MJE_14 MJE_15 MJE_16 MJE_17 MJE_18 MJE_19 MJE_20
right  19.05   7.74  0.00  6.97  12.66  17.58  24.77  14.76  19.75  22.89  27.72  15.23  20.30  23.55  29.28  14.13  18.81  22.64  28.95  14.00  17.66  21.12  27.25
left   19.64   7.49  0.00  7.29  13.16  18.15  25.59  15.28  20.45  23.60  28.68  15.88  20.81  23.78  29.40  14.85  19.40  22.96  28.75  14.87  18.85  22.34  28.30
both   19.34   7.61  0.00  7.13  12.91  17.86  25.18  15.02  20.10  23.24  28.19  15.55  20.55  23.66  29.34  14.48  19.10  22.80  28.85  14.43  18.24  21.73  27.77
2024-07-14 05:48:23,114 
mean_candidate_mano: 
         MJE PA_MJE MJE_0 MJE_1 MJE_2  MJE_3  MJE_4 MJE_5  MJE_6  MJE_7  MJE_8 MJE_9 MJE_10 MJE_11 MJE_12 MJE_13 MJE_14 MJE_15 MJE_16 MJE_17 MJE_18 MJE_19 MJE_20
right  10.66   5.53  0.00  4.20  7.18   9.55  13.14  8.11  10.02  11.42  14.06  8.33  10.85  12.69  16.44   7.97  10.55  13.14  17.59   8.23  10.42  12.81  17.12
left   11.12   5.40  0.00  4.54  7.71  10.20  14.08  8.55  10.90  12.43  15.43  8.87  11.25  12.98  16.05   8.52  10.96  13.17  17.02   8.90  11.18  13.41  17.37
both   10.89   5.46  0.00  4.37  7.44   9.87  13.60  8.33  10.46  11.92  14.74  8.60  11.05  12.83  16.25   8.24  10.75  13.15  17.31   8.56  10.79  13.11  17.24
2024-07-14 05:48:23,214 
Object Evaluation: 7936 samples 
Mean Pose: 
                          MCE    OCE     ADD   ADDS  ADD01d ADDS01d    REP
002_master_chef_can     65.79  22.61   47.25  11.92  26.29%  91.59%  22.84
003_cracker_box         31.51  26.63   29.10  13.99  62.41%  92.63%   9.15
004_sugar_box           41.57  28.78   35.56  15.81  44.50%  81.75%  11.79
005_tomato_soup_can     43.55  23.84   34.47  12.59  18.05%  75.61%  14.48
006_mustard_bottle      30.95  19.93   24.94  10.50  62.86%  92.99%   9.59
007_tuna_fish_can       51.76  23.33   36.85  12.60  13.78%  69.64%  16.89
008_pudding_box         45.31  30.35   38.66  18.59  46.47%  82.73%  16.17
009_gelatin_box         38.38  28.39   33.75  16.55  32.15%  73.42%  11.70
010_potted_meat_can     41.84  23.97   33.79  12.89  29.44%  75.67%  14.34
011_banana              58.94  26.51   39.54  17.10  33.00%  75.25%  16.64
019_pitcher_base        62.72  38.92   48.81  20.83  45.73%  87.69%  20.54
021_bleach_cleanser     49.50  26.53   37.30  14.86  55.38%  88.97%  16.29
024_bowl               116.27  23.85   66.38  13.70  18.95%  87.11%  36.20
025_mug                 47.87  23.22   33.49  11.73  30.93%  85.31%  14.40
035_power_drill         50.22  35.52   41.02  18.72  42.67%  80.37%  13.24
036_wood_block         141.04  31.97  100.40  19.49   2.74%  79.45%  57.74
037_scissors            69.44  34.56   45.64  23.57  22.19%  62.59%  16.80
040_large_marker        43.60  25.90   33.59  18.99   7.53%  46.49%  12.85
052_extra_large_clamp  115.30  31.04   60.61  19.74  19.34%  78.88%  29.26
061_foam_brick          63.53  25.35   48.15  14.38   6.86%  65.96%  23.97
average_instance        60.02  27.51   43.21  15.89  31.22%  78.84%  19.07
2024-07-14 05:48:23,744 
Epoch: 15/100 | Learning Rate: 1.084e-04
2024-07-14 05:48:31,390 
[0000/3136]| Loss diff_H:8.88e+00 diff_O:1.56e+00 hm_H:2.71e+00 hm_O:2.37e+00 vert:2.70e-01 joint:2.88e-01 mano_pose:4.94e-02 mano_shape:1.35e-02 force:1.25e-01 gravity:9.03e-02 torque:2.87e-02 supervised:8.03e-02 CoM:2.23e-02 total:1.65e+01
2024-07-14 05:52:38,941 
[0500/3136]| Loss diff_H:9.30e+00 diff_O:1.60e+00 hm_H:2.71e+00 hm_O:2.36e+00 vert:4.62e-01 joint:4.94e-01 mano_pose:5.83e-02 mano_shape:2.34e-02 force:6.05e-02 gravity:2.75e-02 torque:3.17e-02 supervised:7.37e-02 CoM:4.26e-02 total:1.72e+01
2024-07-14 05:56:49,114 
[1000/3136]| Loss diff_H:9.55e+00 diff_O:1.58e+00 hm_H:2.69e+00 hm_O:2.41e+00 vert:2.61e-01 joint:2.83e-01 mano_pose:4.38e-02 mano_shape:1.49e-02 force:6.61e-02 gravity:2.55e-02 torque:3.28e-02 supervised:6.44e-02 CoM:2.29e-02 total:1.70e+01
2024-07-14 06:00:55,814 
[1500/3136]| Loss diff_H:1.17e+01 diff_O:1.62e+00 hm_H:2.83e+00 hm_O:2.43e+00 vert:3.54e-01 joint:3.83e-01 mano_pose:9.66e-02 mano_shape:2.36e-02 force:8.14e-02 gravity:4.16e-02 torque:2.78e-02 supervised:5.15e-02 CoM:2.19e-02 total:1.97e+01
2024-07-14 06:05:02,956 
[2000/3136]| Loss diff_H:9.32e+00 diff_O:1.38e+00 hm_H:2.73e+00 hm_O:2.38e+00 vert:3.77e-01 joint:4.05e-01 mano_pose:5.82e-02 mano_shape:1.63e-02 force:1.66e-01 gravity:1.07e-01 torque:3.51e-02 supervised:8.75e-02 CoM:3.97e-02 total:1.71e+01
2024-07-14 06:09:13,415 
[2500/3136]| Loss diff_H:8.50e+00 diff_O:1.44e+00 hm_H:2.75e+00 hm_O:2.38e+00 vert:3.78e-01 joint:4.09e-01 mano_pose:4.62e-02 mano_shape:1.89e-02 force:1.02e-01 gravity:5.95e-02 torque:3.37e-02 supervised:7.32e-02 CoM:2.68e-02 total:1.62e+01
2024-07-14 06:13:20,846 
[3000/3136]| Loss diff_H:9.90e+00 diff_O:1.66e+00 hm_H:2.70e+00 hm_O:2.38e+00 vert:2.67e-01 joint:2.90e-01 mano_pose:4.13e-02 mano_shape:1.18e-02 force:7.14e-02 gravity:3.09e-02 torque:3.50e-02 supervised:7.51e-02 CoM:3.78e-02 total:1.75e+01
2024-07-14 06:14:27,144 
Evaluation on subtest dataset: 7877
2024-07-14 06:19:55,783 
Hand Evaluation: 7936 samples
2024-07-14 06:19:55,796 
regression: 
         MJE PA_MJE MJE_0 MJE_1 MJE_2  MJE_3  MJE_4 MJE_5  MJE_6  MJE_7  MJE_8  MJE_9 MJE_10 MJE_11 MJE_12 MJE_13 MJE_14 MJE_15 MJE_16 MJE_17 MJE_18 MJE_19 MJE_20
right  12.15   5.44  0.00  4.59  8.02  10.94  15.19  9.32  12.08  13.89  16.87   9.66  12.75  14.79  18.53   9.10  12.13  14.73  19.15   9.16  11.63  14.07  18.65
left   12.59   5.23  0.00  4.90  8.43  11.42  15.97  9.86  12.94  14.79  18.08  10.16  13.17  15.04  18.69   9.50  12.49  14.83  18.76   9.60  12.32  14.70  18.84
both   12.37   5.34  0.00  4.74  8.22  11.18  15.58  9.59  12.50  14.33  17.47   9.90  12.96  14.91  18.61   9.30  12.31  14.78  18.96   9.38  11.97  14.38  18.74
2024-07-14 06:19:55,806 
one_candidate: 
         MJE PA_MJE MJE_0 MJE_1  MJE_2  MJE_3  MJE_4  MJE_5  MJE_6  MJE_7  MJE_8  MJE_9 MJE_10 MJE_11 MJE_12 MJE_13 MJE_14 MJE_15 MJE_16 MJE_17 MJE_18 MJE_19 MJE_20
right  19.32   7.68  0.00  7.04  12.72  17.78  25.08  14.96  19.92  23.04  27.76  15.52  20.74  24.00  29.53  14.39  19.24  23.10  29.31  14.20  17.94  21.56  27.92
left   19.18   7.35  0.00  7.15  12.98  17.96  25.45  14.85  19.74  22.80  27.72  15.43  20.22  23.33  28.95  14.42  18.86  22.48  28.24  14.45  18.34  21.76  27.62
both   19.25   7.52  0.00  7.09  12.85  17.87  25.26  14.90  19.83  22.93  27.74  15.48  20.49  23.67  29.24  14.41  19.05  22.79  28.78  14.33  18.14  21.66  27.77
2024-07-14 06:19:55,817 
mean_candidate_mano: 
         MJE PA_MJE MJE_0 MJE_1 MJE_2 MJE_3  MJE_4 MJE_5  MJE_6  MJE_7  MJE_8 MJE_9 MJE_10 MJE_11 MJE_12 MJE_13 MJE_14 MJE_15 MJE_16 MJE_17 MJE_18 MJE_19 MJE_20
right  10.64   5.53  0.00  4.23  7.16  9.55  13.07  8.07   9.97  11.41  14.09  8.29  10.79  12.57  16.33   7.95  10.56  13.14  17.67   8.25  10.41  12.81  17.14
left   10.76   5.35  0.00  4.40  7.39  9.75  13.50  8.15  10.35  11.91  15.03  8.43  10.81  12.59  15.80   8.13  10.57  12.81  16.78   8.52  10.81  13.10  17.12
both   10.70   5.44  0.00  4.31  7.27  9.65  13.28  8.11  10.16  11.65  14.56  8.36  10.80  12.58  16.07   8.04  10.57  12.98  17.23   8.38  10.61  12.95  17.13
2024-07-14 06:19:55,919 
Object Evaluation: 7936 samples 
Mean Pose: 
                          MCE    OCE     ADD   ADDS  ADD01d ADDS01d    REP
002_master_chef_can     62.90  21.82   45.18  11.47  28.45%  90.95%  22.15
003_cracker_box         34.19  27.33   31.10  14.47  58.48%  93.37%   9.43
004_sugar_box           39.97  25.98   33.51  14.43  45.75%  84.00%  11.62
005_tomato_soup_can     43.96  23.68   34.61  12.58  21.46%  76.10%  14.91
006_mustard_bottle      31.72  19.47   25.16  10.46  64.68%  92.21%   9.71
007_tuna_fish_can       52.85  22.47   37.06  12.27  16.58%  73.72%  18.22
008_pudding_box         47.60  32.22   40.55  20.01  41.12%  82.24%  15.83
009_gelatin_box         36.36  26.67   31.74  15.15  35.95%  75.95%  10.76
010_potted_meat_can     40.63  22.30   32.45  11.95  30.66%  78.83%  14.07
011_banana              58.42  24.82   38.36  16.39  37.50%  77.50%  16.18
019_pitcher_base        58.79  38.53   46.66  20.60  50.75%  88.19%  19.48
021_bleach_cleanser     47.86  25.73   36.04  14.83  60.00%  90.26%  15.75
024_bowl               125.87  22.41   70.74  13.25  13.95%  86.84%  39.37
025_mug                 49.29  23.70   34.24  11.51  27.58%  85.31%  14.21
035_power_drill         48.21  33.55   39.34  17.96  50.00%  82.46%  12.80
036_wood_block         144.37  30.69  102.41  19.11   3.01%  79.45%  58.17
037_scissors            68.84  33.75   44.40  22.93  28.18%  66.08%  15.87
040_large_marker        42.21  23.60   31.65  17.41   7.01%  49.09%  12.37
052_extra_large_clamp  110.73  30.12   58.54  19.64  20.61%  80.15%  27.88
061_foam_brick          63.94  25.24   48.28  14.14   8.97%  65.17%  23.97
average_instance        59.95  26.67   42.82  15.49  32.70%  80.03%  18.95
2024-07-14 06:19:56,447 
Epoch: 16/100 | Learning Rate: 1.041e-04
2024-07-14 06:20:03,913 
[0000/3136]| Loss diff_H:9.16e+00 diff_O:1.71e+00 hm_H:2.67e+00 hm_O:2.42e+00 vert:3.59e-01 joint:3.87e-01 mano_pose:5.86e-02 mano_shape:1.57e-02 force:8.50e-02 gravity:3.73e-02 torque:5.11e-02 supervised:5.07e-02 CoM:2.78e-02 total:1.70e+01
2024-07-14 06:24:12,475 
[0500/3136]| Loss diff_H:8.87e+00 diff_O:1.41e+00 hm_H:2.64e+00 hm_O:2.35e+00 vert:2.96e-01 joint:3.21e-01 mano_pose:6.01e-02 mano_shape:1.57e-02 force:1.26e-01 gravity:9.09e-02 torque:3.38e-02 supervised:9.22e-02 CoM:2.79e-02 total:1.63e+01
2024-07-14 06:28:21,835 
[1000/3136]| Loss diff_H:9.05e+00 diff_O:1.58e+00 hm_H:2.70e+00 hm_O:2.34e+00 vert:4.55e-01 joint:4.91e-01 mano_pose:4.36e-02 mano_shape:1.21e-02 force:1.12e-01 gravity:5.83e-02 torque:4.55e-02 supervised:7.80e-02 CoM:3.43e-02 total:1.70e+01
2024-07-14 06:32:30,191 
[1500/3136]| Loss diff_H:8.87e+00 diff_O:1.51e+00 hm_H:2.57e+00 hm_O:2.34e+00 vert:3.85e-01 joint:4.14e-01 mano_pose:6.09e-02 mano_shape:2.33e-02 force:1.09e-01 gravity:5.71e-02 torque:3.81e-02 supervised:9.79e-02 CoM:2.12e-02 total:1.65e+01
2024-07-14 06:36:37,608 
[2000/3136]| Loss diff_H:8.88e+00 diff_O:1.85e+00 hm_H:2.75e+00 hm_O:2.35e+00 vert:3.23e-01 joint:3.48e-01 mano_pose:4.67e-02 mano_shape:1.84e-02 force:1.57e-01 gravity:1.07e-01 torque:3.16e-02 supervised:6.93e-02 CoM:2.85e-02 total:1.70e+01
2024-07-14 06:40:42,919 
[2500/3136]| Loss diff_H:8.83e+00 diff_O:1.58e+00 hm_H:2.78e+00 hm_O:2.47e+00 vert:2.66e-01 joint:2.89e-01 mano_pose:4.35e-02 mano_shape:1.80e-02 force:7.09e-02 gravity:3.04e-02 torque:3.48e-02 supervised:5.25e-02 CoM:3.14e-02 total:1.65e+01
2024-07-14 06:44:50,785 
[3000/3136]| Loss diff_H:8.97e+00 diff_O:1.85e+00 hm_H:2.81e+00 hm_O:2.46e+00 vert:3.07e-01 joint:3.28e-01 mano_pose:4.31e-02 mano_shape:1.45e-02 force:1.05e-01 gravity:6.21e-02 torque:2.89e-02 supervised:6.17e-02 CoM:2.90e-02 total:1.71e+01
2024-07-14 06:45:56,975 
Evaluation on subtest dataset: 7877
2024-07-14 06:51:28,778 
Hand Evaluation: 7936 samples
2024-07-14 06:51:28,790 
regression: 
         MJE PA_MJE MJE_0 MJE_1 MJE_2  MJE_3  MJE_4 MJE_5  MJE_6  MJE_7  MJE_8 MJE_9 MJE_10 MJE_11 MJE_12 MJE_13 MJE_14 MJE_15 MJE_16 MJE_17 MJE_18 MJE_19 MJE_20
right  12.08   5.44  0.00  4.54  7.97  10.85  15.10  9.36  12.15  14.05  17.12  9.63  12.68  14.75  18.57   8.98  11.94  14.48  18.91   8.96  11.46  13.84  18.31
left   12.41   5.26  0.00  4.81  8.30  11.24  15.65  9.61  12.64  14.53  17.98  9.97  12.87  14.60  18.79   9.41  12.28  14.53  18.48   9.55  12.22  14.51  18.60
both   12.24   5.35  0.00  4.67  8.13  11.04  15.37  9.48  12.39  14.29  17.54  9.80  12.77  14.68  18.68   9.19  12.11  14.50  18.70   9.25  11.84  14.17  18.46
2024-07-14 06:51:28,800 
one_candidate: 
         MJE PA_MJE MJE_0 MJE_1  MJE_2  MJE_3  MJE_4  MJE_5  MJE_6  MJE_7  MJE_8  MJE_9 MJE_10 MJE_11 MJE_12 MJE_13 MJE_14 MJE_15 MJE_16 MJE_17 MJE_18 MJE_19 MJE_20
right  18.68   7.60  0.00  6.79  12.30  17.10  24.10  14.31  19.24  22.44  27.28  14.79  19.75  23.08  28.82  13.73  18.51  22.44  28.73  13.59  17.33  20.85  27.07
left   19.00   7.36  0.00  7.06  12.76  17.66  25.07  14.60  19.57  22.62  27.70  15.18  19.89  22.78  28.66  14.23  18.81  22.45  28.25  14.27  18.26  21.68  27.58
both   18.84   7.48  0.00  6.92  12.53  17.37  24.58  14.45  19.40  22.53  27.49  14.98  19.82  22.93  28.74  13.97  18.66  22.45  28.49  13.93  17.79  21.26  27.32
2024-07-14 06:51:28,810 
mean_candidate_mano: 
         MJE PA_MJE MJE_0 MJE_1 MJE_2 MJE_3  MJE_4 MJE_5  MJE_6  MJE_7  MJE_8 MJE_9 MJE_10 MJE_11 MJE_12 MJE_13 MJE_14 MJE_15 MJE_16 MJE_17 MJE_18 MJE_19 MJE_20
right  10.55   5.51  0.00  4.20  7.19  9.58  13.18  8.08   9.94  11.37  14.03  8.25  10.73  12.54  16.30   7.83  10.39  12.86  17.26   8.06  10.24  12.60  16.88
left   10.75   5.29  0.00  4.30  7.33  9.71  13.52  8.14  10.42  11.97  15.03  8.47  10.84  12.56  15.94   8.16  10.58  12.76  16.62   8.52  10.85  13.05  17.02
both   10.65   5.40  0.00  4.25  7.26  9.65  13.35  8.11  10.18  11.67  14.52  8.36  10.78  12.55  16.12   7.99  10.49  12.81  16.95   8.29  10.54  12.82  16.94
2024-07-14 06:51:28,910 
Object Evaluation: 7936 samples 
Mean Pose: 
                          MCE    OCE    ADD   ADDS  ADD01d ADDS01d    REP
002_master_chef_can     64.55  23.18  46.51  12.19  26.72%  90.30%  22.52
003_cracker_box         34.35  27.98  31.36  14.85  60.69%  91.89%  10.01
004_sugar_box           41.43  28.20  35.13  16.00  46.75%  80.00%  11.78
005_tomato_soup_can     44.77  24.08  35.19  12.63  19.27%  72.44%  15.15
006_mustard_bottle      31.14  21.25  25.77  11.30  63.12%  91.95%   9.58
007_tuna_fish_can       51.62  24.84  37.49  13.46  14.80%  68.88%  16.76
008_pudding_box         46.38  31.85  39.78  19.58  42.34%  82.97%  16.36
009_gelatin_box         37.30  26.49  32.27  14.91  31.14%  73.42%  10.84
010_potted_meat_can     42.50  24.45  34.28  13.02  25.79%  73.97%  14.85
011_banana              59.03  26.09  39.50  16.95  34.50%  77.00%  15.71
019_pitcher_base        59.48  39.39  47.42  20.95  48.74%  87.94%  19.57
021_bleach_cleanser     50.10  28.07  38.33  15.64  52.56%  88.72%  16.44
024_bowl               119.94  24.25  68.44  13.87  17.63%  88.16%  37.60
025_mug                 46.71  22.90  32.70  11.35  30.93%  86.86%  14.17
035_power_drill         49.08  34.22  39.74  18.25  47.91%  81.15%  13.80
036_wood_block         136.79  30.93  97.55  19.15   5.48%  81.10%  55.89
037_scissors            71.08  34.08  45.77  23.24  21.95%  60.60%  16.54
040_large_marker        42.18  25.15  32.53  18.33   8.57%  46.49%  12.72
052_extra_large_clamp  115.87  31.25  60.46  20.00  22.65%  76.59%  29.41
061_foam_brick          60.05  24.60  45.70  13.72   8.44%  68.07%  22.07
average_instance        59.80  27.63  43.05  15.94  31.63%  78.53%  18.93
2024-07-14 06:51:29,433 
Epoch: 17/100 | Learning Rate: 9.992e-05
2024-07-14 06:51:37,059 
[0000/3136]| Loss diff_H:9.32e+00 diff_O:1.43e+00 hm_H:2.61e+00 hm_O:2.34e+00 vert:3.26e-01 joint:3.53e-01 mano_pose:5.42e-02 mano_shape:1.24e-02 force:1.07e-01 gravity:4.92e-02 torque:4.70e-02 supervised:7.05e-02 CoM:2.25e-02 total:1.67e+01
2024-07-14 06:55:45,484 
[0500/3136]| Loss diff_H:9.18e+00 diff_O:1.52e+00 hm_H:2.61e+00 hm_O:2.32e+00 vert:3.33e-01 joint:3.58e-01 mano_pose:5.19e-02 mano_shape:8.05e-03 force:1.02e-01 gravity:5.00e-02 torque:3.42e-02 supervised:7.88e-02 CoM:2.18e-02 total:1.67e+01
2024-07-14 06:59:55,570 
[1000/3136]| Loss diff_H:8.89e+00 diff_O:1.58e+00 hm_H:2.87e+00 hm_O:2.33e+00 vert:3.37e-01 joint:3.66e-01 mano_pose:5.43e-02 mano_shape:1.49e-02 force:5.80e-02 gravity:2.93e-02 torque:3.67e-02 supervised:9.40e-02 CoM:5.50e-02 total:1.67e+01
2024-07-14 07:04:02,026 
[1500/3136]| Loss diff_H:9.18e+00 diff_O:1.31e+00 hm_H:2.83e+00 hm_O:2.35e+00 vert:2.88e-01 joint:3.14e-01 mano_pose:4.46e-02 mano_shape:1.51e-02 force:8.28e-02 gravity:4.62e-02 torque:3.08e-02 supervised:5.72e-02 CoM:3.11e-02 total:1.66e+01
2024-07-14 07:08:10,393 
[2000/3136]| Loss diff_H:8.41e+00 diff_O:1.44e+00 hm_H:2.71e+00 hm_O:2.30e+00 vert:4.32e-01 joint:4.66e-01 mano_pose:3.98e-02 mano_shape:1.63e-02 force:1.33e-01 gravity:7.63e-02 torque:3.15e-02 supervised:7.93e-02 CoM:2.14e-02 total:1.61e+01
2024-07-14 07:12:19,694 
[2500/3136]| Loss diff_H:8.43e+00 diff_O:1.51e+00 hm_H:2.66e+00 hm_O:2.34e+00 vert:3.19e-01 joint:3.47e-01 mano_pose:4.18e-02 mano_shape:1.11e-02 force:9.66e-02 gravity:4.50e-02 torque:3.39e-02 supervised:6.52e-02 CoM:2.54e-02 total:1.59e+01
2024-07-14 07:16:31,029 
[3000/3136]| Loss diff_H:8.82e+00 diff_O:1.92e+00 hm_H:2.72e+00 hm_O:2.41e+00 vert:3.91e-01 joint:4.22e-01 mano_pose:4.81e-02 mano_shape:2.12e-02 force:5.43e-02 gravity:1.95e-02 torque:2.69e-02 supervised:6.39e-02 CoM:3.41e-02 total:1.69e+01
2024-07-14 07:17:37,336 
Evaluation on subtest dataset: 7877
2024-07-14 07:23:58,503 
Hand Evaluation: 7936 samples
2024-07-14 07:23:58,517 
regression: 
         MJE PA_MJE MJE_0 MJE_1 MJE_2  MJE_3  MJE_4 MJE_5  MJE_6  MJE_7  MJE_8  MJE_9 MJE_10 MJE_11 MJE_12 MJE_13 MJE_14 MJE_15 MJE_16 MJE_17 MJE_18 MJE_19 MJE_20
right  11.92   5.42  0.00  4.48  7.95  10.91  15.23  9.15  11.84  13.73  16.76   9.45  12.46  14.46  18.11   8.84  11.82  14.26  18.51   8.89  11.43  13.80  18.24
left   12.48   5.22  0.00  4.81  8.32  11.28  15.80  9.69  12.73  14.69  18.17  10.07  13.06  14.77  18.66   9.49  12.41  14.58  18.30   9.63  12.32  14.61  18.58
both   12.19   5.32  0.00  4.65  8.13  11.09  15.52  9.42  12.28  14.20  17.46   9.76  12.76  14.61  18.38   9.16  12.11  14.42  18.40   9.26  11.87  14.20  18.41
2024-07-14 07:23:58,527 
one_candidate: 
         MJE PA_MJE MJE_0 MJE_1  MJE_2  MJE_3  MJE_4  MJE_5  MJE_6  MJE_7  MJE_8  MJE_9 MJE_10 MJE_11 MJE_12 MJE_13 MJE_14 MJE_15 MJE_16 MJE_17 MJE_18 MJE_19 MJE_20
right  18.39   7.54  0.00  6.77  12.23  16.93  23.72  14.31  19.14  22.18  26.88  14.76  19.54  22.70  28.18  13.63  18.13  21.83  27.93  13.49  17.05  20.40  26.37
left   18.75   7.31  0.00  6.97  12.50  17.31  24.46  14.47  19.40  22.41  27.22  15.08  19.83  22.75  28.61  14.10  18.53  22.08  27.79  14.11  17.94  21.29  26.98
both   18.57   7.42  0.00  6.87  12.37  17.12  24.09  14.39  19.27  22.29  27.05  14.92  19.68  22.73  28.39  13.86  18.33  21.96  27.86  13.79  17.49  20.84  26.67
2024-07-14 07:23:58,537 
mean_candidate_mano: 
         MJE PA_MJE MJE_0 MJE_1 MJE_2 MJE_3  MJE_4 MJE_5  MJE_6  MJE_7  MJE_8 MJE_9 MJE_10 MJE_11 MJE_12 MJE_13 MJE_14 MJE_15 MJE_16 MJE_17 MJE_18 MJE_19 MJE_20
right  10.45   5.45  0.00  4.13  7.11  9.50  13.09  7.95   9.85  11.31  13.91  8.19  10.60  12.31  15.89   7.82  10.34  12.74  17.01   8.09  10.22  12.52  16.78
left   10.71   5.26  0.00  4.37  7.42  9.83  13.65  8.26  10.51  12.01  15.02  8.53  10.81  12.39  15.67   8.15  10.52  12.54  16.31   8.48  10.71  12.90  16.80
both   10.58   5.35  0.00  4.25  7.26  9.66  13.36  8.10  10.18  11.66  14.46  8.36  10.70  12.35  15.78   7.99  10.43  12.64  16.66   8.28  10.46  12.71  16.79
2024-07-14 07:23:58,636 
Object Evaluation: 7936 samples 
Mean Pose: 
                          MCE    OCE    ADD   ADDS  ADD01d ADDS01d    REP
002_master_chef_can     59.60  22.38  43.41  11.72  29.09%  90.09%  20.23
003_cracker_box         34.39  28.80  31.81  15.26  56.27%  90.42%   9.06
004_sugar_box           42.36  28.75  35.94  16.22  45.50%  78.75%  11.53
005_tomato_soup_can     42.88  23.53  33.94  12.25  17.56%  75.37%  14.28
006_mustard_bottle      30.22  20.01  24.56  10.61  64.42%  92.21%   9.04
007_tuna_fish_can       50.73  24.14  36.71  13.16  17.09%  67.60%  16.40
008_pudding_box         43.02  28.61  36.61  17.09  43.31%  84.18%  14.85
009_gelatin_box         37.54  27.41  32.80  15.95  32.91%  74.18%  10.96
010_potted_meat_can     40.37  23.93  32.87  12.77  28.95%  76.40%  13.53
011_banana              57.31  25.57  38.42  16.66  34.75%  76.50%  15.74
019_pitcher_base        57.03  37.34  45.48  19.57  50.75%  88.94%  17.90
021_bleach_cleanser     48.49  27.91  37.61  15.69  54.10%  87.95%  15.42
024_bowl               122.05  22.82  69.03  13.33  19.74%  88.16%  38.42
025_mug                 47.15  22.98  32.97  11.39  28.35%  87.37%  13.48
035_power_drill         47.48  33.18  38.60  17.97  51.57%  81.41%  12.75
036_wood_block         138.78  29.62  98.36  18.17   4.93%  83.01%  56.43
037_scissors            69.45  32.50  44.13  22.63  24.19%  62.59%  16.55
040_large_marker        40.79  22.63  30.77  16.53   6.75%  52.99%  12.21
052_extra_large_clamp  114.19  28.23  58.47  18.27  23.41%  80.15%  28.78
061_foam_brick          66.20  23.89  49.16  13.29   7.65%  65.70%  25.19
average_instance        59.01  26.69  42.30  15.40  32.21%  79.30%  18.44
2024-07-14 07:23:59,107 
Epoch: 18/100 | Learning Rate: 9.592e-05
2024-07-14 07:24:06,750 
[0000/3136]| Loss diff_H:8.64e+00 diff_O:1.65e+00 hm_H:2.51e+00 hm_O:2.23e+00 vert:3.39e-01 joint:3.67e-01 mano_pose:4.71e-02 mano_shape:1.34e-02 force:1.13e-01 gravity:6.41e-02 torque:3.28e-02 supervised:9.14e-02 CoM:3.38e-02 total:1.61e+01
2024-07-14 07:28:12,007 
[0500/3136]| Loss diff_H:8.02e+00 diff_O:1.69e+00 hm_H:2.60e+00 hm_O:2.44e+00 vert:3.06e-01 joint:3.29e-01 mano_pose:4.82e-02 mano_shape:1.16e-02 force:1.50e-01 gravity:9.70e-02 torque:3.84e-02 supervised:8.89e-02 CoM:2.09e-02 total:1.58e+01
2024-07-14 07:32:16,590 
[1000/3136]| Loss diff_H:9.03e+00 diff_O:1.53e+00 hm_H:2.49e+00 hm_O:2.35e+00 vert:3.18e-01 joint:3.45e-01 mano_pose:5.02e-02 mano_shape:1.81e-02 force:6.96e-02 gravity:3.36e-02 torque:3.07e-02 supervised:6.91e-02 CoM:2.41e-02 total:1.64e+01
2024-07-14 07:36:23,399 
[1500/3136]| Loss diff_H:8.68e+00 diff_O:1.54e+00 hm_H:2.42e+00 hm_O:2.35e+00 vert:3.41e-01 joint:3.66e-01 mano_pose:5.31e-02 mano_shape:9.82e-03 force:8.86e-02 gravity:4.79e-02 torque:2.70e-02 supervised:6.56e-02 CoM:3.34e-02 total:1.60e+01
2024-07-14 07:40:32,227 
[2000/3136]| Loss diff_H:8.98e+00 diff_O:1.40e+00 hm_H:2.72e+00 hm_O:2.35e+00 vert:3.63e-01 joint:3.94e-01 mano_pose:4.76e-02 mano_shape:9.17e-03 force:1.20e-01 gravity:7.57e-02 torque:2.86e-02 supervised:7.35e-02 CoM:3.21e-02 total:1.66e+01
2024-07-14 07:44:39,616 
[2500/3136]| Loss diff_H:8.69e+00 diff_O:1.58e+00 hm_H:2.72e+00 hm_O:2.43e+00 vert:4.79e-01 joint:5.15e-01 mano_pose:5.02e-02 mano_shape:1.25e-02 force:1.17e-01 gravity:6.68e-02 torque:2.86e-02 supervised:7.14e-02 CoM:2.11e-02 total:1.68e+01
2024-07-14 07:48:45,928 
[3000/3136]| Loss diff_H:8.35e+00 diff_O:1.54e+00 hm_H:2.64e+00 hm_O:2.24e+00 vert:2.60e-01 joint:2.79e-01 mano_pose:4.34e-02 mano_shape:1.04e-02 force:7.14e-02 gravity:2.80e-02 torque:3.25e-02 supervised:6.43e-02 CoM:1.67e-02 total:1.56e+01
2024-07-14 07:49:51,650 
Evaluation on subtest dataset: 7877
2024-07-14 07:55:29,581 
Hand Evaluation: 7936 samples
2024-07-14 07:55:29,594 
regression: 
         MJE PA_MJE MJE_0 MJE_1 MJE_2  MJE_3  MJE_4 MJE_5  MJE_6  MJE_7  MJE_8  MJE_9 MJE_10 MJE_11 MJE_12 MJE_13 MJE_14 MJE_15 MJE_16 MJE_17 MJE_18 MJE_19 MJE_20
right  12.12   5.39  0.00  4.52  7.92  10.80  15.09  9.39  12.10  13.93  16.96   9.75  12.68  14.67  18.35   9.12  12.06  14.52  18.82   9.16  11.77  14.16  18.65
left   12.70   5.20  0.00  4.85  8.50  11.54  16.11  9.97  13.13  15.02  18.39  10.43  13.43  15.11  18.53   9.76  12.71  14.82  18.60   9.81  12.50  14.74  18.64
both   12.40   5.30  0.00  4.69  8.21  11.17  15.59  9.68  12.61  14.47  17.67  10.08  13.05  14.89  18.44   9.44  12.38  14.67  18.71   9.48  12.13  14.45  18.65
2024-07-14 07:55:29,604 
one_candidate: 
         MJE PA_MJE MJE_0 MJE_1  MJE_2  MJE_3  MJE_4  MJE_5  MJE_6  MJE_7  MJE_8  MJE_9 MJE_10 MJE_11 MJE_12 MJE_13 MJE_14 MJE_15 MJE_16 MJE_17 MJE_18 MJE_19 MJE_20
right  18.52   7.42  0.00  6.71  12.14  16.87  23.77  14.28  19.11  22.15  26.74  14.88  19.75  22.89  28.26  13.89  18.47  22.18  28.13  13.79  17.42  20.75  26.72
left   18.74   7.25  0.00  7.01  12.45  17.20  24.28  14.61  19.57  22.61  27.41  15.23  19.97  22.78  27.92  14.24  18.56  21.88  27.36  14.25  17.99  21.30  27.02
both   18.63   7.33  0.00  6.86  12.30  17.03  24.02  14.44  19.34  22.38  27.07  15.06  19.86  22.83  28.09  14.06  18.51  22.03  27.75  14.02  17.70  21.02  26.87
2024-07-14 07:55:29,615 
mean_candidate_mano: 
         MJE PA_MJE MJE_0 MJE_1 MJE_2  MJE_3  MJE_4 MJE_5  MJE_6  MJE_7  MJE_8 MJE_9 MJE_10 MJE_11 MJE_12 MJE_13 MJE_14 MJE_15 MJE_16 MJE_17 MJE_18 MJE_19 MJE_20
right  10.50   5.45  0.00  4.19  7.19   9.67  13.23  8.06  10.00  11.41  13.94  8.25  10.65  12.39  16.01   7.85  10.34  12.72  16.97   8.11  10.25  12.56  16.79
left   10.86   5.31  0.00  4.36  7.52  10.07  14.01  8.28  10.59  12.14  15.12  8.62  10.99  12.67  15.86   8.28  10.66  12.75  16.60   8.64  10.92  13.09  16.98
both   10.68   5.38  0.00  4.27  7.36   9.87  13.62  8.17  10.29  11.77  14.52  8.43  10.82  12.53  15.93   8.06  10.50  12.73  16.78   8.37  10.58  12.82  16.88
2024-07-14 07:55:29,714 
Object Evaluation: 7936 samples 
Mean Pose: 
                          MCE    OCE    ADD   ADDS  ADD01d ADDS01d    REP
002_master_chef_can     61.33  22.28  44.32  11.75  31.25%  91.16%  21.15
003_cracker_box         32.17  27.03  29.71  14.03  61.18%  92.14%   8.89
004_sugar_box           41.80  27.37  35.16  15.34  44.25%  82.00%  11.63
005_tomato_soup_can     44.00  24.81  35.05  13.26  18.78%  71.71%  14.63
006_mustard_bottle      32.80  20.96  26.32  11.16  59.48%  92.21%   9.58
007_tuna_fish_can       53.39  25.17  38.47  13.60  14.80%  68.11%  17.75
008_pudding_box         43.94  30.96  38.00  18.65  43.31%  82.73%  15.32
009_gelatin_box         37.32  26.73  32.38  15.21  33.16%  75.70%  11.33
010_potted_meat_can     41.99  24.01  33.82  12.78  25.79%  75.18%  14.12
011_banana              58.64  24.77  38.42  15.92  36.75%  77.75%  15.69
019_pitcher_base        57.55  37.87  45.99  19.81  50.50%  87.94%  17.88
021_bleach_cleanser     53.08  26.99  39.28  15.17  50.77%  88.97%  17.12
024_bowl               120.09  21.60  67.65  12.74  21.58%  88.42%  37.65
025_mug                 48.87  21.96  33.17  10.87  33.51%  86.60%  13.78
035_power_drill         47.08  33.03  38.30  17.60  46.86%  83.77%  12.70
036_wood_block         140.10  30.59  99.42  18.91   4.38%  81.10%  57.02
037_scissors            70.07  33.60  45.13  23.10  22.94%  62.84%  16.60
040_large_marker        41.72  25.19  32.35  18.44   5.45%  51.43%  12.18
052_extra_large_clamp  119.45  29.65  61.12  19.70  17.30%  79.39%  30.31
061_foam_brick          63.01  24.44  47.49  14.03   9.76%  69.66%  23.56
average_instance        59.94  26.92  42.80  15.57  31.77%  79.54%  18.76
2024-07-14 07:55:30,189 
Epoch: 19/100 | Learning Rate: 9.208e-05
2024-07-14 07:55:38,170 
[0000/3136]| Loss diff_H:8.31e+00 diff_O:1.49e+00 hm_H:2.87e+00 hm_O:2.34e+00 vert:2.30e-01 joint:2.47e-01 mano_pose:4.25e-02 mano_shape:7.48e-03 force:1.05e-01 gravity:7.41e-02 torque:3.74e-02 supervised:6.00e-02 CoM:4.43e-02 total:1.59e+01
2024-07-14 07:59:43,909 
[0500/3136]| Loss diff_H:8.63e+00 diff_O:1.66e+00 hm_H:2.48e+00 hm_O:2.36e+00 vert:2.46e-01 joint:2.68e-01 mano_pose:4.29e-02 mano_shape:8.81e-03 force:7.49e-02 gravity:3.91e-02 torque:3.76e-02 supervised:6.96e-02 CoM:2.29e-02 total:1.59e+01
2024-07-14 08:03:49,635 
[1000/3136]| Loss diff_H:8.21e+00 diff_O:1.69e+00 hm_H:2.69e+00 hm_O:2.30e+00 vert:2.81e-01 joint:3.02e-01 mano_pose:4.48e-02 mano_shape:1.64e-02 force:5.84e-02 gravity:3.26e-02 torque:3.61e-02 supervised:6.27e-02 CoM:2.12e-02 total:1.57e+01
2024-07-14 08:07:58,007 
[1500/3136]| Loss diff_H:8.11e+00 diff_O:1.63e+00 hm_H:2.58e+00 hm_O:2.25e+00 vert:3.54e-01 joint:3.82e-01 mano_pose:4.58e-02 mano_shape:1.07e-02 force:1.23e-01 gravity:9.03e-02 torque:3.07e-02 supervised:7.99e-02 CoM:2.91e-02 total:1.57e+01
2024-07-14 08:12:04,605 
[2000/3136]| Loss diff_H:8.36e+00 diff_O:1.46e+00 hm_H:2.68e+00 hm_O:2.29e+00 vert:3.90e-01 joint:4.22e-01 mano_pose:4.83e-02 mano_shape:1.13e-02 force:1.04e-01 gravity:5.32e-02 torque:2.64e-02 supervised:5.99e-02 CoM:3.77e-02 total:1.59e+01
2024-07-14 08:16:12,076 
[2500/3136]| Loss diff_H:7.98e+00 diff_O:1.59e+00 hm_H:2.43e+00 hm_O:2.33e+00 vert:1.92e-01 joint:2.10e-01 mano_pose:3.55e-02 mano_shape:1.01e-02 force:8.60e-02 gravity:4.29e-02 torque:3.81e-02 supervised:6.37e-02 CoM:1.93e-02 total:1.50e+01
2024-07-14 08:20:21,790 
[3000/3136]| Loss diff_H:8.01e+00 diff_O:1.40e+00 hm_H:2.57e+00 hm_O:2.25e+00 vert:3.10e-01 joint:3.29e-01 mano_pose:6.09e-02 mano_shape:7.80e-03 force:7.04e-02 gravity:4.38e-02 torque:2.17e-02 supervised:5.38e-02 CoM:4.15e-02 total:1.52e+01
2024-07-14 08:21:28,420 
Evaluation on subtest dataset: 7877
2024-07-14 08:26:55,605 
Hand Evaluation: 7936 samples
2024-07-14 08:26:55,617 
regression: 
         MJE PA_MJE MJE_0 MJE_1 MJE_2  MJE_3  MJE_4 MJE_5  MJE_6  MJE_7  MJE_8 MJE_9 MJE_10 MJE_11 MJE_12 MJE_13 MJE_14 MJE_15 MJE_16 MJE_17 MJE_18 MJE_19 MJE_20
right  11.90   5.35  0.00  4.51  7.83  10.64  14.69  9.20  11.92  13.82  16.82  9.45  12.45  14.46  18.07   8.80  11.82  14.37  18.66   8.83  11.39  13.83  18.31
left   12.35   5.20  0.00  4.81  8.37  11.35  15.82  9.64  12.62  14.53  17.90  9.95  12.84  14.54  18.33   9.34  12.24  14.43  18.19   9.45  12.13  14.43  18.46
both   12.12   5.28  0.00  4.66  8.10  10.99  15.25  9.42  12.27  14.17  17.36  9.70  12.64  14.50  18.20   9.07  12.03  14.40  18.43   9.14  11.75  14.13  18.39
2024-07-14 08:26:55,628 
one_candidate: 
         MJE PA_MJE MJE_0 MJE_1  MJE_2  MJE_3  MJE_4  MJE_5  MJE_6  MJE_7  MJE_8  MJE_9 MJE_10 MJE_11 MJE_12 MJE_13 MJE_14 MJE_15 MJE_16 MJE_17 MJE_18 MJE_19 MJE_20
right  18.02   7.29  0.00  6.54  11.92  16.48  23.20  13.84  18.65  21.73  26.26  14.40  19.28  22.32  27.57  13.40  17.80  21.42  27.36  13.28  16.77  20.16  26.10
left   18.22   7.05  0.00  6.87  12.30  16.83  23.81  14.06  18.82  21.82  26.60  14.62  19.19  21.90  27.34  13.77  17.93  21.26  26.55  13.88  17.58  20.90  26.52
both   18.12   7.17  0.00  6.70  12.11  16.65  23.50  13.95  18.74  21.78  26.43  14.51  19.24  22.11  27.46  13.58  17.87  21.34  26.96  13.58  17.17  20.53  26.31
2024-07-14 08:26:55,638 
mean_candidate_mano: 
         MJE PA_MJE MJE_0 MJE_1 MJE_2 MJE_3  MJE_4 MJE_5  MJE_6  MJE_7  MJE_8 MJE_9 MJE_10 MJE_11 MJE_12 MJE_13 MJE_14 MJE_15 MJE_16 MJE_17 MJE_18 MJE_19 MJE_20
right  10.37   5.37  0.00  4.15  7.05  9.39  12.85  7.94   9.80  11.18  13.68  8.14  10.53  12.23  15.73   7.77  10.25  12.63  16.83   8.05  10.23  12.53  16.71
left   10.68   5.22  0.00  4.35  7.36  9.76  13.52  8.21  10.42  11.86  14.78  8.52  10.84  12.39  15.54   8.20  10.52  12.52  16.20   8.58  10.85  13.02  16.91
both   10.52   5.30  0.00  4.25  7.20  9.57  13.18  8.07  10.10  11.52  14.22  8.33  10.68  12.31  15.63   7.98  10.38  12.58  16.52   8.31  10.54  12.77  16.81
2024-07-14 08:26:55,739 
Object Evaluation: 7936 samples 
Mean Pose: 
                          MCE    OCE     ADD   ADDS  ADD01d ADDS01d    REP
002_master_chef_can     61.16  25.34   45.31  13.23  28.66%  88.15%  21.33
003_cracker_box         35.09  28.78   32.10  15.21  60.44%  90.66%  10.48
004_sugar_box           40.93  28.18   34.93  15.48  46.75%  81.25%  12.42
005_tomato_soup_can     44.28  24.55   35.14  12.90  14.88%  73.41%  15.15
006_mustard_bottle      32.41  20.16   25.93  10.83  60.52%  92.47%  10.39
007_tuna_fish_can       51.66  24.55   37.23  13.11  15.05%  70.15%  17.68
008_pudding_box         47.85  33.49   41.17  19.91  36.50%  82.00%  17.11
009_gelatin_box         37.79  27.73   33.06  15.26  27.34%  71.14%  11.60
010_potted_meat_can     40.76  23.75   33.01  12.48  27.25%  74.45%  14.79
011_banana              59.74  26.71   39.97  17.37  34.00%  76.25%  17.34
019_pitcher_base        59.22  38.42   46.90  20.34  50.00%  89.20%  19.61
021_bleach_cleanser     50.32  27.17   38.14  15.47  52.56%  89.49%  16.77
024_bowl               115.99  22.41   65.83  12.92  19.47%  87.37%  36.64
025_mug                 48.93  24.78   34.75  12.13  28.61%  85.57%  15.11
035_power_drill         49.32  34.25   39.98  18.31  47.12%  81.41%  13.04
036_wood_block         147.14  34.36  104.11  20.53   4.38%  76.99%  60.27
037_scissors            70.83  34.52   46.13  24.12  22.44%  63.59%  17.66
040_large_marker        42.40  25.44   32.76  18.41   4.68%  48.31%  13.15
052_extra_large_clamp  127.93  32.86   65.76  21.04  16.28%  74.30%  33.10
061_foam_brick          61.05  24.87   46.34  13.91   7.39%  67.02%  23.58
average_instance        60.75  28.10   43.65  16.12  30.37%  78.26%  19.67
2024-07-14 08:26:56,263 
Epoch: 20/100 | Learning Rate: 8.840e-05
2024-07-14 08:27:03,960 
[0000/3136]| Loss diff_H:8.61e+00 diff_O:1.53e+00 hm_H:2.71e+00 hm_O:2.32e+00 vert:3.56e-01 joint:3.89e-01 mano_pose:5.53e-02 mano_shape:1.87e-02 force:9.81e-02 gravity:5.87e-02 torque:3.02e-02 supervised:7.81e-02 CoM:2.22e-02 total:1.63e+01
2024-07-14 08:31:11,908 
[0500/3136]| Loss diff_H:7.87e+00 diff_O:1.49e+00 hm_H:2.52e+00 hm_O:2.22e+00 vert:3.82e-01 joint:4.13e-01 mano_pose:5.46e-02 mano_shape:1.21e-02 force:1.00e-01 gravity:6.18e-02 torque:2.81e-02 supervised:5.64e-02 CoM:2.95e-02 total:1.52e+01
2024-07-14 08:35:20,473 
[1000/3136]| Loss diff_H:8.12e+00 diff_O:1.45e+00 hm_H:2.75e+00 hm_O:2.32e+00 vert:2.39e-01 joint:2.62e-01 mano_pose:3.51e-02 mano_shape:6.75e-03 force:5.63e-02 gravity:2.15e-02 torque:2.85e-02 supervised:5.37e-02 CoM:1.96e-02 total:1.54e+01
2024-07-14 08:39:31,604 
[1500/3136]| Loss diff_H:7.97e+00 diff_O:1.59e+00 hm_H:2.72e+00 hm_O:2.28e+00 vert:3.24e-01 joint:3.47e-01 mano_pose:4.63e-02 mano_shape:9.21e-03 force:9.34e-02 gravity:4.67e-02 torque:2.66e-02 supervised:5.34e-02 CoM:2.91e-02 total:1.55e+01
2024-07-14 08:43:39,629 
[2000/3136]| Loss diff_H:7.80e+00 diff_O:1.55e+00 hm_H:2.62e+00 hm_O:2.36e+00 vert:2.38e-01 joint:2.56e-01 mano_pose:4.22e-02 mano_shape:8.51e-03 force:9.23e-02 gravity:4.46e-02 torque:2.65e-02 supervised:5.53e-02 CoM:2.19e-02 total:1.51e+01
2024-07-14 08:47:45,850 
[2500/3136]| Loss diff_H:8.11e+00 diff_O:1.31e+00 hm_H:2.35e+00 hm_O:2.27e+00 vert:1.86e-01 joint:2.00e-01 mano_pose:3.00e-02 mano_shape:7.53e-03 force:8.99e-02 gravity:6.62e-02 torque:3.63e-02 supervised:6.98e-02 CoM:1.81e-02 total:1.47e+01
2024-07-14 08:51:53,351 
[3000/3136]| Loss diff_H:8.25e+00 diff_O:1.43e+00 hm_H:2.48e+00 hm_O:2.32e+00 vert:2.76e-01 joint:2.98e-01 mano_pose:3.62e-02 mano_shape:1.46e-02 force:1.13e-01 gravity:7.51e-02 torque:2.60e-02 supervised:6.21e-02 CoM:1.67e-02 total:1.54e+01
2024-07-14 08:53:00,027 
Evaluation on subtest dataset: 7877
2024-07-14 08:58:36,312 
Hand Evaluation: 7936 samples
2024-07-14 08:58:36,325 
regression: 
         MJE PA_MJE MJE_0 MJE_1 MJE_2  MJE_3  MJE_4 MJE_5  MJE_6  MJE_7  MJE_8 MJE_9 MJE_10 MJE_11 MJE_12 MJE_13 MJE_14 MJE_15 MJE_16 MJE_17 MJE_18 MJE_19 MJE_20
right  11.93   5.40  0.00  4.43  7.82  10.63  14.91  9.14  11.93  13.78  16.74  9.47  12.46  14.47  18.26   8.87  11.83  14.40  18.84   8.88  11.35  13.83  18.47
left   12.39   5.22  0.00  4.80  8.33  11.24  15.69  9.66  12.70  14.52  17.90  9.99  12.95  14.60  18.62   9.35  12.24  14.48  18.41   9.42  12.11  14.50  18.70
both   12.16   5.31  0.00  4.62  8.07  10.93  15.30  9.40  12.31  14.15  17.31  9.73  12.70  14.53  18.44   9.11  12.03  14.44  18.63   9.15  11.73  14.16  18.58
2024-07-14 08:58:36,335 
one_candidate: 
         MJE PA_MJE MJE_0 MJE_1  MJE_2  MJE_3  MJE_4  MJE_5  MJE_6  MJE_7  MJE_8  MJE_9 MJE_10 MJE_11 MJE_12 MJE_13 MJE_14 MJE_15 MJE_16 MJE_17 MJE_18 MJE_19 MJE_20
right  17.92   7.31  0.00  6.58  11.86  16.47  23.34  13.83  18.45  21.29  25.68  14.32  19.04  22.13  27.49  13.32  17.68  21.30  27.25  13.23  16.75  20.14  26.17
left   18.05   7.07  0.00  6.73  12.18  16.65  23.47  13.93  18.61  21.48  26.22  14.51  19.08  21.68  27.18  13.58  17.83  21.22  26.72  13.59  17.34  20.68  26.33
both   17.98   7.19  0.00  6.65  12.02  16.56  23.41  13.88  18.53  21.38  25.95  14.42  19.06  21.91  27.34  13.45  17.75  21.26  26.99  13.41  17.04  20.40  26.25
2024-07-14 08:58:36,346 
mean_candidate_mano: 
         MJE PA_MJE MJE_0 MJE_1 MJE_2 MJE_3  MJE_4 MJE_5  MJE_6  MJE_7  MJE_8 MJE_9 MJE_10 MJE_11 MJE_12 MJE_13 MJE_14 MJE_15 MJE_16 MJE_17 MJE_18 MJE_19 MJE_20
right  10.39   5.39  0.00  4.11  7.08  9.42  12.98  7.90   9.80  11.16  13.72  8.13  10.52  12.27  15.93   7.80  10.27  12.69  16.93   8.08  10.19  12.51  16.77
left   10.59   5.20  0.00  4.31  7.32  9.66  13.39  8.11  10.28  11.70  14.63  8.44  10.74  12.30  15.59   8.13  10.38  12.42  16.16   8.51  10.74  12.90  16.74
both   10.49   5.30  0.00  4.21  7.20  9.54  13.18  8.01  10.04  11.43  14.17  8.28  10.63  12.28  15.76   7.96  10.33  12.56  16.55   8.29  10.46  12.71  16.76
2024-07-14 08:58:36,446 
Object Evaluation: 7936 samples 
Mean Pose: 
                          MCE    OCE    ADD   ADDS  ADD01d ADDS01d    REP
002_master_chef_can     60.91  20.34  43.29  10.69  34.48%  92.67%  21.53
003_cracker_box         32.36  26.87  29.79  14.13  61.43%  92.87%   8.99
004_sugar_box           38.20  26.02  32.47  14.42  49.75%  84.50%  10.94
005_tomato_soup_can     41.72  23.01  33.07  12.05  21.46%  74.63%  13.91
006_mustard_bottle      31.60  19.38  24.99  10.50  61.30%  92.47%   9.52
007_tuna_fish_can       51.46  22.11  36.21  12.12  15.82%  73.47%  16.91
008_pudding_box         44.29  31.18  38.27  19.12  47.69%  80.29%  14.73
009_gelatin_box         33.83  24.75  29.58  13.98  37.72%  76.96%   9.80
010_potted_meat_can     39.04  21.41  31.13  11.54  32.12%  79.08%  13.60
011_banana              56.23  25.12  37.61  15.82  38.75%  80.25%  15.65
019_pitcher_base        57.05  35.90  44.87  19.29  49.75%  89.95%  18.18
021_bleach_cleanser     48.04  26.87  36.67  15.19  57.18%  88.21%  15.05
024_bowl               115.70  20.86  65.31  12.10  20.26%  90.00%  36.49
025_mug                 46.10  22.98  32.44  11.30  34.54%  86.08%  13.22
035_power_drill         44.30  31.55  36.46  16.99  52.88%  84.82%  12.14
036_wood_block         131.53  28.28  93.77  16.98   6.03%  83.84%  53.80
037_scissors            67.27  31.50  42.99  20.90  27.43%  66.58%  15.79
040_large_marker        39.50  23.23  30.33  16.55   9.35%  55.84%  11.65
052_extra_large_clamp  117.39  29.51  60.46  18.94  20.61%  79.39%  29.63
061_foam_brick          58.65  22.94  44.19  12.67  10.82%  70.71%  21.97
average_instance        57.34  25.66  40.95  14.73  34.66%  81.22%  18.01
2024-07-14 08:58:36,974 
Epoch: 21/100 | Learning Rate: 8.486e-05
2024-07-14 08:58:44,178 
[0000/3136]| Loss diff_H:8.75e+00 diff_O:1.56e+00 hm_H:2.60e+00 hm_O:2.35e+00 vert:3.69e-01 joint:3.98e-01 mano_pose:4.27e-02 mano_shape:6.64e-03 force:1.10e-01 gravity:4.90e-02 torque:3.46e-02 supervised:6.44e-02 CoM:3.88e-02 total:1.64e+01
2024-07-14 09:02:51,228 
[0500/3136]| Loss diff_H:8.41e+00 diff_O:1.42e+00 hm_H:2.62e+00 hm_O:2.21e+00 vert:2.67e-01 joint:2.89e-01 mano_pose:6.05e-02 mano_shape:1.25e-02 force:1.50e-01 gravity:9.91e-02 torque:3.82e-02 supervised:8.24e-02 CoM:2.24e-02 total:1.57e+01
2024-07-14 09:06:57,612 
[1000/3136]| Loss diff_H:8.38e+00 diff_O:1.31e+00 hm_H:2.65e+00 hm_O:2.15e+00 vert:2.74e-01 joint:2.95e-01 mano_pose:4.20e-02 mano_shape:1.27e-02 force:1.02e-01 gravity:6.51e-02 torque:3.83e-02 supervised:6.36e-02 CoM:1.70e-02 total:1.54e+01
2024-07-14 09:11:04,416 
[1500/3136]| Loss diff_H:7.28e+00 diff_O:1.37e+00 hm_H:2.52e+00 hm_O:2.27e+00 vert:2.77e-01 joint:2.97e-01 mano_pose:4.25e-02 mano_shape:2.03e-02 force:1.02e-01 gravity:7.46e-02 torque:2.95e-02 supervised:6.08e-02 CoM:2.46e-02 total:1.44e+01
2024-07-14 09:15:13,907 
[2000/3136]| Loss diff_H:7.56e+00 diff_O:1.43e+00 hm_H:2.69e+00 hm_O:2.24e+00 vert:2.88e-01 joint:3.15e-01 mano_pose:4.65e-02 mano_shape:1.08e-02 force:1.20e-01 gravity:6.58e-02 torque:3.78e-02 supervised:7.98e-02 CoM:3.02e-02 total:1.49e+01
2024-07-14 09:19:22,552 
[2500/3136]| Loss diff_H:8.57e+00 diff_O:1.51e+00 hm_H:2.53e+00 hm_O:2.32e+00 vert:4.20e-01 joint:4.47e-01 mano_pose:3.98e-02 mano_shape:1.17e-02 force:5.78e-02 gravity:2.00e-02 torque:4.27e-02 supervised:8.10e-02 CoM:3.35e-02 total:1.61e+01
2024-07-14 09:23:29,320 
[3000/3136]| Loss diff_H:8.24e+00 diff_O:1.47e+00 hm_H:2.75e+00 hm_O:2.30e+00 vert:4.04e-01 joint:4.37e-01 mano_pose:4.00e-02 mano_shape:1.03e-02 force:9.83e-02 gravity:5.05e-02 torque:3.34e-02 supervised:7.76e-02 CoM:4.53e-02 total:1.60e+01
2024-07-14 09:24:35,947 
Evaluation on subtest dataset: 7877
2024-07-14 09:30:08,323 
Hand Evaluation: 7936 samples
2024-07-14 09:30:08,336 
regression: 
         MJE PA_MJE MJE_0 MJE_1 MJE_2  MJE_3  MJE_4 MJE_5  MJE_6  MJE_7  MJE_8 MJE_9 MJE_10 MJE_11 MJE_12 MJE_13 MJE_14 MJE_15 MJE_16 MJE_17 MJE_18 MJE_19 MJE_20
right  11.81   5.30  0.00  4.49  7.81  10.52  14.67  9.15  11.78  13.59  16.55  9.40  12.46  14.44  18.01   8.77  11.79  14.27  18.52   8.81  11.26  13.63  18.09
left   12.20   5.13  0.00  4.76  8.29  11.23  15.65  9.50  12.50  14.36  17.70  9.84  12.76  14.39  18.05   9.24  12.06  14.20  17.95   9.36  11.95  14.20  18.18
both   12.00   5.22  0.00  4.62  8.05  10.87  15.16  9.32  12.13  13.97  17.12  9.62  12.61  14.42  18.03   9.01  11.93  14.24  18.24   9.08  11.60  13.91  18.14
2024-07-14 09:30:08,346 
one_candidate: 
         MJE PA_MJE MJE_0 MJE_1  MJE_2  MJE_3  MJE_4  MJE_5  MJE_6  MJE_7  MJE_8  MJE_9 MJE_10 MJE_11 MJE_12 MJE_13 MJE_14 MJE_15 MJE_16 MJE_17 MJE_18 MJE_19 MJE_20
right  17.81   7.18  0.00  6.52  11.70  16.20  22.82  13.84  18.26  21.14  25.55  14.35  19.08  22.09  27.27  13.31  17.82  21.41  27.17  13.19  16.66  19.89  25.63
left   18.16   6.96  0.00  6.77  12.20  16.80  23.66  14.11  18.80  21.61  26.30  14.73  19.20  21.86  27.32  13.82  17.96  21.23  26.59  13.84  17.55  20.77  26.25
both   17.98   7.07  0.00  6.65  11.95  16.50  23.23  13.97  18.53  21.37  25.92  14.54  19.14  21.98  27.30  13.56  17.89  21.32  26.88  13.51  17.10  20.32  25.94
2024-07-14 09:30:08,357 
mean_candidate_mano: 
         MJE PA_MJE MJE_0 MJE_1 MJE_2 MJE_3  MJE_4 MJE_5  MJE_6  MJE_7  MJE_8 MJE_9 MJE_10 MJE_11 MJE_12 MJE_13 MJE_14 MJE_15 MJE_16 MJE_17 MJE_18 MJE_19 MJE_20
right  10.26   5.36  0.00  4.03  6.85  9.08  12.51  7.78   9.56  10.96  13.51  8.01  10.43  12.21  15.81   7.66  10.23  12.67  16.93   7.93  10.07  12.42  16.69
left   10.67   5.15  0.00  4.32  7.35  9.75  13.45  8.15  10.46  11.96  14.94  8.48  10.87  12.44  15.53   8.15  10.51  12.56  16.26   8.52  10.74  12.87  16.78
both   10.46   5.25  0.00  4.17  7.10  9.41  12.98  7.96  10.00  11.45  14.22  8.24  10.65  12.32  15.67   7.90  10.37  12.61  16.60   8.22  10.40  12.64  16.74
2024-07-14 09:30:08,456 
Object Evaluation: 7936 samples 
Mean Pose: 
                          MCE    OCE    ADD   ADDS  ADD01d ADDS01d    REP
002_master_chef_can     58.71  20.19  42.11  10.77  35.78%  91.38%  20.71
003_cracker_box         32.81  27.59  30.35  14.37  60.69%  91.89%   8.89
004_sugar_box           38.93  26.22  33.05  14.50  45.75%  84.75%  10.95
005_tomato_soup_can     42.61  22.29  33.32  11.66  21.71%  75.61%  14.10
006_mustard_bottle      30.10  18.71  23.91   9.85  65.19%  94.29%   9.27
007_tuna_fish_can       51.23  22.72  36.33  12.32  15.05%  72.45%  16.90
008_pudding_box         45.89  31.74  39.38  19.54  45.50%  82.73%  15.15
009_gelatin_box         34.35  25.02  30.01  13.95  35.44%  77.72%   9.77
010_potted_meat_can     39.63  22.27  31.69  11.85  35.04%  77.13%  13.68
011_banana              55.92  25.43  37.54  15.77  40.50%  79.00%  15.40
019_pitcher_base        57.14  37.09  45.39  20.03  52.01%  88.19%  19.43
021_bleach_cleanser     46.53  25.26  35.26  14.41  60.00%  90.00%  14.81
024_bowl               118.53  21.69  66.89  12.72  17.89%  89.47%  37.41
025_mug                 47.51  22.41  32.75  10.52  30.41%  86.60%  13.61
035_power_drill         43.87  31.72  36.30  17.05  51.83%  86.65%  11.96
036_wood_block         139.43  28.91  98.68  17.98   5.48%  82.19%  57.28
037_scissors            65.95  31.10  42.17  21.13  29.18%  71.32%  15.91
040_large_marker        40.26  22.58  30.40  16.05   9.09%  55.32%  11.84
052_extra_large_clamp  112.81  27.88  57.84  17.88  21.88%  82.19%  28.03
061_foam_brick          60.11  24.05  45.61  13.42   7.12%  68.07%  21.77
average_instance        57.64  25.71  41.18  14.76  34.50%  81.44%  18.16
2024-07-14 09:30:08,990 
Epoch: 22/100 | Learning Rate: 8.147e-05
2024-07-14 09:30:16,262 
[0000/3136]| Loss diff_H:7.56e+00 diff_O:1.46e+00 hm_H:2.50e+00 hm_O:2.28e+00 vert:2.29e-01 joint:2.50e-01 mano_pose:3.74e-02 mano_shape:1.47e-02 force:9.28e-02 gravity:6.81e-02 torque:3.11e-02 supervised:6.25e-02 CoM:2.48e-02 total:1.46e+01
2024-07-14 09:34:23,225 
[0500/3136]| Loss diff_H:8.61e+00 diff_O:1.49e+00 hm_H:2.74e+00 hm_O:2.28e+00 vert:3.88e-01 joint:4.19e-01 mano_pose:3.99e-02 mano_shape:1.77e-02 force:7.58e-02 gravity:4.00e-02 torque:3.94e-02 supervised:7.08e-02 CoM:2.53e-02 total:1.62e+01
2024-07-14 09:38:35,735 
[1000/3136]| Loss diff_H:8.26e+00 diff_O:1.36e+00 hm_H:2.56e+00 hm_O:2.29e+00 vert:2.76e-01 joint:2.97e-01 mano_pose:4.62e-02 mano_shape:1.32e-02 force:1.58e-01 gravity:8.49e-02 torque:2.82e-02 supervised:6.51e-02 CoM:2.56e-02 total:1.55e+01
2024-07-14 09:42:43,117 
[1500/3136]| Loss diff_H:7.75e+00 diff_O:1.40e+00 hm_H:2.49e+00 hm_O:2.33e+00 vert:2.14e-01 joint:2.32e-01 mano_pose:3.34e-02 mano_shape:1.30e-02 force:7.13e-02 gravity:4.48e-02 torque:3.29e-02 supervised:6.97e-02 CoM:2.85e-02 total:1.47e+01
2024-07-14 09:46:49,471 
[2000/3136]| Loss diff_H:7.93e+00 diff_O:1.43e+00 hm_H:2.50e+00 hm_O:2.19e+00 vert:2.14e-01 joint:2.29e-01 mano_pose:3.94e-02 mano_shape:6.32e-03 force:9.64e-02 gravity:6.45e-02 torque:3.86e-02 supervised:7.05e-02 CoM:1.95e-02 total:1.48e+01
2024-07-14 09:50:57,256 
[2500/3136]| Loss diff_H:7.95e+00 diff_O:1.45e+00 hm_H:2.61e+00 hm_O:2.24e+00 vert:3.86e-01 joint:4.18e-01 mano_pose:4.30e-02 mano_shape:5.41e-03 force:6.81e-02 gravity:4.24e-02 torque:2.98e-02 supervised:7.61e-02 CoM:2.31e-02 total:1.53e+01
2024-07-14 09:55:04,685 
[3000/3136]| Loss diff_H:7.74e+00 diff_O:1.40e+00 hm_H:2.66e+00 hm_O:2.30e+00 vert:2.66e-01 joint:2.88e-01 mano_pose:4.24e-02 mano_shape:1.30e-02 force:1.21e-01 gravity:6.55e-02 torque:4.92e-02 supervised:6.76e-02 CoM:2.68e-02 total:1.50e+01
2024-07-14 09:56:11,867 
Evaluation on subtest dataset: 7877
2024-07-14 10:01:44,190 
Hand Evaluation: 7936 samples
2024-07-14 10:01:44,202 
regression: 
         MJE PA_MJE MJE_0 MJE_1 MJE_2  MJE_3  MJE_4 MJE_5  MJE_6  MJE_7  MJE_8  MJE_9 MJE_10 MJE_11 MJE_12 MJE_13 MJE_14 MJE_15 MJE_16 MJE_17 MJE_18 MJE_19 MJE_20
right  12.08   5.32  0.00  4.47  7.92  10.84  15.09  9.39  12.15  13.92  16.85   9.75  12.78  14.66  18.15   9.11  12.15  14.54  18.73   9.09  11.68  14.02  18.51
left   12.52   5.14  0.00  4.82  8.32  11.29  15.69  9.92  13.02  14.86  18.21  10.27  13.24  14.93  18.64   9.55  12.46  14.61  18.38   9.61  12.21  14.49  18.45
both   12.30   5.23  0.00  4.64  8.12  11.06  15.39  9.65  12.58  14.38  17.52  10.01  13.00  14.79  18.39   9.33  12.30  14.57  18.56   9.35  11.94  14.25  18.48
2024-07-14 10:01:44,213 
one_candidate: 
         MJE PA_MJE MJE_0 MJE_1  MJE_2  MJE_3  MJE_4  MJE_5  MJE_6  MJE_7  MJE_8  MJE_9 MJE_10 MJE_11 MJE_12 MJE_13 MJE_14 MJE_15 MJE_16 MJE_17 MJE_18 MJE_19 MJE_20
right  17.59   7.16  0.00  6.42  11.73  16.23  22.77  13.57  18.05  20.89  25.27  14.09  18.63  21.55  26.75  13.15  17.51  20.98  26.68  13.09  16.50  19.77  25.67
left   17.76   6.88  0.00  6.64  11.88  16.39  23.20  13.73  18.31  21.28  26.13  14.22  18.68  21.44  26.93  13.29  17.54  20.89  26.26  13.31  16.96  20.20  25.75
both   17.67   7.02  0.00  6.53  11.80  16.30  22.98  13.65  18.18  21.08  25.69  14.16  18.65  21.50  26.84  13.22  17.53  20.94  26.47  13.20  16.73  19.98  25.71
2024-07-14 10:01:44,224 
mean_candidate_mano: 
         MJE PA_MJE MJE_0 MJE_1 MJE_2 MJE_3  MJE_4 MJE_5  MJE_6  MJE_7  MJE_8 MJE_9 MJE_10 MJE_11 MJE_12 MJE_13 MJE_14 MJE_15 MJE_16 MJE_17 MJE_18 MJE_19 MJE_20
right  10.23   5.30  0.00  4.01  6.93  9.20  12.63  7.83   9.67  11.03  13.55  8.05  10.41  12.11  15.60   7.65  10.16  12.53  16.65   7.89  10.07  12.35  16.49
left   10.59   5.12  0.00  4.27  7.28  9.67  13.41  8.14  10.35  11.79  14.70  8.47  10.77  12.40  15.48   8.10  10.43  12.48  16.19   8.44  10.65  12.79  16.61
both   10.41   5.21  0.00  4.14  7.10  9.43  13.02  7.98  10.01  11.40  14.12  8.26  10.59  12.26  15.54   7.87  10.30  12.50  16.42   8.16  10.36  12.56  16.55
2024-07-14 10:01:44,324 
Object Evaluation: 7936 samples 
Mean Pose: 
                          MCE    OCE    ADD   ADDS  ADD01d ADDS01d    REP
002_master_chef_can     60.17  20.54  43.11  10.90  29.74%  92.03%  21.14
003_cracker_box         32.92  27.56  30.44  14.38  60.44%  91.65%   8.86
004_sugar_box           38.84  25.97  32.81  14.72  51.25%  83.25%  10.80
005_tomato_soup_can     42.33  22.06  33.06  11.55  20.98%  75.37%  13.77
006_mustard_bottle      31.31  19.72  24.98  10.43  65.71%  91.95%   9.26
007_tuna_fish_can       51.20  22.05  36.17  11.82  17.09%  75.26%  17.03
008_pudding_box         42.12  29.12  36.17  17.72  47.69%  84.43%  14.08
009_gelatin_box         33.74  24.51  29.38  13.44  35.70%  76.46%   9.84
010_potted_meat_can     39.71  21.33  31.42  11.49  33.82%  80.29%  14.04
011_banana              56.77  24.07  37.14  15.15  41.50%  77.50%  15.76
019_pitcher_base        56.06  36.04  44.37  19.35  51.51%  88.69%  18.22
021_bleach_cleanser     45.23  25.92  34.93  14.59  57.69%  90.77%  14.73
024_bowl               117.80  20.97  66.57  12.30  19.21%  90.53%  36.75
025_mug                 44.60  21.94  31.33  10.64  31.44%  86.08%  12.69
035_power_drill         44.77  32.36  36.87  17.32  52.09%  84.55%  11.77
036_wood_block         141.54  28.64  99.96  17.48   6.30%  84.66%  57.71
037_scissors            66.77  31.23  42.54  21.21  28.93%  67.83%  15.94
040_large_marker        39.94  22.82  30.39  16.20  11.43%  56.10%  11.79
052_extra_large_clamp  111.12  28.32  57.49  18.56  24.94%  79.13%  27.84
061_foam_brick          58.84  22.48  44.27  12.34   9.23%  70.45%  21.81
average_instance        57.32  25.35  40.90  14.55  34.99%  81.44%  18.01
2024-07-14 10:01:44,800 
Epoch: 23/100 | Learning Rate: 7.821e-05
2024-07-14 10:01:52,143 
[0000/3136]| Loss diff_H:7.40e+00 diff_O:1.28e+00 hm_H:2.41e+00 hm_O:2.27e+00 vert:2.16e-01 joint:2.34e-01 mano_pose:4.02e-02 mano_shape:8.79e-03 force:1.16e-01 gravity:7.97e-02 torque:3.03e-02 supervised:7.68e-02 CoM:1.79e-02 total:1.42e+01
2024-07-14 10:05:56,739 
[0500/3136]| Loss diff_H:7.91e+00 diff_O:1.18e+00 hm_H:2.20e+00 hm_O:2.30e+00 vert:2.02e-01 joint:2.19e-01 mano_pose:2.92e-02 mano_shape:6.85e-03 force:7.36e-02 gravity:2.47e-02 torque:3.11e-02 supervised:7.62e-02 CoM:1.96e-02 total:1.43e+01
2024-07-14 10:10:00,733 
[1000/3136]| Loss diff_H:8.08e+00 diff_O:1.45e+00 hm_H:2.35e+00 hm_O:2.25e+00 vert:2.52e-01 joint:2.71e-01 mano_pose:4.41e-02 mano_shape:1.05e-02 force:1.24e-01 gravity:6.25e-02 torque:3.47e-02 supervised:8.50e-02 CoM:1.53e-02 total:1.50e+01
2024-07-14 10:14:07,471 
[1500/3136]| Loss diff_H:7.88e+00 diff_O:1.35e+00 hm_H:2.57e+00 hm_O:2.29e+00 vert:3.40e-01 joint:3.68e-01 mano_pose:4.22e-02 mano_shape:9.42e-03 force:8.53e-02 gravity:3.87e-02 torque:3.35e-02 supervised:7.17e-02 CoM:3.05e-02 total:1.51e+01
2024-07-14 10:18:14,120 
[2000/3136]| Loss diff_H:8.07e+00 diff_O:1.47e+00 hm_H:2.50e+00 hm_O:2.33e+00 vert:2.76e-01 joint:2.95e-01 mano_pose:3.59e-02 mano_shape:1.84e-02 force:1.31e-01 gravity:7.22e-02 torque:4.02e-02 supervised:7.44e-02 CoM:2.98e-02 total:1.53e+01
2024-07-14 10:22:22,140 
[2500/3136]| Loss diff_H:7.43e+00 diff_O:1.27e+00 hm_H:2.35e+00 hm_O:2.15e+00 vert:2.39e-01 joint:2.58e-01 mano_pose:3.51e-02 mano_shape:6.14e-03 force:1.77e-01 gravity:1.21e-01 torque:3.29e-02 supervised:8.68e-02 CoM:1.81e-02 total:1.42e+01
2024-07-14 10:26:29,779 
[3000/3136]| Loss diff_H:8.06e+00 diff_O:1.40e+00 hm_H:2.82e+00 hm_O:2.27e+00 vert:3.46e-01 joint:3.71e-01 mano_pose:5.24e-02 mano_shape:1.25e-02 force:1.46e-01 gravity:9.85e-02 torque:3.63e-02 supervised:7.86e-02 CoM:3.01e-02 total:1.57e+01
2024-07-14 10:27:36,591 
Evaluation on subtest dataset: 7877
2024-07-14 10:39:26,309 
Hand Evaluation: 7936 samples
2024-07-14 10:39:26,322 
regression: 
         MJE PA_MJE MJE_0 MJE_1 MJE_2  MJE_3  MJE_4 MJE_5  MJE_6  MJE_7  MJE_8  MJE_9 MJE_10 MJE_11 MJE_12 MJE_13 MJE_14 MJE_15 MJE_16 MJE_17 MJE_18 MJE_19 MJE_20
right  11.89   5.37  0.00  4.48  7.88  10.74  14.97  9.12  11.81  13.70  16.77   9.41  12.44  14.51  18.29   8.81  11.80  14.30  18.68   8.84  11.27  13.67  18.26
left   12.50   5.16  0.00  4.79  8.37  11.31  15.79  9.81  12.89  14.72  18.03  10.24  13.22  14.87  18.57   9.60  12.45  14.56  18.28   9.70  12.30  14.55  18.49
both   12.19   5.27  0.00  4.63  8.12  11.02  15.37  9.46  12.34  14.20  17.39   9.82  12.83  14.69  18.43   9.20  12.12  14.43  18.48   9.26  11.78  14.11  18.37
2024-07-14 10:39:26,335 
one_candidate: 
         MJE PA_MJE MJE_0 MJE_1  MJE_2  MJE_3  MJE_4  MJE_5  MJE_6  MJE_7  MJE_8  MJE_9 MJE_10 MJE_11 MJE_12 MJE_13 MJE_14 MJE_15 MJE_16 MJE_17 MJE_18 MJE_19 MJE_20
right  17.74   7.16  0.00  6.52  11.81  16.31  22.97  13.69  18.28  21.28  25.88  14.11  18.81  21.89  27.29  13.09  17.51  21.17  27.09  13.03  16.48  19.79  25.64
left   17.69   6.89  0.00  6.59  11.81  16.25  23.16  13.70  18.33  21.05  25.55  14.35  18.76  21.32  26.61  13.47  17.49  20.64  25.90  13.54  17.10  20.26  25.67
both   17.72   7.03  0.00  6.55  11.81  16.28  23.06  13.70  18.30  21.16  25.72  14.23  18.79  21.61  26.95  13.28  17.50  20.91  26.50  13.28  16.78  20.02  25.66
2024-07-14 10:39:26,346 
mean_candidate_mano: 
         MJE PA_MJE MJE_0 MJE_1 MJE_2 MJE_3  MJE_4 MJE_5  MJE_6  MJE_7  MJE_8 MJE_9 MJE_10 MJE_11 MJE_12 MJE_13 MJE_14 MJE_15 MJE_16 MJE_17 MJE_18 MJE_19 MJE_20
right  10.29   5.32  0.00  4.08  7.01  9.34  12.84  7.81   9.68  11.10  13.75  7.98  10.43  12.22  15.90   7.61  10.14  12.58  16.86   7.90  10.02  12.31  16.53
left   10.89   5.16  0.00  4.41  7.47  9.86  13.64  8.46  10.78  12.19  15.12  8.83  11.21  12.75  15.83   8.45  10.78  12.81  16.53   8.78  10.94  13.05  16.86
both   10.59   5.24  0.00  4.24  7.24  9.60  13.23  8.13  10.22  11.64  14.43  8.40  10.81  12.48  15.86   8.02  10.46  12.69  16.70   8.33  10.47  12.68  16.70
2024-07-14 10:39:26,450 
Object Evaluation: 7936 samples 
Mean Pose: 
                          MCE    OCE    ADD   ADDS  ADD01d ADDS01d    REP
002_master_chef_can     60.56  21.56  43.71  11.38  27.80%  91.81%  20.84
003_cracker_box         33.52  28.07  30.89  14.72  59.95%  91.15%   8.99
004_sugar_box           40.15  27.20  34.25  15.26  45.25%  80.00%  11.02
005_tomato_soup_can     42.20  23.94  33.79  12.72  19.76%  72.68%  13.80
006_mustard_bottle      31.83  21.16  26.08  11.32  59.48%  91.69%   9.40
007_tuna_fish_can       52.32  23.40  37.11  12.66  15.56%  70.41%  17.31
008_pudding_box         44.16  29.82  37.66  17.94  45.99%  83.70%  15.23
009_gelatin_box         37.53  27.79  32.99  15.83  31.39%  72.66%  10.20
010_potted_meat_can     40.44  23.70  32.78  12.52  28.47%  76.16%  13.96
011_banana              57.61  24.97  38.10  16.05  39.50%  79.00%  15.14
019_pitcher_base        55.66  36.70  44.38  19.42  50.50%  90.20%  18.44
021_bleach_cleanser     49.90  27.80  38.40  15.32  49.23%  88.72%  15.32
024_bowl               119.15  22.98  67.76  13.52  18.68%  88.68%  37.42
025_mug                 50.30  22.32  34.16  11.17  29.90%  87.89%  14.62
035_power_drill         47.04  34.82  39.17  18.86  47.38%  81.94%  11.60
036_wood_block         135.60  30.46  96.78  18.63   4.93%  81.37%  54.90
037_scissors            65.99  32.33  42.92  21.84  27.43%  65.84%  15.28
040_large_marker        41.18  23.66  31.41  17.18   8.83%  50.91%  12.46
052_extra_large_clamp  110.49  29.59  57.89  17.94  23.66%  81.42%  27.79
061_foam_brick          59.16  23.21  44.82  13.33  13.46%  69.92%  21.62
average_instance        58.28  26.73  41.98  15.34  32.51%  79.91%  18.10
2024-07-14 10:39:26,992 
Epoch: 24/100 | Learning Rate: 7.508e-05
2024-07-14 10:39:34,386 
[0000/3136]| Loss diff_H:7.49e+00 diff_O:1.45e+00 hm_H:2.55e+00 hm_O:2.25e+00 vert:2.54e-01 joint:2.75e-01 mano_pose:3.85e-02 mano_shape:1.06e-02 force:1.31e-01 gravity:8.22e-02 torque:2.48e-02 supervised:6.92e-02 CoM:4.54e-02 total:1.47e+01
2024-07-14 10:43:42,284 
[0500/3136]| Loss diff_H:7.11e+00 diff_O:1.36e+00 hm_H:2.50e+00 hm_O:2.09e+00 vert:2.39e-01 joint:2.56e-01 mano_pose:3.51e-02 mano_shape:1.27e-02 force:6.32e-02 gravity:2.79e-02 torque:3.12e-02 supervised:7.06e-02 CoM:1.94e-02 total:1.38e+01
2024-07-14 10:47:48,565 
[1000/3136]| Loss diff_H:7.70e+00 diff_O:1.47e+00 hm_H:2.51e+00 hm_O:2.17e+00 vert:2.54e-01 joint:2.79e-01 mano_pose:3.89e-02 mano_shape:6.81e-03 force:5.92e-02 gravity:3.02e-02 torque:3.63e-02 supervised:5.77e-02 CoM:4.39e-02 total:1.47e+01
2024-07-14 10:51:56,598 
[1500/3136]| Loss diff_H:7.59e+00 diff_O:1.40e+00 hm_H:2.46e+00 hm_O:2.17e+00 vert:2.53e-01 joint:2.73e-01 mano_pose:4.60e-02 mano_shape:8.96e-03 force:9.57e-02 gravity:4.54e-02 torque:3.87e-02 supervised:7.87e-02 CoM:3.34e-02 total:1.45e+01
2024-07-14 10:56:05,149 
[2000/3136]| Loss diff_H:8.55e+00 diff_O:1.29e+00 hm_H:2.49e+00 hm_O:2.18e+00 vert:2.77e-01 joint:3.01e-01 mano_pose:5.03e-02 mano_shape:9.26e-03 force:7.50e-02 gravity:4.01e-02 torque:2.86e-02 supervised:5.98e-02 CoM:1.78e-02 total:1.54e+01
2024-07-14 11:00:12,200 
[2500/3136]| Loss diff_H:8.02e+00 diff_O:1.27e+00 hm_H:2.58e+00 hm_O:2.27e+00 vert:3.45e-01 joint:3.75e-01 mano_pose:4.06e-02 mano_shape:1.10e-02 force:1.19e-01 gravity:6.64e-02 torque:2.89e-02 supervised:6.89e-02 CoM:3.04e-02 total:1.52e+01
2024-07-14 11:04:19,472 
[3000/3136]| Loss diff_H:7.38e+00 diff_O:1.30e+00 hm_H:2.65e+00 hm_O:2.22e+00 vert:2.63e-01 joint:2.81e-01 mano_pose:3.75e-02 mano_shape:1.14e-02 force:8.73e-02 gravity:5.58e-02 torque:3.46e-02 supervised:7.67e-02 CoM:2.08e-02 total:1.44e+01
2024-07-14 11:05:25,544 
Evaluation on subtest dataset: 7877
2024-07-14 11:11:25,618 
Hand Evaluation: 7936 samples
2024-07-14 11:11:25,631 
regression: 
         MJE PA_MJE MJE_0 MJE_1 MJE_2  MJE_3  MJE_4 MJE_5  MJE_6  MJE_7  MJE_8 MJE_9 MJE_10 MJE_11 MJE_12 MJE_13 MJE_14 MJE_15 MJE_16 MJE_17 MJE_18 MJE_19 MJE_20
right  11.64   5.29  0.00  4.35  7.68  10.42  14.58  8.84  11.52  13.42  16.41  9.13  12.22  14.26  17.89   8.55  11.57  14.07  18.32   8.59  11.09  13.52  18.09
left   12.17   5.14  0.00  4.68  8.13  10.98  15.26  9.48  12.42  14.18  17.49  9.84  12.70  14.38  18.02   9.23  12.09  14.31  18.07   9.34  12.03  14.38  18.48
both   11.90   5.22  0.00  4.51  7.90  10.70  14.92  9.15  11.96  13.80  16.94  9.48  12.46  14.32  17.95   8.89  11.83  14.19  18.20   8.96  11.55  13.95  18.28
2024-07-14 11:11:25,642 
one_candidate: 
         MJE PA_MJE MJE_0 MJE_1  MJE_2  MJE_3  MJE_4  MJE_5  MJE_6  MJE_7  MJE_8  MJE_9 MJE_10 MJE_11 MJE_12 MJE_13 MJE_14 MJE_15 MJE_16 MJE_17 MJE_18 MJE_19 MJE_20
right  16.79   7.00  0.00  6.17  11.12  15.35  21.70  12.84  17.08  19.95  24.34  13.29  17.72  20.75  26.03  12.39  16.52  19.98  25.61  12.34  15.74  18.96  24.63
left   17.39   6.81  0.00  6.49  11.70  16.13  22.82  13.45  17.95  20.65  25.09  14.02  18.30  20.91  25.97  13.18  17.19  20.39  25.54  13.23  16.83  20.01  25.43
both   17.09   6.91  0.00  6.33  11.41  15.73  22.25  13.14  17.51  20.29  24.71  13.65  18.01  20.83  26.00  12.78  16.85  20.18  25.58  12.78  16.28  19.48  25.03
2024-07-14 11:11:25,652 
mean_candidate_mano: 
         MJE PA_MJE MJE_0 MJE_1 MJE_2 MJE_3  MJE_4 MJE_5  MJE_6  MJE_7  MJE_8 MJE_9 MJE_10 MJE_11 MJE_12 MJE_13 MJE_14 MJE_15 MJE_16 MJE_17 MJE_18 MJE_19 MJE_20
right  10.12   5.30  0.00  3.99  6.88  9.08  12.50  7.65   9.51  10.91  13.44  7.84  10.26  12.04  15.66   7.49   9.96  12.38  16.63   7.76   9.89  12.22  16.42
left   10.59   5.16  0.00  4.28  7.28  9.62  13.32  8.14  10.36  11.78  14.66  8.47  10.74  12.31  15.34   8.13  10.46  12.49  16.19   8.46  10.72  12.85  16.71
both   10.35   5.23  0.00  4.13  7.08  9.35  12.90  7.89   9.93  11.34  14.04  8.15  10.50  12.17  15.50   7.81  10.21  12.43  16.41   8.11  10.30  12.53  16.56
2024-07-14 11:11:25,755 
Object Evaluation: 7936 samples 
Mean Pose: 
                          MCE    OCE    ADD   ADDS  ADD01d ADDS01d    REP
002_master_chef_can     57.67  21.31  41.91  11.22  32.11%  92.89%  19.91
003_cracker_box         32.85  28.32  30.61  14.79  60.69%  89.93%   9.07
004_sugar_box           39.90  26.12  33.53  14.84  49.75%  83.50%  11.24
005_tomato_soup_can     41.79  22.54  32.96  11.87  20.98%  77.32%  13.96
006_mustard_bottle      30.37  19.79  24.69  10.61  63.64%  93.77%   9.29
007_tuna_fish_can       51.33  21.90  35.94  11.87  19.39%  74.74%  17.27
008_pudding_box         42.35  29.58  36.55  18.04  48.91%  83.70%  14.49
009_gelatin_box         33.81  24.58  29.43  13.82  38.23%  75.44%   9.69
010_potted_meat_can     37.08  21.02  29.89  11.28  36.50%  81.02%  13.40
011_banana              55.82  23.69  36.78  14.95  45.25%  81.25%  15.69
019_pitcher_base        58.60  35.87  45.48  19.33  50.75%  90.20%  19.49
021_bleach_cleanser     47.36  25.85  35.92  14.41  57.69%  89.49%  15.36
024_bowl               112.64  20.73  63.77  11.91  22.37%  91.32%  35.47
025_mug                 45.98  21.69  31.94  10.54  31.19%  87.11%  13.33
035_power_drill         43.84  32.46  36.47  17.09  47.64%  84.55%  11.40
036_wood_block         135.03  30.83  96.48  18.56   4.93%  80.00%  55.61
037_scissors            66.90  31.71  43.00  21.50  29.43%  66.33%  16.08
040_large_marker        39.39  23.41  30.47  16.73   9.35%  55.06%  11.85
052_extra_large_clamp  113.39  28.29  58.60  18.21  23.16%  80.66%  28.45
061_foam_brick          61.31  22.35  45.72  12.62  10.82%  73.09%  23.15
average_instance        56.91  25.57  40.74  14.68  35.33%  81.68%  18.03
2024-07-14 11:11:26,240 
Epoch: 25/100 | Learning Rate: 7.208e-05
2024-07-14 11:11:33,150 
[0000/3136]| Loss diff_H:7.91e+00 diff_O:1.53e+00 hm_H:2.50e+00 hm_O:2.23e+00 vert:2.34e-01 joint:2.57e-01 mano_pose:4.35e-02 mano_shape:8.21e-03 force:6.50e-02 gravity:2.76e-02 torque:3.47e-02 supervised:7.16e-02 CoM:2.57e-02 total:1.49e+01
2024-07-14 11:15:40,699 
[0500/3136]| Loss diff_H:7.68e+00 diff_O:1.42e+00 hm_H:2.51e+00 hm_O:2.22e+00 vert:2.79e-01 joint:2.97e-01 mano_pose:4.62e-02 mano_shape:8.91e-03 force:1.29e-01 gravity:8.47e-02 torque:2.66e-02 supervised:7.98e-02 CoM:2.86e-02 total:1.48e+01
2024-07-14 11:19:50,440 
[1000/3136]| Loss diff_H:7.74e+00 diff_O:1.31e+00 hm_H:2.55e+00 hm_O:2.20e+00 vert:2.54e-01 joint:2.72e-01 mano_pose:4.36e-02 mano_shape:1.81e-02 force:7.55e-02 gravity:3.08e-02 torque:4.11e-02 supervised:7.51e-02 CoM:3.74e-02 total:1.46e+01
2024-07-14 11:23:57,121 
[1500/3136]| Loss diff_H:6.83e+00 diff_O:1.19e+00 hm_H:2.33e+00 hm_O:2.16e+00 vert:1.93e-01 joint:2.09e-01 mano_pose:2.64e-02 mano_shape:5.04e-03 force:1.26e-01 gravity:8.33e-02 torque:3.89e-02 supervised:8.23e-02 CoM:2.96e-02 total:1.33e+01
2024-07-14 11:28:03,707 
[2000/3136]| Loss diff_H:7.56e+00 diff_O:1.34e+00 hm_H:2.44e+00 hm_O:2.14e+00 vert:2.41e-01 joint:2.62e-01 mano_pose:3.63e-02 mano_shape:9.80e-03 force:1.25e-01 gravity:7.82e-02 torque:4.05e-02 supervised:1.06e-01 CoM:3.03e-02 total:1.44e+01
2024-07-14 11:32:11,711 
[2500/3136]| Loss diff_H:7.63e+00 diff_O:1.33e+00 hm_H:2.52e+00 hm_O:2.26e+00 vert:1.60e-01 joint:1.76e-01 mano_pose:3.68e-02 mano_shape:7.91e-03 force:8.32e-02 gravity:6.90e-02 torque:2.74e-02 supervised:5.72e-02 CoM:2.63e-02 total:1.44e+01
2024-07-14 11:36:20,237 
[3000/3136]| Loss diff_H:7.38e+00 diff_O:1.40e+00 hm_H:2.52e+00 hm_O:2.23e+00 vert:2.54e-01 joint:2.76e-01 mano_pose:3.79e-02 mano_shape:8.49e-03 force:6.29e-02 gravity:3.75e-02 torque:2.75e-02 supervised:5.74e-02 CoM:2.98e-02 total:1.43e+01
2024-07-14 11:37:26,798 
Evaluation on subtest dataset: 7877
2024-07-14 11:51:47,132 
Hand Evaluation: 7936 samples
2024-07-14 11:51:47,143 
regression: 
         MJE PA_MJE MJE_0 MJE_1 MJE_2  MJE_3  MJE_4 MJE_5  MJE_6  MJE_7  MJE_8 MJE_9 MJE_10 MJE_11 MJE_12 MJE_13 MJE_14 MJE_15 MJE_16 MJE_17 MJE_18 MJE_19 MJE_20
right  11.77   5.31  0.00  4.41  7.79  10.61  14.88  9.01  11.67  13.54  16.51  9.28  12.32  14.34  17.97   8.68  11.69  14.23  18.48   8.71  11.22  13.67  18.23
left   12.05   5.10  0.00  4.69  8.11  10.96  15.33  9.35  12.30  14.15  17.57  9.70  12.51  14.20  18.03   9.10  11.91  14.09  17.83   9.22  11.81  14.07  18.08
both   11.91   5.21  0.00  4.55  7.95  10.78  15.10  9.18  11.98  13.84  17.04  9.49  12.41  14.27  18.00   8.89  11.80  14.16  18.16   8.96  11.51  13.87  18.16
2024-07-14 11:51:47,154 
one_candidate: 
         MJE PA_MJE MJE_0 MJE_1  MJE_2  MJE_3  MJE_4  MJE_5  MJE_6  MJE_7  MJE_8  MJE_9 MJE_10 MJE_11 MJE_12 MJE_13 MJE_14 MJE_15 MJE_16 MJE_17 MJE_18 MJE_19 MJE_20
right  16.68   6.97  0.00  6.19  11.27  15.53  21.83  12.80  17.17  20.00  24.35  13.14  17.55  20.47  25.64  12.20  16.34  19.82  25.50  12.17  15.37  18.59  24.37
left   17.31   6.74  0.00  6.47  11.58  15.96  22.75  13.31  17.72  20.52  25.16  13.90  18.26  20.86  26.17  12.99  17.13  20.35  25.56  13.02  16.69  19.85  25.21
both   16.99   6.86  0.00  6.33  11.42  15.74  22.28  13.05  17.44  20.26  24.75  13.52  17.90  20.66  25.90  12.59  16.73  20.08  25.53  12.59  16.02  19.21  24.79
2024-07-14 11:51:47,164 
mean_candidate_mano: 
         MJE PA_MJE MJE_0 MJE_1 MJE_2 MJE_3  MJE_4 MJE_5  MJE_6  MJE_7  MJE_8 MJE_9 MJE_10 MJE_11 MJE_12 MJE_13 MJE_14 MJE_15 MJE_16 MJE_17 MJE_18 MJE_19 MJE_20
right  10.26   5.29  0.00  4.04  7.01  9.32  12.88  7.77   9.64  11.08  13.66  7.98  10.39  12.19  15.78   7.61  10.10  12.55  16.77   7.86  10.01  12.33  16.50
left   10.55   5.11  0.00  4.29  7.26  9.63  13.36  8.09  10.30  11.75  14.73  8.44  10.71  12.27  15.39   8.10  10.39  12.39  16.12   8.43  10.64  12.73  16.54
both   10.40   5.20  0.00  4.16  7.13  9.47  13.12  7.93   9.96  11.41  14.19  8.21  10.55  12.23  15.59   7.85  10.24  12.47  16.45   8.14  10.32  12.53  16.52
2024-07-14 11:51:47,264 
Object Evaluation: 7936 samples 
Mean Pose: 
                          MCE    OCE    ADD   ADDS  ADD01d ADDS01d    REP
002_master_chef_can     61.03  20.84  43.80  10.96  30.82%  92.67%  21.21
003_cracker_box         31.81  26.60  29.33  14.11  61.92%  92.87%   8.70
004_sugar_box           38.85  26.19  33.13  14.37  48.75%  84.50%  10.96
005_tomato_soup_can     41.39  22.32  32.64  11.75  22.68%  76.83%  13.73
006_mustard_bottle      29.68  18.55  23.72  10.00  64.68%  94.03%   9.66
007_tuna_fish_can       51.20  21.84  36.02  11.63  16.33%  74.74%  16.96
008_pudding_box         42.63  30.22  36.98  17.92  45.74%  83.21%  14.42
009_gelatin_box         35.59  26.30  31.21  15.14  37.47%  73.16%   9.99
010_potted_meat_can     38.46  21.50  30.86  11.33  31.87%  79.32%  13.33
011_banana              55.43  23.82  36.60  14.85  45.00%  80.50%  15.83
019_pitcher_base        54.90  35.96  43.61  19.18  53.77%  89.95%  18.25
021_bleach_cleanser     46.02  25.43  35.16  14.53  57.44%  90.26%  14.95
024_bowl               114.15  22.54  65.14  13.13  18.42%  88.16%  36.06
025_mug                 45.58  21.56  31.59  10.36  29.64%  88.66%  13.58
035_power_drill         45.68  32.42  37.22  17.76  51.31%  84.03%  12.43
036_wood_block         138.24  28.98  98.19  17.74   5.48%  83.56%  55.86
037_scissors            68.58  33.07  44.32  22.02  26.18%  64.84%  15.81
040_large_marker        41.10  23.39  31.21  16.60   8.83%  57.66%  12.16
052_extra_large_clamp  114.61  29.37  59.27  18.40  22.14%  79.13%  28.38
061_foam_brick          60.64  23.34  45.70  13.22   8.18%  70.18%  22.55
average_instance        57.33  25.68  41.02  14.71  34.51%  81.51%  18.07
2024-07-14 11:51:47,810 
Epoch: 26/100 | Learning Rate: 6.920e-05
2024-07-14 11:51:54,617 
[0000/3136]| Loss diff_H:7.72e+00 diff_O:1.21e+00 hm_H:2.33e+00 hm_O:2.14e+00 vert:2.32e-01 joint:2.50e-01 mano_pose:3.61e-02 mano_shape:5.77e-03 force:1.47e-01 gravity:9.49e-02 torque:3.16e-02 supervised:7.44e-02 CoM:2.39e-02 total:1.43e+01
2024-07-14 11:56:03,896 
[0500/3136]| Loss diff_H:7.43e+00 diff_O:1.11e+00 hm_H:2.35e+00 hm_O:2.13e+00 vert:2.00e-01 joint:2.16e-01 mano_pose:3.07e-02 mano_shape:5.02e-03 force:7.02e-02 gravity:2.96e-02 torque:3.30e-02 supervised:5.99e-02 CoM:1.61e-02 total:1.37e+01
2024-07-14 12:00:11,358 
[1000/3136]| Loss diff_H:7.38e+00 diff_O:1.37e+00 hm_H:2.44e+00 hm_O:2.06e+00 vert:1.89e-01 joint:2.06e-01 mano_pose:3.42e-02 mano_shape:7.54e-03 force:7.07e-02 gravity:4.25e-02 torque:2.37e-02 supervised:5.94e-02 CoM:2.62e-02 total:1.39e+01
2024-07-14 12:04:20,989 
[1500/3136]| Loss diff_H:8.22e+00 diff_O:1.49e+00 hm_H:2.24e+00 hm_O:2.12e+00 vert:2.21e-01 joint:2.37e-01 mano_pose:4.44e-02 mano_shape:7.46e-03 force:1.40e-01 gravity:9.86e-02 torque:3.67e-02 supervised:8.67e-02 CoM:1.48e-02 total:1.50e+01
2024-07-14 12:08:27,973 
[2000/3136]| Loss diff_H:7.58e+00 diff_O:1.40e+00 hm_H:2.52e+00 hm_O:2.22e+00 vert:2.07e-01 joint:2.25e-01 mano_pose:3.26e-02 mano_shape:7.42e-03 force:7.70e-02 gravity:4.06e-02 torque:3.17e-02 supervised:7.03e-02 CoM:1.70e-02 total:1.44e+01
2024-07-14 12:12:35,991 
[2500/3136]| Loss diff_H:7.43e+00 diff_O:1.37e+00 hm_H:2.55e+00 hm_O:2.12e+00 vert:1.93e-01 joint:2.09e-01 mano_pose:3.21e-02 mano_shape:1.04e-02 force:5.91e-02 gravity:2.25e-02 torque:2.95e-02 supervised:6.19e-02 CoM:1.78e-02 total:1.41e+01
2024-07-14 12:16:43,759 
[3000/3136]| Loss diff_H:7.23e+00 diff_O:1.21e+00 hm_H:2.35e+00 hm_O:2.03e+00 vert:1.64e-01 joint:1.76e-01 mano_pose:2.99e-02 mano_shape:1.10e-02 force:1.47e-01 gravity:1.09e-01 torque:3.82e-02 supervised:7.41e-02 CoM:2.22e-02 total:1.36e+01
2024-07-14 12:17:49,572 
Evaluation on subtest dataset: 7877
2024-07-14 12:24:57,410 
Hand Evaluation: 7936 samples
2024-07-14 12:24:57,423 
regression: 
         MJE PA_MJE MJE_0 MJE_1 MJE_2  MJE_3  MJE_4 MJE_5  MJE_6  MJE_7  MJE_8 MJE_9 MJE_10 MJE_11 MJE_12 MJE_13 MJE_14 MJE_15 MJE_16 MJE_17 MJE_18 MJE_19 MJE_20
right  11.89   5.34  0.00  4.45  7.78  10.56  14.74  9.11  11.82  13.66  16.62  9.43  12.52  14.52  18.15   8.82  11.89  14.41  18.71   8.86  11.44  13.87  18.41
left   12.29   5.13  0.00  4.71  8.11  10.95  15.28  9.60  12.57  14.41  17.75  9.99  12.92  14.63  18.35   9.37  12.25  14.48  18.29   9.46  12.08  14.42  18.45
both   12.09   5.24  0.00  4.58  7.94  10.75  15.01  9.35  12.19  14.03  17.18  9.71  12.72  14.57  18.25   9.09  12.07  14.44  18.50   9.16  11.76  14.14  18.43
2024-07-14 12:24:57,433 
one_candidate: 
         MJE PA_MJE MJE_0 MJE_1  MJE_2  MJE_3  MJE_4  MJE_5  MJE_6  MJE_7  MJE_8  MJE_9 MJE_10 MJE_11 MJE_12 MJE_13 MJE_14 MJE_15 MJE_16 MJE_17 MJE_18 MJE_19 MJE_20
right  17.18   6.97  0.00  6.33  11.34  15.66  22.06  13.27  17.77  20.59  24.90  13.73  18.21  21.20  26.45  12.77  16.99  20.39  25.98  12.68  16.14  19.33  25.02
left   17.29   6.69  0.00  6.43  11.50  15.83  22.34  13.32  17.86  20.62  25.07  13.94  18.28  20.82  25.98  13.15  17.19  20.37  25.49  13.19  16.74  19.84  25.10
both   17.23   6.83  0.00  6.38  11.42  15.74  22.20  13.30  17.82  20.60  24.98  13.83  18.24  21.02  26.22  12.96  17.09  20.38  25.73  12.93  16.44  19.58  25.06
2024-07-14 12:24:57,443 
mean_candidate_mano: 
         MJE PA_MJE MJE_0 MJE_1 MJE_2 MJE_3  MJE_4 MJE_5  MJE_6  MJE_7  MJE_8 MJE_9 MJE_10 MJE_11 MJE_12 MJE_13 MJE_14 MJE_15 MJE_16 MJE_17 MJE_18 MJE_19 MJE_20
right  10.22   5.31  0.00  4.06  6.90  9.17  12.64  7.78   9.65  11.03  13.56  7.97  10.34  12.12  15.72   7.61  10.05  12.44  16.65   7.88  10.06  12.37  16.54
left   10.47   5.09  0.00  4.23  7.12  9.45  13.13  7.99  10.19  11.68  14.61  8.35  10.64  12.21  15.22   8.06  10.31  12.38  16.12   8.42  10.60  12.69  16.46
both   10.34   5.20  0.00  4.15  7.01  9.31  12.88  7.88   9.92  11.35  14.08  8.16  10.49  12.17  15.48   7.83  10.18  12.41  16.39   8.14  10.33  12.52  16.50
2024-07-14 12:24:57,543 
Object Evaluation: 7936 samples 
Mean Pose: 
                          MCE    OCE    ADD   ADDS  ADD01d ADDS01d    REP
002_master_chef_can     60.72  21.25  43.82  11.20  29.96%  91.59%  20.93
003_cracker_box         31.78  26.83  29.45  14.13  61.43%  93.37%   8.77
004_sugar_box           39.87  26.94  33.95  14.98  45.50%  83.75%  10.99
005_tomato_soup_can     43.25  23.21  34.01  12.24  19.76%  76.34%  14.24
006_mustard_bottle      29.96  19.30  24.16  10.22  67.01%  93.77%   9.30
007_tuna_fish_can       51.54  23.03  36.63  12.37  17.86%  69.90%  17.12
008_pudding_box         43.03  30.33  37.18  18.70  46.23%  84.91%  15.40
009_gelatin_box         34.03  24.74  29.69  13.99  36.96%  77.22%   9.71
010_potted_meat_can     38.98  22.14  31.32  11.88  32.60%  78.83%  13.55
011_banana              55.52  24.45  36.88  15.34  42.50%  80.25%  15.23
019_pitcher_base        54.78  36.93  44.22  19.52  53.02%  88.44%  18.34
021_bleach_cleanser     47.92  25.74  36.45  14.54  54.36%  90.26%  15.73
024_bowl               119.30  22.78  67.76  12.98  18.42%  89.21%  37.14
025_mug                 48.68  22.77  33.63  11.21  30.15%  85.31%  14.53
035_power_drill         45.08  33.25  37.45  17.49  49.74%  83.77%  11.87
036_wood_block         138.55  29.69  98.53  18.07   5.21%  80.82%  57.17
037_scissors            67.28  32.37  43.11  21.46  27.43%  67.83%  16.57
040_large_marker        39.92  23.93  30.87  16.97   8.83%  53.77%  11.63
052_extra_large_clamp  112.99  28.27  58.16  17.50  23.66%  84.22%  28.98
061_foam_brick          62.09  22.38  46.18  12.52  11.87%  72.56%  23.20
average_instance        57.80  25.98  41.40  14.84  34.29%  81.41%  18.34
2024-07-14 12:24:58,038 
Epoch: 27/100 | Learning Rate: 6.643e-05
2024-07-14 12:25:05,877 
[0000/3136]| Loss diff_H:7.22e+00 diff_O:1.08e+00 hm_H:2.38e+00 hm_O:2.04e+00 vert:1.96e-01 joint:2.09e-01 mano_pose:3.04e-02 mano_shape:5.69e-03 force:9.51e-02 gravity:5.63e-02 torque:2.66e-02 supervised:5.93e-02 CoM:1.56e-02 total:1.34e+01
2024-07-14 12:29:12,450 
[0500/3136]| Loss diff_H:7.47e+00 diff_O:1.31e+00 hm_H:2.42e+00 hm_O:2.14e+00 vert:2.83e-01 joint:3.06e-01 mano_pose:3.76e-02 mano_shape:1.87e-02 force:9.58e-02 gravity:5.60e-02 torque:3.35e-02 supervised:7.20e-02 CoM:3.00e-02 total:1.43e+01
2024-07-14 12:33:18,622 
[1000/3136]| Loss diff_H:7.02e+00 diff_O:1.42e+00 hm_H:2.30e+00 hm_O:2.18e+00 vert:1.88e-01 joint:2.04e-01 mano_pose:3.01e-02 mano_shape:7.31e-03 force:6.73e-02 gravity:3.90e-02 torque:3.67e-02 supervised:5.86e-02 CoM:1.62e-02 total:1.36e+01
2024-07-14 12:37:27,161 
[1500/3136]| Loss diff_H:8.51e+00 diff_O:1.23e+00 hm_H:2.48e+00 hm_O:2.18e+00 vert:2.57e-01 joint:2.74e-01 mano_pose:4.94e-02 mano_shape:5.20e-03 force:7.63e-02 gravity:4.42e-02 torque:2.60e-02 supervised:4.96e-02 CoM:5.46e-02 total:1.52e+01
2024-07-14 12:41:35,234 
[2000/3136]| Loss diff_H:7.34e+00 diff_O:1.22e+00 hm_H:2.47e+00 hm_O:2.07e+00 vert:2.05e-01 joint:2.22e-01 mano_pose:3.18e-02 mano_shape:8.45e-03 force:1.03e-01 gravity:5.30e-02 torque:4.11e-02 supervised:7.92e-02 CoM:4.38e-02 total:1.39e+01
2024-07-14 12:45:43,275 
[2500/3136]| Loss diff_H:7.36e+00 diff_O:1.43e+00 hm_H:2.49e+00 hm_O:2.12e+00 vert:2.16e-01 joint:2.33e-01 mano_pose:3.03e-02 mano_shape:5.28e-03 force:9.62e-02 gravity:5.78e-02 torque:3.10e-02 supervised:5.80e-02 CoM:2.16e-02 total:1.42e+01
2024-07-14 12:49:51,203 
[3000/3136]| Loss diff_H:7.13e+00 diff_O:1.97e+00 hm_H:2.29e+00 hm_O:2.19e+00 vert:2.10e-01 joint:2.29e-01 mano_pose:3.72e-02 mano_shape:6.03e-03 force:7.87e-02 gravity:4.13e-02 torque:3.18e-02 supervised:6.41e-02 CoM:1.71e-02 total:1.43e+01
2024-07-14 12:50:58,464 
Evaluation on subtest dataset: 7877
2024-07-14 12:56:23,655 
Hand Evaluation: 7936 samples
2024-07-14 12:56:23,670 
regression: 
         MJE PA_MJE MJE_0 MJE_1 MJE_2  MJE_3  MJE_4 MJE_5  MJE_6  MJE_7  MJE_8 MJE_9 MJE_10 MJE_11 MJE_12 MJE_13 MJE_14 MJE_15 MJE_16 MJE_17 MJE_18 MJE_19 MJE_20
right  11.86   5.36  0.00  4.46  7.82  10.68  14.90  9.19  11.84  13.62  16.53  9.46  12.44  14.39  18.01   8.80  11.79  14.27  18.52   8.80  11.32  13.78  18.39
left   12.25   5.16  0.00  4.72  8.17  11.08  15.56  9.58  12.57  14.40  17.77  9.90  12.84  14.53  18.42   9.20  12.10  14.33  18.15   9.25  11.91  14.29  18.44
both   12.05   5.26  0.00  4.59  7.99  10.88  15.22  9.38  12.20  14.01  17.14  9.68  12.64  14.46  18.21   9.00  11.95  14.30  18.34   9.02  11.61  14.03  18.42
2024-07-14 12:56:23,681 
one_candidate: 
         MJE PA_MJE MJE_0 MJE_1  MJE_2  MJE_3  MJE_4  MJE_5  MJE_6  MJE_7  MJE_8  MJE_9 MJE_10 MJE_11 MJE_12 MJE_13 MJE_14 MJE_15 MJE_16 MJE_17 MJE_18 MJE_19 MJE_20
right  16.66   6.97  0.00  6.24  11.23  15.49  21.67  12.96  17.12  19.75  23.95  13.28  17.54  20.39  25.58  12.30  16.26  19.65  25.36  12.27  15.51  18.71  24.56
left   17.23   6.70  0.00  6.46  11.48  15.75  22.19  13.44  17.92  20.57  25.02  13.96  18.27  20.80  25.91  12.98  16.99  20.18  25.39  12.95  16.54  19.75  25.24
both   16.94   6.84  0.00  6.35  11.35  15.62  21.92  13.20  17.52  20.15  24.48  13.61  17.90  20.59  25.74  12.64  16.62  19.91  25.37  12.60  16.02  19.22  24.90
2024-07-14 12:56:23,691 
mean_candidate_mano: 
         MJE PA_MJE MJE_0 MJE_1 MJE_2 MJE_3  MJE_4 MJE_5  MJE_6  MJE_7  MJE_8 MJE_9 MJE_10 MJE_11 MJE_12 MJE_13 MJE_14 MJE_15 MJE_16 MJE_17 MJE_18 MJE_19 MJE_20
right  10.10   5.26  0.00  4.05  6.90  9.15  12.55  7.72   9.48  10.84  13.37  7.89  10.22  11.99  15.57   7.53   9.95  12.33  16.54   7.81   9.87  12.10  16.23
left   10.41   5.11  0.00  4.24  7.20  9.52  13.23  7.97  10.15  11.59  14.50  8.29  10.55  12.10  15.22   7.97  10.20  12.21  15.91   8.31  10.51  12.61  16.38
both   10.25   5.19  0.00  4.14  7.05  9.33  12.89  7.84   9.81  11.21  13.92  8.09  10.39  12.04  15.40   7.75  10.07  12.27  16.23   8.06  10.19  12.35  16.30
2024-07-14 12:56:23,795 
Object Evaluation: 7936 samples 
Mean Pose: 
                          MCE    OCE    ADD   ADDS  ADD01d ADDS01d    REP
002_master_chef_can     59.87  20.97  43.17  11.02  31.90%  91.81%  20.72
003_cracker_box         31.68  27.22  29.53  14.69  61.92%  91.65%   8.56
004_sugar_box           38.25  25.36  32.42  14.30  52.75%  84.00%  10.67
005_tomato_soup_can     41.36  22.63  32.74  11.95  18.78%  77.07%  13.16
006_mustard_bottle      28.36  18.12  22.76   9.82  68.83%  93.25%   8.80
007_tuna_fish_can       51.44  22.00  36.15  11.93  17.86%  73.21%  17.21
008_pudding_box         38.89  28.10  33.95  17.16  51.34%  85.89%  13.77
009_gelatin_box         34.17  25.02  29.87  14.13  37.47%  76.46%   9.90
010_potted_meat_can     40.01  21.44  31.73  11.54  30.90%  78.35%  13.87
011_banana              55.12  23.47  36.34  15.10  44.75%  81.00%  14.33
019_pitcher_base        55.40  36.84  44.46  19.90  52.76%  88.44%  18.32
021_bleach_cleanser     46.74  25.68  35.74  14.75  58.97%  87.95%  14.90
024_bowl               116.53  21.55  65.97  12.54  20.00%  89.47%  36.54
025_mug                 45.23  20.70  30.61  10.05  34.79%  90.72%  13.24
035_power_drill         43.18  32.17  36.05  17.13  48.69%  85.34%  11.56
036_wood_block         133.00  29.46  94.98  17.40   5.48%  83.01%  54.21
037_scissors            67.43  32.00  42.90  21.13  27.18%  67.33%  15.90
040_large_marker        37.79  21.73  28.91  15.40   9.09%  59.74%  11.29
052_extra_large_clamp  111.26  27.23  57.22  17.29  24.94%  82.95%  27.69
061_foam_brick          58.94  21.88  44.14  12.34  12.66%  73.09%  21.62
average_instance        56.30  25.15  40.23  14.45  35.72%  82.12%  17.64
2024-07-14 12:56:24,279 
Epoch: 28/100 | Learning Rate: 6.377e-05
2024-07-14 12:56:31,747 
[0000/3136]| Loss diff_H:6.97e+00 diff_O:1.28e+00 hm_H:2.38e+00 hm_O:2.09e+00 vert:1.88e-01 joint:2.03e-01 mano_pose:3.37e-02 mano_shape:5.03e-03 force:1.05e-01 gravity:6.96e-02 torque:2.82e-02 supervised:6.20e-02 CoM:1.87e-02 total:1.34e+01
2024-07-14 13:00:38,309 
[0500/3136]| Loss diff_H:7.39e+00 diff_O:1.31e+00 hm_H:2.40e+00 hm_O:2.13e+00 vert:1.58e-01 joint:1.69e-01 mano_pose:3.15e-02 mano_shape:8.11e-03 force:8.32e-02 gravity:4.79e-02 torque:4.05e-02 supervised:8.59e-02 CoM:1.59e-02 total:1.39e+01
2024-07-14 13:04:46,778 
[1000/3136]| Loss diff_H:7.93e+00 diff_O:1.42e+00 hm_H:2.42e+00 hm_O:2.19e+00 vert:4.19e-01 joint:4.57e-01 mano_pose:4.76e-02 mano_shape:8.28e-03 force:8.32e-02 gravity:5.55e-02 torque:3.26e-02 supervised:6.09e-02 CoM:5.64e-02 total:1.52e+01
2024-07-14 13:08:52,878 
[1500/3136]| Loss diff_H:7.48e+00 diff_O:1.14e+00 hm_H:2.27e+00 hm_O:2.15e+00 vert:2.83e-01 joint:3.09e-01 mano_pose:5.24e-02 mano_shape:5.39e-03 force:8.72e-02 gravity:4.44e-02 torque:2.34e-02 supervised:6.78e-02 CoM:2.06e-02 total:1.39e+01
2024-07-14 13:13:02,614 
[2000/3136]| Loss diff_H:7.73e+00 diff_O:1.38e+00 hm_H:2.52e+00 hm_O:2.10e+00 vert:1.67e-01 joint:1.81e-01 mano_pose:2.85e-02 mano_shape:7.94e-03 force:7.02e-02 gravity:5.50e-02 torque:2.20e-02 supervised:4.63e-02 CoM:2.00e-02 total:1.43e+01
2024-07-14 13:17:13,651 
[2500/3136]| Loss diff_H:7.32e+00 diff_O:1.33e+00 hm_H:2.51e+00 hm_O:2.19e+00 vert:2.03e-01 joint:2.17e-01 mano_pose:3.82e-02 mano_shape:8.25e-03 force:7.27e-02 gravity:4.60e-02 torque:2.49e-02 supervised:8.29e-02 CoM:3.02e-02 total:1.41e+01
2024-07-14 13:21:21,588 
[3000/3136]| Loss diff_H:7.46e+00 diff_O:1.22e+00 hm_H:2.36e+00 hm_O:2.11e+00 vert:1.70e-01 joint:1.83e-01 mano_pose:3.29e-02 mano_shape:1.14e-02 force:9.28e-02 gravity:5.13e-02 torque:3.01e-02 supervised:6.19e-02 CoM:1.56e-02 total:1.38e+01
2024-07-14 13:22:28,952 
Evaluation on subtest dataset: 7877
2024-07-14 13:26:52,868 
Hand Evaluation: 7936 samples
2024-07-14 13:26:52,880 
regression: 
         MJE PA_MJE MJE_0 MJE_1 MJE_2  MJE_3  MJE_4 MJE_5  MJE_6  MJE_7  MJE_8 MJE_9 MJE_10 MJE_11 MJE_12 MJE_13 MJE_14 MJE_15 MJE_16 MJE_17 MJE_18 MJE_19 MJE_20
right  11.68   5.34  0.00  4.35  7.67  10.44  14.59  8.91  11.59  13.42  16.38  9.23  12.26  14.20  17.84   8.65  11.64  14.11  18.42   8.69  11.18  13.61  18.20
left   12.07   5.18  0.00  4.68  8.05  10.86  15.25  9.34  12.26  14.07  17.45  9.66  12.54  14.27  18.16   9.07  11.91  14.16  18.06   9.19  11.86  14.26  18.45
both   11.88   5.26  0.00  4.51  7.86  10.65  14.91  9.12  11.92  13.74  16.91  9.44  12.39  14.24  18.00   8.86  11.77  14.14  18.24   8.94  11.52  13.93  18.32
2024-07-14 13:26:52,891 
one_candidate: 
         MJE PA_MJE MJE_0 MJE_1  MJE_2  MJE_3  MJE_4  MJE_5  MJE_6  MJE_7  MJE_8  MJE_9 MJE_10 MJE_11 MJE_12 MJE_13 MJE_14 MJE_15 MJE_16 MJE_17 MJE_18 MJE_19 MJE_20
right  16.50   6.88  0.00  6.21  10.96  15.09  21.18  12.78  16.88  19.59  23.82  13.15  17.40  20.23  25.30  12.24  16.23  19.60  25.14  12.24  15.54  18.66  24.19
left   16.91   6.70  0.00  6.40  11.44  15.74  22.23  13.14  17.43  20.07  24.40  13.58  17.76  20.34  25.43  12.65  16.66  19.81  24.90  12.70  16.29  19.40  24.67
both   16.70   6.79  0.00  6.31  11.19  15.41  21.70  12.96  17.15  19.83  24.11  13.36  17.58  20.29  25.36  12.45  16.44  19.71  25.02  12.47  15.91  19.02  24.43
2024-07-14 13:26:52,902 
mean_candidate_mano: 
         MJE PA_MJE MJE_0 MJE_1 MJE_2 MJE_3  MJE_4 MJE_5  MJE_6  MJE_7  MJE_8 MJE_9 MJE_10 MJE_11 MJE_12 MJE_13 MJE_14 MJE_15 MJE_16 MJE_17 MJE_18 MJE_19 MJE_20
right  10.17   5.31  0.00  3.98  6.89  9.19  12.64  7.68   9.50  10.87  13.40  7.91  10.32  12.09  15.73   7.56  10.02  12.44  16.73   7.83   9.99  12.28  16.47
left   10.52   5.12  0.00  4.23  7.22  9.57  13.26  8.06  10.26  11.67  14.56  8.41  10.68  12.24  15.31   8.07  10.36  12.39  16.07   8.39  10.67  12.83  16.73
both   10.34   5.21  0.00  4.11  7.06  9.38  12.94  7.87   9.87  11.26  13.97  8.15  10.50  12.16  15.52   7.81  10.19  12.42  16.41   8.11  10.33  12.55  16.60
2024-07-14 13:26:53,006 
Object Evaluation: 7936 samples 
Mean Pose: 
                          MCE    OCE    ADD   ADDS  ADD01d ADDS01d    REP
002_master_chef_can     60.46  24.02  44.63  12.62  25.00%  90.73%  20.74
003_cracker_box         31.71  27.36  29.54  14.58  60.93%  90.66%   8.84
004_sugar_box           39.33  26.91  33.61  14.64  48.25%  82.00%  11.27
005_tomato_soup_can     43.42  23.91  34.39  12.47  18.05%  71.46%  14.12
006_mustard_bottle      29.70  19.90  24.43  10.43  62.60%  92.99%   8.88
007_tuna_fish_can       51.78  23.54  36.95  12.63  15.05%  71.68%  16.94
008_pudding_box         42.56  29.30  36.58  17.67  48.42%  84.67%  14.75
009_gelatin_box         34.39  25.70  30.30  14.18  31.65%  73.92%   9.78
010_potted_meat_can     39.28  22.51  31.63  11.94  32.36%  78.83%  13.45
011_banana              55.78  24.35  36.88  15.33  41.00%  81.00%  14.98
019_pitcher_base        53.67  35.92  43.08  19.05  52.01%  89.45%  17.71
021_bleach_cleanser     48.17  27.17  37.04  15.03  57.95%  88.97%  15.58
024_bowl               116.18  21.89  65.91  12.61  20.26%  90.00%  36.11
025_mug                 48.75  22.32  33.28  10.90  31.70%  85.57%  14.24
035_power_drill         45.17  33.08  37.47  17.56  50.26%  84.29%  12.29
036_wood_block         137.38  30.57  97.69  18.28   4.66%  84.38%  55.26
037_scissors            67.16  31.70  43.41  21.66  28.43%  68.33%  16.18
040_large_marker        39.79  22.97  30.31  16.39   9.61%  56.36%  11.64
052_extra_large_clamp  113.38  29.10  58.66  17.80  23.66%  80.92%  28.52
061_foam_brick          62.05  22.51  46.21  12.73   8.44%  73.35%  22.84
average_instance        57.55  26.22  41.34  14.90  33.64%  81.05%  18.03
2024-07-14 13:26:53,492 
Epoch: 29/100 | Learning Rate: 6.122e-05
2024-07-14 13:27:01,040 
[0000/3136]| Loss diff_H:6.70e+00 diff_O:1.46e+00 hm_H:2.32e+00 hm_O:2.15e+00 vert:1.47e-01 joint:1.58e-01 mano_pose:2.93e-02 mano_shape:6.38e-03 force:1.04e-01 gravity:6.60e-02 torque:2.79e-02 supervised:7.52e-02 CoM:1.32e-02 total:1.33e+01
2024-07-14 13:31:13,695 
[0500/3136]| Loss diff_H:7.43e+00 diff_O:1.11e+00 hm_H:2.38e+00 hm_O:2.08e+00 vert:1.76e-01 joint:1.89e-01 mano_pose:3.38e-02 mano_shape:6.99e-03 force:1.07e-01 gravity:5.96e-02 torque:3.34e-02 supervised:8.74e-02 CoM:3.80e-02 total:1.37e+01
2024-07-14 13:35:28,962 
[1000/3136]| Loss diff_H:7.78e+00 diff_O:1.35e+00 hm_H:2.54e+00 hm_O:2.09e+00 vert:3.04e-01 joint:3.31e-01 mano_pose:4.43e-02 mano_shape:2.91e-03 force:7.72e-02 gravity:5.94e-02 torque:3.94e-02 supervised:6.37e-02 CoM:3.41e-02 total:1.47e+01
2024-07-14 13:39:40,989 
[1500/3136]| Loss diff_H:7.36e+00 diff_O:1.30e+00 hm_H:2.35e+00 hm_O:2.11e+00 vert:1.83e-01 joint:1.97e-01 mano_pose:3.30e-02 mano_shape:4.49e-03 force:9.63e-02 gravity:6.80e-02 torque:2.30e-02 supervised:7.58e-02 CoM:2.24e-02 total:1.38e+01
2024-07-14 13:43:54,036 
[2000/3136]| Loss diff_H:7.20e+00 diff_O:1.16e+00 hm_H:2.37e+00 hm_O:2.12e+00 vert:2.32e-01 joint:2.51e-01 mano_pose:3.58e-02 mano_shape:6.86e-03 force:1.29e-01 gravity:8.74e-02 torque:2.66e-02 supervised:5.95e-02 CoM:1.82e-02 total:1.37e+01
2024-07-14 13:48:03,889 
[2500/3136]| Loss diff_H:7.36e+00 diff_O:1.38e+00 hm_H:2.30e+00 hm_O:2.08e+00 vert:1.83e-01 joint:1.98e-01 mano_pose:2.72e-02 mano_shape:4.16e-03 force:8.10e-02 gravity:5.24e-02 torque:3.15e-02 supervised:7.46e-02 CoM:2.57e-02 total:1.38e+01
2024-07-14 13:52:12,373 
[3000/3136]| Loss diff_H:6.97e+00 diff_O:1.43e+00 hm_H:2.34e+00 hm_O:2.10e+00 vert:2.21e-01 joint:2.39e-01 mano_pose:2.76e-02 mano_shape:5.87e-03 force:1.10e-01 gravity:6.60e-02 torque:3.92e-02 supervised:7.97e-02 CoM:1.61e-02 total:1.36e+01
2024-07-14 13:53:19,012 
Evaluation on subtest dataset: 7877
2024-07-14 13:57:40,238 
Hand Evaluation: 7936 samples
2024-07-14 13:57:40,253 
regression: 
         MJE PA_MJE MJE_0 MJE_1 MJE_2  MJE_3  MJE_4 MJE_5  MJE_6  MJE_7  MJE_8 MJE_9 MJE_10 MJE_11 MJE_12 MJE_13 MJE_14 MJE_15 MJE_16 MJE_17 MJE_18 MJE_19 MJE_20
right  11.67   5.30  0.00  4.34  7.69  10.47  14.61  8.92  11.64  13.45  16.34  9.23  12.30  14.25  17.79   8.64  11.62  14.05  18.20   8.69  11.12  13.54  18.08
left   12.06   5.11  0.00  4.66  8.04  10.86  15.19  9.36  12.30  14.08  17.43  9.73  12.65  14.31  17.92   9.15  11.99  14.12  17.82   9.27  11.87  14.19  18.23
both   11.86   5.21  0.00  4.50  7.87  10.66  14.89  9.14  11.97  13.76  16.88  9.48  12.47  14.28  17.85   8.89  11.80  14.08  18.01   8.97  11.49  13.86  18.15
2024-07-14 13:57:40,265 
one_candidate: 
         MJE PA_MJE MJE_0 MJE_1  MJE_2  MJE_3  MJE_4  MJE_5  MJE_6  MJE_7  MJE_8  MJE_9 MJE_10 MJE_11 MJE_12 MJE_13 MJE_14 MJE_15 MJE_16 MJE_17 MJE_18 MJE_19 MJE_20
right  16.44   6.85  0.00  6.04  10.94  15.15  21.28  12.65  16.88  19.61  23.83  13.06  17.37  20.24  25.23  12.12  16.26  19.61  25.01  12.08  15.34  18.47  24.04
left   16.72   6.59  0.00  6.24  11.19  15.33  21.65  12.94  17.25  19.89  24.31  13.48  17.70  20.18  25.06  12.59  16.51  19.56  24.57  12.62  16.15  19.28  24.54
both   16.58   6.72  0.00  6.14  11.06  15.24  21.46  12.80  17.06  19.75  24.07  13.26  17.53  20.21  25.14  12.35  16.38  19.59  24.79  12.35  15.74  18.87  24.29
2024-07-14 13:57:40,278 
mean_candidate_mano: 
         MJE PA_MJE MJE_0 MJE_1 MJE_2 MJE_3  MJE_4 MJE_5  MJE_6  MJE_7  MJE_8 MJE_9 MJE_10 MJE_11 MJE_12 MJE_13 MJE_14 MJE_15 MJE_16 MJE_17 MJE_18 MJE_19 MJE_20
right  10.27   5.25  0.00  4.02  6.94  9.22  12.64  7.85   9.78  11.21  13.75  8.09  10.49  12.22  15.73   7.71  10.19  12.57  16.69   7.94  10.06  12.29  16.39
left   10.57   5.08  0.00  4.28  7.25  9.58  13.21  8.15  10.39  11.85  14.80  8.48  10.80  12.35  15.32   8.11  10.40  12.45  16.13   8.43  10.65  12.74  16.54
both   10.42   5.17  0.00  4.15  7.09  9.39  12.92  8.00  10.08  11.52  14.27  8.28  10.64  12.28  15.53   7.91  10.29  12.51  16.41   8.18  10.35  12.51  16.46
2024-07-14 13:57:40,394 
Object Evaluation: 7936 samples 
Mean Pose: 
                          MCE    OCE    ADD   ADDS  ADD01d ADDS01d    REP
002_master_chef_can     57.67  20.14  41.47  10.64  34.27%  93.32%  20.47
003_cracker_box         31.50  26.59  29.18  14.20  60.20%  93.86%   8.46
004_sugar_box           37.65  25.65  32.13  14.23  48.50%  84.00%  10.39
005_tomato_soup_can     42.74  23.64  33.86  12.41  21.71%  76.59%  14.00
006_mustard_bottle      28.74  18.92  23.39   9.97  67.27%  93.77%   8.87
007_tuna_fish_can       50.29  22.76  35.84  12.14  16.33%  75.00%  16.57
008_pudding_box         39.87  27.87  34.41  17.04  53.28%  84.67%  13.82
009_gelatin_box         33.52  23.91  29.02  13.37  37.97%  76.20%   9.65
010_potted_meat_can     39.06  21.33  31.03  11.32  34.06%  80.54%  13.73
011_banana              54.13  24.05  36.00  15.06  42.25%  80.00%  14.71
019_pitcher_base        55.37  36.37  44.20  19.41  52.01%  89.70%  18.50
021_bleach_cleanser     46.21  26.23  35.56  14.31  57.44%  89.23%  14.61
024_bowl               118.93  21.16  66.79  12.07  19.47%  91.05%  37.29
025_mug                 45.76  20.54  30.89   9.88  33.76%  90.46%  13.59
035_power_drill         41.61  30.85  34.70  16.19  53.93%  85.60%  11.89
036_wood_block         137.79  27.57  97.28  17.57   6.03%  82.47%  55.53
037_scissors            66.26  30.24  42.06  20.16  29.43%  68.58%  16.21
040_large_marker        39.24  22.56  29.92  15.97   8.31%  57.92%  11.55
052_extra_large_clamp  110.70  28.26  57.38  17.96  24.17%  82.44%  27.44
061_foam_brick          61.31  22.10  45.54  12.31  11.61%  72.56%  22.54
average_instance        56.44  25.01  40.25  14.28  35.80%  82.50%  17.81
2024-07-14 13:57:40,985 
Epoch: 30/100 | Learning Rate: 5.877e-05
2024-07-14 13:57:50,967 
[0000/3136]| Loss diff_H:6.93e+00 diff_O:1.32e+00 hm_H:2.46e+00 hm_O:2.12e+00 vert:2.54e-01 joint:2.75e-01 mano_pose:3.87e-02 mano_shape:5.29e-03 force:8.37e-02 gravity:4.38e-02 torque:3.66e-02 supervised:7.00e-02 CoM:2.07e-02 total:1.37e+01
2024-07-14 14:02:00,850 
[0500/3136]| Loss diff_H:6.40e+00 diff_O:1.24e+00 hm_H:2.49e+00 hm_O:2.10e+00 vert:1.62e-01 joint:1.73e-01 mano_pose:2.64e-02 mano_shape:6.03e-03 force:7.24e-02 gravity:3.78e-02 torque:3.88e-02 supervised:7.01e-02 CoM:1.90e-02 total:1.28e+01
2024-07-14 14:06:07,976 
[1000/3136]| Loss diff_H:7.32e+00 diff_O:1.28e+00 hm_H:2.43e+00 hm_O:2.03e+00 vert:2.16e-01 joint:2.29e-01 mano_pose:3.80e-02 mano_shape:4.12e-03 force:8.57e-02 gravity:6.20e-02 torque:2.87e-02 supervised:6.61e-02 CoM:3.47e-02 total:1.38e+01
2024-07-14 14:10:22,322 
[1500/3136]| Loss diff_H:6.89e+00 diff_O:1.28e+00 hm_H:2.13e+00 hm_O:2.08e+00 vert:1.70e-01 joint:1.85e-01 mano_pose:2.46e-02 mano_shape:3.92e-03 force:8.60e-02 gravity:4.72e-02 torque:3.69e-02 supervised:5.18e-02 CoM:1.51e-02 total:1.30e+01
2024-07-14 14:14:34,285 
[2000/3136]| Loss diff_H:6.33e+00 diff_O:1.33e+00 hm_H:2.39e+00 hm_O:2.19e+00 vert:3.09e-01 joint:3.38e-01 mano_pose:3.62e-02 mano_shape:5.36e-03 force:6.46e-02 gravity:3.81e-02 torque:2.75e-02 supervised:5.65e-02 CoM:2.22e-02 total:1.31e+01
2024-07-14 14:18:46,530 
[2500/3136]| Loss diff_H:6.82e+00 diff_O:1.32e+00 hm_H:2.35e+00 hm_O:2.25e+00 vert:1.74e-01 joint:1.89e-01 mano_pose:2.51e-02 mano_shape:4.30e-03 force:9.14e-02 gravity:5.28e-02 torque:3.19e-02 supervised:9.40e-02 CoM:2.51e-02 total:1.34e+01
2024-07-14 14:22:57,881 
[3000/3136]| Loss diff_H:7.29e+00 diff_O:1.27e+00 hm_H:2.51e+00 hm_O:2.08e+00 vert:2.82e-01 joint:3.06e-01 mano_pose:4.20e-02 mano_shape:2.23e-02 force:1.05e-01 gravity:6.67e-02 torque:2.80e-02 supervised:6.21e-02 CoM:2.21e-02 total:1.41e+01
2024-07-14 14:24:06,207 
Evaluation on subtest dataset: 7877
2024-07-14 14:31:14,388 
Hand Evaluation: 7936 samples
2024-07-14 14:31:14,401 
regression: 
         MJE PA_MJE MJE_0 MJE_1 MJE_2  MJE_3  MJE_4 MJE_5  MJE_6  MJE_7  MJE_8 MJE_9 MJE_10 MJE_11 MJE_12 MJE_13 MJE_14 MJE_15 MJE_16 MJE_17 MJE_18 MJE_19 MJE_20
right  11.76   5.32  0.00  4.41  7.73  10.46  14.60  9.04  11.72  13.51  16.35  9.33  12.38  14.34  17.86   8.72  11.77  14.22  18.42   8.76  11.30  13.76  18.34
left   11.90   5.11  0.00  4.65  8.04  10.85  15.21  9.24  12.13  13.91  17.23  9.55  12.43  14.12  17.77   8.95  11.72  13.88  17.57   9.06  11.63  13.94  18.00
both   11.83   5.22  0.00  4.53  7.88  10.65  14.90  9.14  11.92  13.71  16.78  9.44  12.40  14.23  17.81   8.83  11.75  14.05  18.00   8.91  11.46  13.85  18.17
2024-07-14 14:31:14,412 
one_candidate: 
         MJE PA_MJE MJE_0 MJE_1  MJE_2  MJE_3  MJE_4  MJE_5  MJE_6  MJE_7  MJE_8  MJE_9 MJE_10 MJE_11 MJE_12 MJE_13 MJE_14 MJE_15 MJE_16 MJE_17 MJE_18 MJE_19 MJE_20
right  16.67   6.88  0.00  6.16  11.14  15.34  21.58  12.92  17.18  19.91  24.03  13.28  17.59  20.47  25.51  12.30  16.46  19.92  25.49  12.21  15.52  18.71  24.37
left   16.75   6.68  0.00  6.36  11.41  15.63  22.20  13.05  17.33  19.98  24.38  13.58  17.68  20.01  24.89  12.67  16.50  19.46  24.38  12.65  16.05  19.14  24.43
both   16.71   6.78  0.00  6.26  11.27  15.48  21.88  12.98  17.25  19.94  24.20  13.42  17.63  20.24  25.20  12.48  16.48  19.69  24.95  12.42  15.78  18.92  24.40
2024-07-14 14:31:14,423 
mean_candidate_mano: 
         MJE PA_MJE MJE_0 MJE_1 MJE_2 MJE_3  MJE_4 MJE_5  MJE_6  MJE_7  MJE_8 MJE_9 MJE_10 MJE_11 MJE_12 MJE_13 MJE_14 MJE_15 MJE_16 MJE_17 MJE_18 MJE_19 MJE_20
right  10.17   5.29  0.00  4.06  6.95  9.20  12.55  7.77   9.53  10.87  13.35  7.94  10.28  12.01  15.56   7.56  10.08  12.47  16.66   7.83  10.02  12.30  16.48
left   10.39   5.08  0.00  4.24  7.23  9.55  13.27  8.02  10.17  11.56  14.39  8.33  10.58  12.09  14.99   7.96  10.18  12.19  15.81   8.30  10.49  12.60  16.35
both   10.28   5.19  0.00  4.15  7.09  9.37  12.91  7.89   9.85  11.21  13.87  8.13  10.42  12.05  15.28   7.76  10.13  12.33  16.24   8.07  10.25  12.45  16.42
2024-07-14 14:31:14,536 
Object Evaluation: 7936 samples 
Mean Pose: 
                          MCE    OCE    ADD   ADDS  ADD01d ADDS01d    REP
002_master_chef_can     55.25  20.56  40.20  10.83  34.48%  93.32%  19.34
003_cracker_box         31.39  26.84  29.20  14.32  61.92%  92.63%   8.37
004_sugar_box           38.74  25.89  32.88  14.53  48.25%  83.75%  10.65
005_tomato_soup_can     42.17  22.71  33.16  11.84  19.51%  74.15%  14.06
006_mustard_bottle      28.46  18.93  23.17  10.07  68.05%  93.77%   8.49
007_tuna_fish_can       50.62  22.48  35.92  12.13  17.35%  72.19%  16.62
008_pudding_box         41.28  29.42  35.86  17.87  48.91%  84.91%  14.07
009_gelatin_box         35.61  26.23  31.20  14.72  32.66%  75.19%  10.07
010_potted_meat_can     37.57  21.41  30.31  11.58  32.36%  81.02%  13.22
011_banana              55.15  23.97  36.47  14.85  40.75%  79.50%  14.47
019_pitcher_base        53.23  35.30  42.62  18.85  54.77%  89.70%  17.62
021_bleach_cleanser     46.04  26.02  35.51  14.66  56.15%  88.46%  14.53
024_bowl               115.45  20.89  65.34  12.20  20.53%  89.74%  36.31
025_mug                 43.30  21.26  30.66  10.32  33.76%  88.66%  12.36
035_power_drill         43.79  31.49  35.92  16.78  49.21%  86.91%  11.55
036_wood_block         137.60  29.47  97.96  17.90   6.30%  80.55%  56.19
037_scissors            67.09  31.46  42.94  21.59  28.43%  67.33%  16.54
040_large_marker        38.54  21.90  29.24  15.75  10.91%  59.48%  11.71
052_extra_large_clamp  113.29  27.39  57.89  17.56  23.16%  82.95%  28.31
061_foam_brick          61.82  22.67  46.22  12.88   8.97%  71.24%  23.00
average_instance        56.32  25.28  40.34  14.53  35.02%  81.88%  17.69
2024-07-14 14:31:15,105 
Epoch: 31/100 | Learning Rate: 5.642e-05
2024-07-14 14:31:22,529 
[0000/3136]| Loss diff_H:7.13e+00 diff_O:1.27e+00 hm_H:2.25e+00 hm_O:2.01e+00 vert:2.37e-01 joint:2.58e-01 mano_pose:2.72e-02 mano_shape:5.28e-03 force:1.12e-01 gravity:8.44e-02 torque:2.13e-02 supervised:5.66e-02 CoM:2.16e-02 total:1.35e+01
2024-07-14 14:35:34,121 
[0500/3136]| Loss diff_H:7.74e+00 diff_O:1.27e+00 hm_H:2.50e+00 hm_O:2.01e+00 vert:3.24e-01 joint:3.51e-01 mano_pose:4.61e-02 mano_shape:7.73e-03 force:9.03e-02 gravity:4.36e-02 torque:3.48e-02 supervised:5.75e-02 CoM:2.72e-02 total:1.45e+01
2024-07-14 14:39:50,050 
[1000/3136]| Loss diff_H:7.12e+00 diff_O:1.24e+00 hm_H:2.50e+00 hm_O:2.01e+00 vert:1.77e-01 joint:1.93e-01 mano_pose:3.22e-02 mano_shape:2.81e-03 force:7.53e-02 gravity:5.09e-02 torque:2.52e-02 supervised:7.14e-02 CoM:2.01e-02 total:1.35e+01
2024-07-14 14:44:08,838 
[1500/3136]| Loss diff_H:7.22e+00 diff_O:1.31e+00 hm_H:2.28e+00 hm_O:2.19e+00 vert:2.14e-01 joint:2.31e-01 mano_pose:3.79e-02 mano_shape:9.54e-03 force:6.06e-02 gravity:3.36e-02 torque:3.28e-02 supervised:6.27e-02 CoM:2.13e-02 total:1.37e+01
2024-07-14 14:48:27,063 
[2000/3136]| Loss diff_H:7.21e+00 diff_O:1.28e+00 hm_H:2.29e+00 hm_O:2.11e+00 vert:2.03e-01 joint:2.19e-01 mano_pose:3.05e-02 mano_shape:4.77e-03 force:7.34e-02 gravity:3.94e-02 torque:2.70e-02 supervised:5.80e-02 CoM:1.85e-02 total:1.36e+01
2024-07-14 14:52:43,966 
[2500/3136]| Loss diff_H:7.55e+00 diff_O:1.27e+00 hm_H:2.49e+00 hm_O:2.06e+00 vert:1.92e-01 joint:2.09e-01 mano_pose:3.24e-02 mano_shape:2.95e-03 force:9.89e-02 gravity:6.08e-02 torque:4.12e-02 supervised:8.07e-02 CoM:2.38e-02 total:1.41e+01
2024-07-14 14:56:54,042 
[3000/3136]| Loss diff_H:6.91e+00 diff_O:1.20e+00 hm_H:2.36e+00 hm_O:2.14e+00 vert:1.44e-01 joint:1.55e-01 mano_pose:2.47e-02 mano_shape:9.16e-03 force:7.22e-02 gravity:4.23e-02 torque:4.10e-02 supervised:5.25e-02 CoM:1.87e-02 total:1.32e+01
2024-07-14 14:58:02,199 
Evaluation on subtest dataset: 7877
2024-07-14 15:02:22,997 
Hand Evaluation: 7936 samples
2024-07-14 15:02:23,009 
regression: 
         MJE PA_MJE MJE_0 MJE_1 MJE_2  MJE_3  MJE_4 MJE_5  MJE_6  MJE_7  MJE_8 MJE_9 MJE_10 MJE_11 MJE_12 MJE_13 MJE_14 MJE_15 MJE_16 MJE_17 MJE_18 MJE_19 MJE_20
right  11.74   5.32  0.00  4.40  7.73  10.49  14.55  9.07  11.71  13.52  16.50  9.38  12.30  14.19  17.71   8.77  11.69  14.12  18.36   8.79  11.23  13.67  18.28
left   12.13   5.15  0.00  4.66  8.06  10.93  15.32  9.42  12.34  14.16  17.59  9.82  12.65  14.35  18.13   9.19  11.98  14.20  18.05   9.27  11.87  14.29  18.53
both   11.93   5.23  0.00  4.53  7.89  10.71  14.93  9.24  12.02  13.84  17.03  9.60  12.48  14.27  17.92   8.98  11.84  14.16  18.21   9.03  11.55  13.98  18.40
2024-07-14 15:02:23,020 
one_candidate: 
         MJE PA_MJE MJE_0 MJE_1  MJE_2  MJE_3  MJE_4  MJE_5  MJE_6  MJE_7  MJE_8  MJE_9 MJE_10 MJE_11 MJE_12 MJE_13 MJE_14 MJE_15 MJE_16 MJE_17 MJE_18 MJE_19 MJE_20
right  16.25   6.77  0.00  6.04  10.85  14.84  20.93  12.54  16.65  19.29  23.47  12.98  17.20  19.95  24.79  12.10  16.09  19.35  24.68  12.07  15.27  18.30  23.77
left   16.69   6.62  0.00  6.26  11.14  15.32  21.83  12.89  17.12  19.71  24.14  13.45  17.49  19.98  24.94  12.61  16.43  19.54  24.66  12.66  16.16  19.36  24.80
both   16.47   6.69  0.00  6.15  10.99  15.08  21.37  12.71  16.88  19.50  23.80  13.21  17.34  19.97  24.86  12.36  16.26  19.44  24.67  12.36  15.71  18.82  24.28
2024-07-14 15:02:23,030 
mean_candidate_mano: 
         MJE PA_MJE MJE_0 MJE_1 MJE_2 MJE_3  MJE_4 MJE_5  MJE_6  MJE_7  MJE_8 MJE_9 MJE_10 MJE_11 MJE_12 MJE_13 MJE_14 MJE_15 MJE_16 MJE_17 MJE_18 MJE_19 MJE_20
right  10.12   5.23  0.00  4.01  6.88  9.10  12.51  7.72   9.52  10.88  13.35  7.93  10.29  12.03  15.52   7.58  10.01  12.40  16.55   7.85   9.97  12.18  16.27
left   10.31   5.04  0.00  4.17  7.11  9.43  13.15  7.85  10.00  11.42  14.33  8.22  10.45  12.04  15.00   7.91  10.13  12.10  15.69   8.28  10.44  12.51  16.23
both   10.21   5.14  0.00  4.09  7.00  9.26  12.83  7.78   9.76  11.15  13.83  8.07  10.37  12.04  15.26   7.74  10.07  12.25  16.13   8.06  10.20  12.34  16.25
2024-07-14 15:02:23,129 
Object Evaluation: 7936 samples 
Mean Pose: 
                          MCE    OCE    ADD   ADDS  ADD01d ADDS01d    REP
002_master_chef_can     62.24  21.60  44.65  11.23  28.45%  91.38%  21.76
003_cracker_box         31.28  27.10  29.19  14.29  62.90%  91.65%   8.53
004_sugar_box           39.53  26.27  33.56  14.56  48.75%  82.25%  10.66
005_tomato_soup_can     42.56  22.72  33.37  11.94  19.27%  74.88%  14.10
006_mustard_bottle      27.97  18.91  22.99  10.09  64.68%  94.03%   8.29
007_tuna_fish_can       52.04  22.91  36.87  12.27  14.29%  74.49%  17.05
008_pudding_box         40.38  28.14  34.72  17.00  52.07%  84.91%  13.67
009_gelatin_box         34.49  24.79  29.94  13.46  36.20%  73.16%   9.77
010_potted_meat_can     38.44  22.15  31.19  11.81  34.31%  76.16%  12.83
011_banana              54.86  24.36  36.60  15.05  41.25%  79.00%  14.68
019_pitcher_base        53.48  36.10  43.25  19.56  53.27%  90.70%  17.81
021_bleach_cleanser     45.94  25.40  35.12  14.10  58.21%  90.26%  14.56
024_bowl               117.93  19.80  66.11  11.53  21.84%  91.32%  36.82
025_mug                 46.41  21.39  31.72  10.35  32.99%  87.89%  13.20
035_power_drill         45.68  32.99  37.65  17.65  50.79%  82.46%  12.20
036_wood_block         132.14  28.45  94.29  16.96   7.40%  84.66%  53.21
037_scissors            65.42  32.01  42.49  21.37  27.43%  67.08%  15.18
040_large_marker        39.42  22.74  30.01  16.15   9.61%  53.51%  11.77
052_extra_large_clamp  113.82  27.19  57.97  17.23  24.94%  84.99%  28.24
061_foam_brick          60.98  21.66  45.22  12.04  11.87%  72.30%  22.54
average_instance        56.82  25.32  40.60  14.41  35.17%  81.43%  17.68
2024-07-14 15:02:23,666 
Epoch: 32/100 | Learning Rate: 5.416e-05
2024-07-14 15:02:30,823 
[0000/3136]| Loss diff_H:6.19e+00 diff_O:1.28e+00 hm_H:2.52e+00 hm_O:2.00e+00 vert:1.83e-01 joint:1.98e-01 mano_pose:3.09e-02 mano_shape:6.54e-03 force:1.03e-01 gravity:6.41e-02 torque:3.58e-02 supervised:7.75e-02 CoM:1.66e-02 total:1.27e+01
2024-07-14 15:06:37,519 
[0500/3136]| Loss diff_H:6.71e+00 diff_O:1.17e+00 hm_H:2.24e+00 hm_O:2.01e+00 vert:1.48e-01 joint:1.59e-01 mano_pose:2.77e-02 mano_shape:4.75e-03 force:7.89e-02 gravity:4.05e-02 torque:2.42e-02 supervised:5.89e-02 CoM:1.59e-02 total:1.27e+01
2024-07-14 15:10:43,180 
[1000/3136]| Loss diff_H:7.31e+00 diff_O:1.38e+00 hm_H:2.45e+00 hm_O:2.03e+00 vert:1.92e-01 joint:2.08e-01 mano_pose:3.15e-02 mano_shape:6.53e-03 force:8.93e-02 gravity:4.66e-02 torque:2.76e-02 supervised:7.77e-02 CoM:1.34e-01 total:1.40e+01
2024-07-14 15:14:50,799 
[1500/3136]| Loss diff_H:6.73e+00 diff_O:1.18e+00 hm_H:2.28e+00 hm_O:2.02e+00 vert:1.35e-01 joint:1.45e-01 mano_pose:2.79e-02 mano_shape:5.04e-03 force:9.29e-02 gravity:5.04e-02 torque:3.31e-02 supervised:9.41e-02 CoM:1.33e-02 total:1.28e+01
2024-07-14 15:18:57,917 
[2000/3136]| Loss diff_H:7.19e+00 diff_O:1.37e+00 hm_H:2.56e+00 hm_O:2.07e+00 vert:2.19e-01 joint:2.37e-01 mano_pose:3.92e-02 mano_shape:3.72e-03 force:7.35e-02 gravity:2.78e-02 torque:2.49e-02 supervised:7.03e-02 CoM:2.11e-02 total:1.39e+01
2024-07-14 15:23:05,026 
[2500/3136]| Loss diff_H:7.03e+00 diff_O:1.18e+00 hm_H:2.14e+00 hm_O:2.05e+00 vert:1.40e-01 joint:1.50e-01 mano_pose:2.60e-02 mano_shape:7.44e-03 force:8.48e-02 gravity:4.54e-02 torque:3.68e-02 supervised:7.90e-02 CoM:2.17e-02 total:1.30e+01
2024-07-14 15:27:13,564 
[3000/3136]| Loss diff_H:6.51e+00 diff_O:1.29e+00 hm_H:2.44e+00 hm_O:2.00e+00 vert:1.80e-01 joint:1.93e-01 mano_pose:2.71e-02 mano_shape:6.46e-03 force:4.88e-02 gravity:2.93e-02 torque:3.59e-02 supervised:7.17e-02 CoM:2.00e-02 total:1.29e+01
2024-07-14 15:28:19,481 
Evaluation on subtest dataset: 7877
2024-07-14 15:32:42,470 
Hand Evaluation: 7936 samples
2024-07-14 15:32:42,483 
regression: 
         MJE PA_MJE MJE_0 MJE_1 MJE_2  MJE_3  MJE_4 MJE_5  MJE_6  MJE_7  MJE_8 MJE_9 MJE_10 MJE_11 MJE_12 MJE_13 MJE_14 MJE_15 MJE_16 MJE_17 MJE_18 MJE_19 MJE_20
right  11.63   5.32  0.00  4.35  7.70  10.43  14.49  8.97  11.61  13.42  16.36  9.27  12.20  14.12  17.68   8.65  11.58  13.99  18.23   8.67  11.13  13.50  17.99
left   12.13   5.16  0.00  4.70  8.08  10.91  15.20  9.40  12.32  14.20  17.75  9.73  12.62  14.36  18.33   9.10  11.99  14.28  18.20   9.21  11.83  14.19  18.37
both   11.88   5.24  0.00  4.52  7.89  10.67  14.84  9.18  11.96  13.80  17.04  9.49  12.41  14.24  18.00   8.88  11.78  14.13  18.22   8.94  11.48  13.84  18.18
2024-07-14 15:32:42,493 
one_candidate: 
         MJE PA_MJE MJE_0 MJE_1  MJE_2  MJE_3  MJE_4  MJE_5  MJE_6  MJE_7  MJE_8  MJE_9 MJE_10 MJE_11 MJE_12 MJE_13 MJE_14 MJE_15 MJE_16 MJE_17 MJE_18 MJE_19 MJE_20
right  16.67   6.83  0.00  6.13  11.00  15.14  21.21  12.95  17.20  19.88  24.10  13.39  17.74  20.61  25.66  12.43  16.55  19.86  25.28  12.33  15.63  18.72  24.27
left   16.94   6.73  0.00  6.35  11.20  15.37  21.81  13.12  17.40  20.05  24.56  13.68  17.93  20.54  26.04  12.77  16.74  19.93  25.18  12.75  16.23  19.36  24.68
both   16.80   6.78  0.00  6.24  11.10  15.26  21.51  13.03  17.30  19.96  24.33  13.53  17.83  20.57  25.84  12.60  16.64  19.90  25.23  12.53  15.93  19.03  24.48
2024-07-14 15:32:42,504 
mean_candidate_mano: 
         MJE PA_MJE MJE_0 MJE_1 MJE_2 MJE_3  MJE_4 MJE_5  MJE_6  MJE_7  MJE_8 MJE_9 MJE_10 MJE_11 MJE_12 MJE_13 MJE_14 MJE_15 MJE_16 MJE_17 MJE_18 MJE_19 MJE_20
right  10.12   5.25  0.00  4.00  6.88  9.09  12.44  7.72   9.53  10.89  13.35  7.94  10.28  12.03  15.62   7.57  10.00  12.36  16.53   7.81   9.97  12.21  16.28
left   10.46   5.07  0.00  4.22  7.17  9.48  13.18  8.00  10.22  11.70  14.66  8.37  10.67  12.21  15.34   8.03  10.29  12.29  15.97   8.34  10.54  12.62  16.37
both   10.29   5.16  0.00  4.11  7.02  9.29  12.81  7.86   9.87  11.29  14.00  8.15  10.47  12.12  15.48   7.79  10.14  12.33  16.25   8.07  10.25  12.42  16.33
2024-07-14 15:32:42,603 
Object Evaluation: 7936 samples 
Mean Pose: 
                          MCE    OCE    ADD   ADDS  ADD01d ADDS01d    REP
002_master_chef_can     60.77  22.23  44.06  11.59  28.02%  90.73%  20.75
003_cracker_box         31.36  26.91  29.19  14.23  63.39%  91.89%   8.74
004_sugar_box           40.15  26.58  33.90  15.01  49.25%  82.50%  10.72
005_tomato_soup_can     43.61  22.86  34.06  11.99  17.80%  75.37%  14.16
006_mustard_bottle      30.13  20.00  24.49  10.43  61.56%  93.77%   8.91
007_tuna_fish_can       52.09  22.98  36.93  12.46  17.09%  72.96%  17.10
008_pudding_box         41.07  28.92  35.56  17.66  52.07%  85.40%  14.07
009_gelatin_box         33.69  24.32  29.25  13.55  35.19%  76.71%   9.46
010_potted_meat_can     39.53  22.73  32.10  12.22  29.20%  79.81%  13.28
011_banana              56.21  24.41  37.28  15.27  42.00%  80.50%  15.33
019_pitcher_base        52.56  35.84  42.84  19.38  55.78%  90.20%  17.23
021_bleach_cleanser     45.51  26.02  35.14  14.33  54.87%  88.97%  14.31
024_bowl               124.04  21.44  69.62  12.30  17.89%  89.47%  39.08
025_mug                 45.37  21.34  31.03  10.27  34.79%  88.66%  12.98
035_power_drill         45.71  32.46  37.35  17.28  50.52%  84.82%  12.14
036_wood_block         133.60  29.07  95.40  17.79   7.67%  81.64%  54.40
037_scissors            66.98  33.01  43.69  22.42  26.43%  62.84%  15.46
040_large_marker        41.07  24.21  31.56  17.38   9.09%  50.65%  11.86
052_extra_large_clamp  109.88  27.71  57.00  17.24  25.19%  82.95%  27.50
061_foam_brick          62.23  22.12  46.18  12.31  12.40%  71.24%  23.16
average_instance        57.32  25.74  41.07  14.73  34.65%  81.15%  17.85
2024-07-14 15:32:43,070 
Epoch: 33/100 | Learning Rate: 5.200e-05
2024-07-14 15:32:50,558 
[0000/3136]| Loss diff_H:6.98e+00 diff_O:1.10e+00 hm_H:2.15e+00 hm_O:1.98e+00 vert:1.86e-01 joint:2.01e-01 mano_pose:2.77e-02 mano_shape:8.65e-03 force:5.73e-02 gravity:2.65e-02 torque:3.28e-02 supervised:6.64e-02 CoM:1.54e-02 total:1.28e+01
2024-07-14 15:36:55,182 
[0500/3136]| Loss diff_H:6.73e+00 diff_O:1.26e+00 hm_H:2.50e+00 hm_O:2.08e+00 vert:1.94e-01 joint:2.08e-01 mano_pose:3.25e-02 mano_shape:1.48e-02 force:4.54e-02 gravity:1.94e-02 torque:3.43e-02 supervised:6.03e-02 CoM:2.79e-02 total:1.32e+01
2024-07-14 15:41:03,799 
[1000/3136]| Loss diff_H:6.68e+00 diff_O:1.29e+00 hm_H:2.51e+00 hm_O:2.00e+00 vert:1.95e-01 joint:2.12e-01 mano_pose:3.54e-02 mano_shape:1.04e-02 force:5.12e-02 gravity:2.11e-02 torque:3.65e-02 supervised:6.44e-02 CoM:2.61e-02 total:1.31e+01
2024-07-14 15:45:09,681 
[1500/3136]| Loss diff_H:6.36e+00 diff_O:1.20e+00 hm_H:2.37e+00 hm_O:1.96e+00 vert:1.80e-01 joint:1.96e-01 mano_pose:3.40e-02 mano_shape:1.93e-03 force:9.83e-02 gravity:6.10e-02 torque:2.92e-02 supervised:5.82e-02 CoM:2.26e-02 total:1.26e+01
2024-07-14 15:49:16,215 
[2000/3136]| Loss diff_H:7.01e+00 diff_O:1.25e+00 hm_H:2.37e+00 hm_O:2.06e+00 vert:2.19e-01 joint:2.35e-01 mano_pose:3.76e-02 mano_shape:1.24e-02 force:1.21e-01 gravity:7.24e-02 torque:3.58e-02 supervised:9.16e-02 CoM:2.82e-02 total:1.35e+01
2024-07-14 15:53:23,021 
[2500/3136]| Loss diff_H:6.63e+00 diff_O:1.35e+00 hm_H:2.30e+00 hm_O:2.05e+00 vert:1.88e-01 joint:2.01e-01 mano_pose:3.28e-02 mano_shape:3.53e-03 force:6.60e-02 gravity:3.52e-02 torque:2.96e-02 supervised:8.20e-02 CoM:1.27e-02 total:1.30e+01
2024-07-14 15:57:30,215 
[3000/3136]| Loss diff_H:6.82e+00 diff_O:1.24e+00 hm_H:2.41e+00 hm_O:2.18e+00 vert:1.97e-01 joint:2.13e-01 mano_pose:4.39e-02 mano_shape:5.01e-03 force:9.55e-02 gravity:5.64e-02 torque:2.66e-02 supervised:6.74e-02 CoM:2.71e-02 total:1.34e+01
2024-07-14 15:58:36,112 
Evaluation on subtest dataset: 7877
2024-07-14 16:02:56,857 
Hand Evaluation: 7936 samples
2024-07-14 16:02:56,870 
regression: 
         MJE PA_MJE MJE_0 MJE_1 MJE_2  MJE_3  MJE_4 MJE_5  MJE_6  MJE_7  MJE_8 MJE_9 MJE_10 MJE_11 MJE_12 MJE_13 MJE_14 MJE_15 MJE_16 MJE_17 MJE_18 MJE_19 MJE_20
right  11.72   5.30  0.00  4.42  7.76  10.49  14.56  9.03  11.68  13.45  16.32  9.32  12.30  14.22  17.78   8.71  11.68  14.13  18.33   8.74  11.21  13.65  18.26
left   12.11   5.11  0.00  4.69  8.13  11.00  15.41  9.42  12.32  14.09  17.45  9.78  12.67  14.39  18.11   9.16  11.99  14.16  17.94   9.25  11.83  14.17  18.31
both   11.91   5.21  0.00  4.55  7.95  10.75  14.98  9.22  11.99  13.77  16.87  9.55  12.48  14.30  17.94   8.93  11.83  14.15  18.14   8.99  11.52  13.91  18.28
2024-07-14 16:02:56,881 
one_candidate: 
         MJE PA_MJE MJE_0 MJE_1  MJE_2  MJE_3  MJE_4  MJE_5  MJE_6  MJE_7  MJE_8  MJE_9 MJE_10 MJE_11 MJE_12 MJE_13 MJE_14 MJE_15 MJE_16 MJE_17 MJE_18 MJE_19 MJE_20
right  16.34   6.76  0.00  6.09  10.85  14.83  20.84  12.72  16.88  19.52  23.68  13.12  17.30  20.06  25.03  12.17  16.13  19.44  24.85  12.07  15.25  18.38  23.99
left   16.46   6.54  0.00  6.29  11.30  15.47  21.92  12.71  16.79  19.37  23.79  13.18  17.16  19.63  24.71  12.35  16.14  19.24  24.29  12.44  15.87  18.92  24.21
both   16.40   6.65  0.00  6.19  11.07  15.15  21.37  12.71  16.84  19.44  23.73  13.15  17.23  19.85  24.87  12.25  16.14  19.34  24.57  12.26  15.55  18.64  24.10
2024-07-14 16:02:56,892 
mean_candidate_mano: 
         MJE PA_MJE MJE_0 MJE_1 MJE_2 MJE_3  MJE_4 MJE_5  MJE_6  MJE_7  MJE_8 MJE_9 MJE_10 MJE_11 MJE_12 MJE_13 MJE_14 MJE_15 MJE_16 MJE_17 MJE_18 MJE_19 MJE_20
right  10.15   5.22  0.00  3.99  6.83  9.00  12.39  7.76   9.57  10.93  13.40  8.01  10.32  12.02  15.52   7.63  10.12  12.51  16.61   7.88  10.01  12.23  16.32
left   10.36   5.03  0.00  4.21  7.13  9.41  13.08  7.99  10.12  11.52  14.42  8.34  10.62  12.15  15.09   7.98  10.18  12.14  15.79   8.29  10.43  12.48  16.22
both   10.25   5.13  0.00  4.10  6.98  9.20  12.73  7.88   9.84  11.22  13.91  8.17  10.47  12.08  15.31   7.81  10.15  12.33  16.21   8.08  10.21  12.35  16.27
2024-07-14 16:02:56,996 
Object Evaluation: 7936 samples 
Mean Pose: 
                          MCE    OCE    ADD   ADDS  ADD01d ADDS01d    REP
002_master_chef_can     57.51  20.80  41.53  10.93  31.68%  93.10%  19.98
003_cracker_box         31.35  27.00  29.27  14.08  63.88%  92.87%   8.15
004_sugar_box           39.14  25.48  32.89  14.45  51.25%  85.25%  11.08
005_tomato_soup_can     41.73  22.27  32.73  11.71  20.73%  78.54%  14.01
006_mustard_bottle      29.18  18.20  23.23   9.63  68.05%  94.55%   9.07
007_tuna_fish_can       52.86  22.41  37.10  12.10  15.82%  72.19%  17.45
008_pudding_box         40.84  28.90  35.41  17.63  50.85%  86.86%  13.81
009_gelatin_box         34.06  24.75  29.69  13.64  37.22%  76.96%   9.68
010_potted_meat_can     39.28  21.87  31.43  11.55  33.09%  79.08%  13.96
011_banana              53.34  23.02  35.24  14.34  44.25%  82.00%  14.59
019_pitcher_base        54.10  35.52  43.10  19.09  56.28%  91.46%  18.08
021_bleach_cleanser     45.98  26.15  35.59  14.64  58.46%  88.21%  14.98
024_bowl               120.81  21.22  67.94  12.33  20.79%  90.53%  37.71
025_mug                 44.04  21.31  30.63  10.24  33.51%  87.63%  12.97
035_power_drill         43.90  33.14  37.10  17.38  47.91%  85.08%  11.67
036_wood_block         136.57  28.12  96.61  17.11   8.22%  84.38%  55.42
037_scissors            68.70  32.37  44.33  22.22  24.69%  65.09%  16.13
040_large_marker        39.68  22.81  30.18  16.08   7.53%  55.58%  11.33
052_extra_large_clamp  115.47  27.88  59.03  17.81  22.65%  81.93%  29.04
061_foam_brick          61.60  21.92  45.68  12.16  10.82%  72.56%  22.74
average_instance        57.02  25.23  40.65  14.43  35.56%  82.30%  17.91
2024-07-14 16:02:57,536 
Epoch: 34/100 | Learning Rate: 4.992e-05
2024-07-14 16:03:04,831 
[0000/3136]| Loss diff_H:6.08e+00 diff_O:1.16e+00 hm_H:2.25e+00 hm_O:2.00e+00 vert:1.30e-01 joint:1.40e-01 mano_pose:2.01e-02 mano_shape:2.89e-03 force:5.12e-02 gravity:2.89e-02 torque:3.05e-02 supervised:6.45e-02 CoM:1.45e-02 total:1.20e+01
2024-07-14 16:07:10,826 
[0500/3136]| Loss diff_H:6.75e+00 diff_O:1.29e+00 hm_H:2.28e+00 hm_O:1.99e+00 vert:2.23e-01 joint:2.42e-01 mano_pose:2.80e-02 mano_shape:8.61e-03 force:1.09e-01 gravity:7.26e-02 torque:2.81e-02 supervised:7.40e-02 CoM:1.56e-02 total:1.31e+01
2024-07-14 16:11:16,078 
[1000/3136]| Loss diff_H:7.38e+00 diff_O:1.22e+00 hm_H:2.43e+00 hm_O:2.09e+00 vert:1.83e-01 joint:1.97e-01 mano_pose:3.28e-02 mano_shape:6.17e-03 force:6.35e-02 gravity:4.42e-02 torque:2.24e-02 supervised:5.43e-02 CoM:2.10e-02 total:1.37e+01
2024-07-14 16:15:22,423 
[1500/3136]| Loss diff_H:6.49e+00 diff_O:1.14e+00 hm_H:2.34e+00 hm_O:1.95e+00 vert:1.95e-01 joint:2.10e-01 mano_pose:2.72e-02 mano_shape:3.62e-03 force:6.66e-02 gravity:5.19e-02 torque:2.57e-02 supervised:4.76e-02 CoM:2.43e-02 total:1.26e+01
2024-07-14 16:19:27,134 
[2000/3136]| Loss diff_H:6.32e+00 diff_O:1.11e+00 hm_H:2.17e+00 hm_O:2.02e+00 vert:1.50e-01 joint:1.60e-01 mano_pose:2.45e-02 mano_shape:2.55e-03 force:1.62e-01 gravity:1.10e-01 torque:3.45e-02 supervised:7.72e-02 CoM:1.52e-02 total:1.24e+01
2024-07-14 16:23:32,381 
[2500/3136]| Loss diff_H:6.92e+00 diff_O:1.18e+00 hm_H:2.22e+00 hm_O:2.04e+00 vert:1.64e-01 joint:1.79e-01 mano_pose:3.10e-02 mano_shape:4.55e-03 force:7.13e-02 gravity:4.99e-02 torque:2.13e-02 supervised:5.20e-02 CoM:1.79e-02 total:1.30e+01
2024-07-14 16:27:37,617 
[3000/3136]| Loss diff_H:6.85e+00 diff_O:1.11e+00 hm_H:2.15e+00 hm_O:2.03e+00 vert:2.38e-01 joint:2.57e-01 mano_pose:3.17e-02 mano_shape:3.60e-03 force:8.96e-02 gravity:5.24e-02 torque:2.58e-02 supervised:6.99e-02 CoM:2.54e-02 total:1.29e+01
2024-07-14 16:28:43,838 
Evaluation on subtest dataset: 7877
2024-07-14 16:33:19,021 
Hand Evaluation: 7936 samples
2024-07-14 16:33:19,035 
regression: 
         MJE PA_MJE MJE_0 MJE_1 MJE_2  MJE_3  MJE_4 MJE_5  MJE_6  MJE_7  MJE_8 MJE_9 MJE_10 MJE_11 MJE_12 MJE_13 MJE_14 MJE_15 MJE_16 MJE_17 MJE_18 MJE_19 MJE_20
right  11.56   5.32  0.00  4.29  7.55  10.24  14.43  8.84  11.49  13.34  16.24  9.13  12.07  14.07  17.71   8.54  11.45  14.01  18.32   8.57  11.00  13.47  18.08
left   12.01   5.13  0.00  4.66  8.05  10.89  15.26  9.32  12.19  14.05  17.49  9.63  12.46  14.18  18.19   9.00  11.82  14.06  17.92   9.10  11.69  14.03  18.18
both   11.78   5.23  0.00  4.47  7.80  10.56  14.84  9.08  11.84  13.69  16.85  9.38  12.26  14.12  17.95   8.77  11.63  14.03  18.12   8.83  11.34  13.75  18.13
2024-07-14 16:33:19,046 
one_candidate: 
         MJE PA_MJE MJE_0 MJE_1  MJE_2  MJE_3  MJE_4  MJE_5  MJE_6  MJE_7  MJE_8  MJE_9 MJE_10 MJE_11 MJE_12 MJE_13 MJE_14 MJE_15 MJE_16 MJE_17 MJE_18 MJE_19 MJE_20
right  16.40   6.72  0.00  6.01  10.82  14.94  21.20  12.68  16.86  19.47  23.47  13.18  17.56  20.23  24.95  12.31  16.38  19.59  24.91  12.24  15.43  18.40  23.85
left   16.81   6.54  0.00  6.31  11.27  15.43  21.73  12.94  17.24  19.90  24.30  13.47  17.68  20.32  25.44  12.63  16.59  19.81  24.92  12.70  16.25  19.36  24.65
both   16.60   6.63  0.00  6.16  11.04  15.18  21.46  12.81  17.05  19.68  23.88  13.32  17.62  20.27  25.19  12.47  16.48  19.70  24.91  12.47  15.84  18.88  24.24
2024-07-14 16:33:19,057 
mean_candidate_mano: 
         MJE PA_MJE MJE_0 MJE_1 MJE_2 MJE_3  MJE_4 MJE_5  MJE_6  MJE_7  MJE_8 MJE_9 MJE_10 MJE_11 MJE_12 MJE_13 MJE_14 MJE_15 MJE_16 MJE_17 MJE_18 MJE_19 MJE_20
right  10.14   5.22  0.00  3.99  6.78  8.94  12.36  7.73   9.58  11.00  13.46  7.99  10.32  12.07  15.59   7.65  10.06  12.44  16.57   7.92  10.01  12.22  16.29
left   10.40   5.06  0.00  4.23  7.12  9.40  13.03  8.00  10.16  11.61  14.51  8.34  10.59  12.16  15.22   8.02  10.21  12.17  15.82   8.37  10.56  12.61  16.35
both   10.27   5.14  0.00  4.10  6.95  9.17  12.69  7.86   9.87  11.30  13.98  8.16  10.45  12.12  15.41   7.84  10.14  12.31  16.20   8.14  10.28  12.41  16.32
2024-07-14 16:33:19,159 
Object Evaluation: 7936 samples 
Mean Pose: 
                          MCE    OCE    ADD   ADDS  ADD01d ADDS01d    REP
002_master_chef_can     58.16  20.77  42.04  10.92  31.25%  92.67%  20.11
003_cracker_box         31.52  26.54  29.16  14.13  64.13%  92.14%   8.54
004_sugar_box           38.63  26.52  32.89  14.77  50.25%  82.25%  10.49
005_tomato_soup_can     41.81  24.00  33.38  12.62  20.49%  72.44%  13.78
006_mustard_bottle      29.50  18.05  23.29   9.70  65.97%  94.03%   9.25
007_tuna_fish_can       51.53  21.63  36.05  11.72  16.58%  74.74%  17.07
008_pudding_box         42.69  29.62  36.89  18.14  50.85%  84.43%  14.92
009_gelatin_box         34.68  25.01  30.16  13.95  34.68%  76.96%  10.03
010_potted_meat_can     39.45  22.16  31.74  11.97  31.14%  78.10%  13.43
011_banana              56.73  24.71  37.69  15.44  39.75%  78.00%  14.72
019_pitcher_base        54.79  36.05  43.83  19.52  53.52%  89.20%  17.83
021_bleach_cleanser     46.11  25.59  35.06  14.06  58.97%  89.23%  14.19
024_bowl               117.43  20.97  66.19  12.15  20.79%  91.05%  37.11
025_mug                 44.61  20.33  30.36   9.83  35.05%  89.95%  12.95
035_power_drill         44.74  32.89  37.10  17.56  53.93%  83.51%  11.70
036_wood_block         132.32  29.76  94.76  17.62   7.40%  82.19%  53.79
037_scissors            67.53  31.67  43.59  21.61  23.69%  63.59%  15.65
040_large_marker        38.62  22.63  29.63  15.89  10.13%  54.29%  11.24
052_extra_large_clamp  110.44  27.72  57.25  18.12  23.92%  80.15%  27.32
061_foam_brick          59.49  21.74  44.37  12.08  11.08%  73.35%  21.80
average_instance        56.59  25.39  40.52  14.57  35.33%  81.20%  17.62
2024-07-14 16:33:19,701 
Epoch: 35/100 | Learning Rate: 4.792e-05
2024-07-14 16:33:28,049 
[0000/3136]| Loss diff_H:6.56e+00 diff_O:1.29e+00 hm_H:2.38e+00 hm_O:2.03e+00 vert:1.76e-01 joint:1.95e-01 mano_pose:4.07e-02 mano_shape:7.47e-03 force:6.16e-02 gravity:3.38e-02 torque:2.22e-02 supervised:5.57e-02 CoM:1.73e-02 total:1.29e+01
2024-07-14 16:37:34,102 
[0500/3136]| Loss diff_H:6.63e+00 diff_O:1.14e+00 hm_H:2.37e+00 hm_O:1.95e+00 vert:1.81e-01 joint:1.97e-01 mano_pose:3.14e-02 mano_shape:4.31e-03 force:5.94e-02 gravity:3.76e-02 torque:3.41e-02 supervised:5.44e-02 CoM:1.95e-02 total:1.27e+01
2024-07-14 16:41:51,421 
[1000/3136]| Loss diff_H:7.12e+00 diff_O:1.12e+00 hm_H:2.37e+00 hm_O:1.94e+00 vert:1.77e-01 joint:1.93e-01 mano_pose:2.98e-02 mano_shape:1.50e-02 force:9.92e-02 gravity:6.02e-02 torque:3.28e-02 supervised:6.53e-02 CoM:1.94e-02 total:1.32e+01
2024-07-14 16:46:02,839 
[1500/3136]| Loss diff_H:5.93e+00 diff_O:1.26e+00 hm_H:2.23e+00 hm_O:1.90e+00 vert:2.28e-01 joint:2.49e-01 mano_pose:2.94e-02 mano_shape:3.08e-03 force:7.58e-02 gravity:4.01e-02 torque:3.38e-02 supervised:7.24e-02 CoM:1.87e-02 total:1.21e+01
2024-07-14 16:50:10,026 
[2000/3136]| Loss diff_H:7.05e+00 diff_O:1.23e+00 hm_H:2.22e+00 hm_O:2.02e+00 vert:1.92e-01 joint:2.08e-01 mano_pose:3.53e-02 mano_shape:2.96e-03 force:1.20e-01 gravity:7.17e-02 torque:4.29e-02 supervised:7.59e-02 CoM:2.02e-02 total:1.33e+01
2024-07-14 16:54:17,170 
[2500/3136]| Loss diff_H:6.76e+00 diff_O:1.17e+00 hm_H:2.17e+00 hm_O:1.95e+00 vert:1.35e-01 joint:1.46e-01 mano_pose:2.68e-02 mano_shape:5.43e-03 force:7.58e-02 gravity:4.85e-02 torque:4.19e-02 supervised:7.81e-02 CoM:1.86e-02 total:1.26e+01
2024-07-14 16:58:27,177 
[3000/3136]| Loss diff_H:6.79e+00 diff_O:1.13e+00 hm_H:2.29e+00 hm_O:2.03e+00 vert:2.15e-01 joint:2.30e-01 mano_pose:2.66e-02 mano_shape:6.58e-03 force:6.91e-02 gravity:3.42e-02 torque:3.20e-02 supervised:7.79e-02 CoM:1.62e-02 total:1.30e+01
2024-07-14 16:59:33,712 
Evaluation on subtest dataset: 7877
2024-07-14 17:03:49,683 
Hand Evaluation: 7936 samples
2024-07-14 17:03:49,695 
regression: 
         MJE PA_MJE MJE_0 MJE_1 MJE_2  MJE_3  MJE_4 MJE_5  MJE_6  MJE_7  MJE_8 MJE_9 MJE_10 MJE_11 MJE_12 MJE_13 MJE_14 MJE_15 MJE_16 MJE_17 MJE_18 MJE_19 MJE_20
right  11.67   5.29  0.00  4.33  7.64  10.33  14.41  8.96  11.67  13.49  16.35  9.27  12.29  14.24  17.78   8.66  11.63  14.12  18.33   8.67  11.15  13.61  18.17
left   12.19   5.15  0.00  4.72  8.13  10.94  15.32  9.51  12.46  14.28  17.72  9.92  12.83  14.52  18.15   9.29  12.10  14.27  18.04   9.41  11.93  14.25  18.31
both   11.93   5.22  0.00  4.52  7.88  10.63  14.86  9.23  12.06  13.88  17.03  9.59  12.55  14.38  17.96   8.97  11.86  14.19  18.19   9.04  11.54  13.93  18.24
2024-07-14 17:03:49,706 
one_candidate: 
         MJE PA_MJE MJE_0 MJE_1  MJE_2  MJE_3  MJE_4  MJE_5  MJE_6  MJE_7  MJE_8  MJE_9 MJE_10 MJE_11 MJE_12 MJE_13 MJE_14 MJE_15 MJE_16 MJE_17 MJE_18 MJE_19 MJE_20
right  16.35   6.74  0.00  6.02  10.83  14.91  21.24  12.54  16.72  19.43  23.64  12.99  17.21  20.09  25.02  12.10  16.20  19.58  25.00  12.04  15.35  18.46  24.04
left   16.54   6.53  0.00  6.25  11.05  15.13  21.56  12.76  16.95  19.55  23.87  13.31  17.38  19.86  24.86  12.51  16.38  19.48  24.47  12.61  16.02  19.05  24.18
both   16.44   6.64  0.00  6.13  10.94  15.02  21.39  12.65  16.84  19.49  23.75  13.15  17.29  19.98  24.94  12.30  16.29  19.53  24.74  12.32  15.68  18.75  24.11
2024-07-14 17:03:49,716 
mean_candidate_mano: 
         MJE PA_MJE MJE_0 MJE_1 MJE_2 MJE_3  MJE_4 MJE_5  MJE_6  MJE_7  MJE_8 MJE_9 MJE_10 MJE_11 MJE_12 MJE_13 MJE_14 MJE_15 MJE_16 MJE_17 MJE_18 MJE_19 MJE_20
right  10.11   5.21  0.00  3.97  6.76  8.93  12.35  7.68   9.54  10.96  13.46  7.91  10.30  12.04  15.54   7.55  10.04  12.45  16.60   7.79   9.89  12.13  16.29
left   10.48   5.07  0.00  4.26  7.23  9.55  13.28  8.00  10.18  11.62  14.50  8.40  10.68  12.19  15.16   8.10  10.30  12.34  16.01   8.48  10.63  12.69  16.46
both   10.29   5.14  0.00  4.11  6.99  9.24  12.81  7.84   9.86  11.28  13.97  8.15  10.48  12.12  15.35   7.83  10.17  12.40  16.31   8.13  10.26  12.41  16.37
2024-07-14 17:03:49,815 
Object Evaluation: 7936 samples 
Mean Pose: 
                          MCE    OCE    ADD   ADDS  ADD01d ADDS01d    REP
002_master_chef_can     59.89  20.76  43.04  10.85  29.96%  93.32%  20.68
003_cracker_box         30.27  26.27  28.39  14.03  62.65%  92.63%   7.89
004_sugar_box           39.30  26.39  33.29  14.76  49.75%  82.50%  10.54
005_tomato_soup_can     42.34  22.94  33.29  12.07  22.44%  76.59%  13.93
006_mustard_bottle      29.66  19.72  24.24  10.65  64.68%  92.73%   8.79
007_tuna_fish_can       52.55  23.91  37.58  13.19  15.56%  71.43%  17.00
008_pudding_box         41.53  28.20  35.54  17.03  49.64%  85.40%  13.94
009_gelatin_box         34.50  25.13  30.14  13.81  34.43%  74.43%   9.49
010_potted_meat_can     38.32  21.99  31.06  11.85  27.74%  82.00%  13.18
011_banana              56.30  24.21  37.38  15.47  43.25%  79.00%  14.71
019_pitcher_base        55.01  36.10  43.84  19.49  53.27%  89.45%  18.41
021_bleach_cleanser     46.50  25.76  35.51  14.34  57.44%  89.23%  14.69
024_bowl               118.78  21.48  67.01  12.42  22.11%  89.47%  37.31
025_mug                 43.35  19.61  29.54   9.63  33.51%  92.53%  12.75
035_power_drill         44.13  32.32  36.54  17.13  50.79%  85.86%  12.02
036_wood_block         132.06  28.86  94.56  17.55   8.49%  84.66%  53.95
037_scissors            67.72  32.72  43.57  21.71  25.19%  64.84%  15.87
040_large_marker        39.41  22.15  29.84  15.90   9.35%  56.88%  11.77
052_extra_large_clamp  116.58  27.87  59.48  17.89  22.39%  81.68%  29.30
061_foam_brick          60.84  21.88  45.27  12.23  12.40%  72.30%  22.41
average_instance        57.01  25.38  40.70  14.57  34.89%  81.94%  17.76
2024-07-14 17:03:50,292 
Epoch: 36/100 | Learning Rate: 4.600e-05
2024-07-14 17:03:57,322 
[0000/3136]| Loss diff_H:6.30e+00 diff_O:1.11e+00 hm_H:2.37e+00 hm_O:1.96e+00 vert:1.18e-01 joint:1.27e-01 mano_pose:2.52e-02 mano_shape:2.52e-03 force:5.89e-02 gravity:3.15e-02 torque:2.90e-02 supervised:5.14e-02 CoM:2.81e-02 total:1.22e+01
2024-07-14 17:08:03,187 
[0500/3136]| Loss diff_H:6.90e+00 diff_O:1.24e+00 hm_H:2.49e+00 hm_O:1.95e+00 vert:1.78e-01 joint:1.94e-01 mano_pose:3.91e-02 mano_shape:2.98e-03 force:8.92e-02 gravity:4.87e-02 torque:4.02e-02 supervised:8.40e-02 CoM:2.60e-02 total:1.33e+01
2024-07-14 17:12:13,635 
[1000/3136]| Loss diff_H:7.50e+00 diff_O:1.26e+00 hm_H:2.35e+00 hm_O:2.06e+00 vert:1.78e-01 joint:1.94e-01 mano_pose:3.52e-02 mano_shape:4.58e-03 force:9.19e-02 gravity:3.83e-02 torque:3.59e-02 supervised:7.37e-02 CoM:2.34e-02 total:1.38e+01
2024-07-14 17:16:24,704 
[1500/3136]| Loss diff_H:6.63e+00 diff_O:1.05e+00 hm_H:2.15e+00 hm_O:1.85e+00 vert:1.24e-01 joint:1.33e-01 mano_pose:2.17e-02 mano_shape:5.28e-03 force:7.44e-02 gravity:4.62e-02 torque:3.63e-02 supervised:5.52e-02 CoM:1.59e-02 total:1.22e+01
2024-07-14 17:20:38,855 
[2000/3136]| Loss diff_H:6.40e+00 diff_O:1.13e+00 hm_H:2.24e+00 hm_O:1.91e+00 vert:1.87e-01 joint:2.02e-01 mano_pose:2.46e-02 mano_shape:3.53e-03 force:1.04e-01 gravity:5.73e-02 torque:2.87e-02 supervised:9.95e-02 CoM:1.91e-02 total:1.24e+01
2024-07-14 17:24:52,821 
[2500/3136]| Loss diff_H:6.65e+00 diff_O:1.08e+00 hm_H:2.33e+00 hm_O:2.07e+00 vert:1.82e-01 joint:1.94e-01 mano_pose:3.10e-02 mano_shape:7.24e-03 force:7.05e-02 gravity:3.93e-02 torque:2.43e-02 supervised:6.77e-02 CoM:1.20e-02 total:1.28e+01
2024-07-14 17:29:12,115 
[3000/3136]| Loss diff_H:6.83e+00 diff_O:1.10e+00 hm_H:2.07e+00 hm_O:2.03e+00 vert:1.32e-01 joint:1.44e-01 mano_pose:2.61e-02 mano_shape:3.41e-03 force:1.15e-01 gravity:7.15e-02 torque:3.06e-02 supervised:8.55e-02 CoM:1.28e-02 total:1.27e+01
2024-07-14 17:30:24,176 
Evaluation on subtest dataset: 7877
2024-07-14 17:36:19,475 
Hand Evaluation: 7936 samples
2024-07-14 17:36:19,492 
regression: 
         MJE PA_MJE MJE_0 MJE_1 MJE_2  MJE_3  MJE_4 MJE_5  MJE_6  MJE_7  MJE_8 MJE_9 MJE_10 MJE_11 MJE_12 MJE_13 MJE_14 MJE_15 MJE_16 MJE_17 MJE_18 MJE_19 MJE_20
right  11.66   5.31  0.00  4.37  7.63  10.33  14.46  8.94  11.58  13.41  16.29  9.21  12.19  14.21  17.92   8.61  11.59  14.16  18.46   8.65  11.11  13.60  18.17
left   12.12   5.16  0.00  4.71  8.13  10.99  15.38  9.34  12.26  14.15  17.71  9.66  12.55  14.33  18.40   9.06  11.92  14.17  18.03   9.21  11.84  14.22  18.38
both   11.89   5.24  0.00  4.54  7.88  10.66  14.91  9.14  11.91  13.78  16.99  9.43  12.36  14.27  18.16   8.83  11.76  14.16  18.25   8.93  11.47  13.91  18.28
2024-07-14 17:36:19,504 
one_candidate: 
         MJE PA_MJE MJE_0 MJE_1  MJE_2  MJE_3  MJE_4  MJE_5  MJE_6  MJE_7  MJE_8  MJE_9 MJE_10 MJE_11 MJE_12 MJE_13 MJE_14 MJE_15 MJE_16 MJE_17 MJE_18 MJE_19 MJE_20
right  16.06   6.74  0.00  5.97  10.65  14.74  20.98  12.34  16.37  19.02  23.09  12.76  16.92  19.66  24.55  11.95  15.83  19.09  24.51  12.00  15.13  18.12  23.60
left   16.48   6.57  0.00  6.18  11.03  15.15  21.51  12.67  16.86  19.47  23.87  13.21  17.25  19.83  25.30  12.38  16.26  19.40  24.39  12.43  15.84  18.93  24.20
both   16.27   6.66  0.00  6.08  10.84  14.94  21.24  12.50  16.61  19.24  23.48  12.98  17.08  19.75  24.92  12.16  16.04  19.24  24.45  12.22  15.48  18.52  23.89
2024-07-14 17:36:19,515 
mean_candidate_mano: 
         MJE PA_MJE MJE_0 MJE_1 MJE_2 MJE_3  MJE_4 MJE_5  MJE_6  MJE_7  MJE_8 MJE_9 MJE_10 MJE_11 MJE_12 MJE_13 MJE_14 MJE_15 MJE_16 MJE_17 MJE_18 MJE_19 MJE_20
right  10.05   5.20  0.00  3.97  6.78  8.97  12.35  7.67   9.47  10.84  13.31  7.88  10.26  11.99  15.54   7.50   9.95  12.36  16.51   7.74   9.84  12.05  16.12
left   10.36   5.05  0.00  4.19  7.08  9.36  13.05  7.88  10.07  11.52  14.50  8.25  10.50  12.06  15.20   7.95  10.17  12.20  15.88   8.31  10.50  12.59  16.36
both   10.21   5.12  0.00  4.08  6.93  9.16  12.70  7.78   9.77  11.17  13.89  8.06  10.37  12.02  15.37   7.72  10.06  12.28  16.20   8.02  10.16  12.32  16.24
2024-07-14 17:36:19,638 
Object Evaluation: 7936 samples 
Mean Pose: 
                          MCE    OCE    ADD   ADDS  ADD01d ADDS01d    REP
002_master_chef_can     59.06  21.68  42.86  11.35  32.97%  90.73%  20.49
003_cracker_box         31.62  26.50  29.29  14.15  63.14%  92.38%   8.61
004_sugar_box           39.50  26.52  33.51  14.77  49.00%  83.25%  10.79
005_tomato_soup_can     42.54  23.37  33.54  12.19  18.54%  73.17%  14.27
006_mustard_bottle      29.63  19.42  24.01  10.27  66.23%  93.51%   8.68
007_tuna_fish_can       51.00  22.05  36.08  11.95  17.35%  74.49%  16.64
008_pudding_box         41.80  29.27  36.01  17.72  50.85%  83.94%  14.75
009_gelatin_box         34.06  24.11  29.41  13.51  38.48%  77.22%  10.08
010_potted_meat_can     37.69  21.22  30.38  11.51  34.79%  81.27%  13.03
011_banana              54.98  23.61  36.34  14.81  47.25%  80.25%  14.68
019_pitcher_base        54.42  35.93  43.38  19.49  54.52%  91.46%  18.24
021_bleach_cleanser     46.38  26.55  35.81  15.05  56.92%  88.97%  14.46
024_bowl               117.25  21.16  66.16  12.19  21.58%  89.47%  37.18
025_mug                 44.42  20.77  30.52   9.98  31.44%  90.46%  13.11
035_power_drill         43.32  31.87  35.91  17.15  54.19%  84.82%  11.96
036_wood_block         134.95  29.21  96.10  17.93   5.75%  82.47%  54.54
037_scissors            67.20  32.43  43.09  21.19  28.18%  67.83%  15.87
040_large_marker        38.82  22.27  29.57  15.48   9.61%  60.26%  11.49
052_extra_large_clamp  111.41  28.29  57.82  17.78  24.68%  83.46%  28.25
061_foam_brick          62.42  21.98  46.27  12.36  10.03%  72.82%  22.90
average_instance        56.67  25.39  40.54  14.52  35.96%  82.18%  17.83
2024-07-14 17:36:20,235 
Epoch: 37/100 | Learning Rate: 4.416e-05
2024-07-14 17:36:29,278 
[0000/3136]| Loss diff_H:6.34e+00 diff_O:1.15e+00 hm_H:2.10e+00 hm_O:1.94e+00 vert:1.15e-01 joint:1.24e-01 mano_pose:2.35e-02 mano_shape:5.23e-03 force:8.44e-02 gravity:4.74e-02 torque:2.75e-02 supervised:8.42e-02 CoM:1.57e-02 total:1.21e+01
2024-07-14 17:40:40,818 
[0500/3136]| Loss diff_H:6.39e+00 diff_O:1.13e+00 hm_H:2.33e+00 hm_O:1.93e+00 vert:1.57e-01 joint:1.68e-01 mano_pose:2.15e-02 mano_shape:3.21e-03 force:1.24e-01 gravity:8.63e-02 torque:3.65e-02 supervised:6.73e-02 CoM:1.93e-02 total:1.25e+01
2024-07-14 17:44:52,259 
[1000/3136]| Loss diff_H:6.61e+00 diff_O:1.17e+00 hm_H:2.25e+00 hm_O:1.87e+00 vert:1.56e-01 joint:1.67e-01 mano_pose:3.09e-02 mano_shape:4.21e-03 force:5.34e-02 gravity:3.21e-02 torque:4.31e-02 supervised:6.73e-02 CoM:1.99e-02 total:1.25e+01
2024-07-14 17:49:04,462 
[1500/3136]| Loss diff_H:6.15e+00 diff_O:1.10e+00 hm_H:2.25e+00 hm_O:1.95e+00 vert:1.14e-01 joint:1.22e-01 mano_pose:2.41e-02 mano_shape:2.61e-03 force:5.00e-02 gravity:2.76e-02 torque:2.61e-02 supervised:5.33e-02 CoM:2.21e-02 total:1.19e+01
2024-07-14 17:53:19,482 
[2000/3136]| Loss diff_H:7.06e+00 diff_O:1.18e+00 hm_H:2.28e+00 hm_O:1.94e+00 vert:1.78e-01 joint:1.90e-01 mano_pose:2.46e-02 mano_shape:2.92e-03 force:1.03e-01 gravity:5.94e-02 torque:2.93e-02 supervised:9.48e-02 CoM:2.16e-02 total:1.32e+01
2024-07-14 17:57:29,961 
[2500/3136]| Loss diff_H:5.89e+00 diff_O:1.14e+00 hm_H:2.12e+00 hm_O:2.00e+00 vert:1.43e-01 joint:1.55e-01 mano_pose:3.06e-02 mano_shape:2.98e-03 force:8.51e-02 gravity:4.87e-02 torque:3.37e-02 supervised:9.21e-02 CoM:2.80e-02 total:1.18e+01
2024-07-14 18:01:47,832 
[3000/3136]| Loss diff_H:7.23e+00 diff_O:1.19e+00 hm_H:2.51e+00 hm_O:1.91e+00 vert:1.56e-01 joint:1.69e-01 mano_pose:3.68e-02 mano_shape:3.40e-03 force:4.66e-02 gravity:2.77e-02 torque:3.99e-02 supervised:5.94e-02 CoM:1.94e-02 total:1.34e+01
2024-07-14 18:02:59,881 
Evaluation on subtest dataset: 7877
2024-07-14 18:08:39,558 
Hand Evaluation: 7936 samples
2024-07-14 18:08:39,571 
regression: 
         MJE PA_MJE MJE_0 MJE_1 MJE_2  MJE_3  MJE_4 MJE_5  MJE_6  MJE_7  MJE_8 MJE_9 MJE_10 MJE_11 MJE_12 MJE_13 MJE_14 MJE_15 MJE_16 MJE_17 MJE_18 MJE_19 MJE_20
right  11.66   5.34  0.00  4.34  7.63  10.33  14.40  8.92  11.55  13.35  16.29  9.21  12.17  14.13  17.81   8.63  11.60  14.12  18.51   8.67  11.16  13.65  18.37
left   12.15   5.18  0.00  4.73  8.13  10.97  15.35  9.40  12.29  14.19  17.72  9.75  12.59  14.34  18.39   9.15  11.95  14.18  18.04   9.29  11.89  14.28  18.51
both   11.90   5.26  0.00  4.53  7.88  10.65  14.87  9.16  11.92  13.76  16.99  9.48  12.38  14.24  18.10   8.88  11.77  14.15  18.28   8.98  11.52  13.96  18.44
2024-07-14 18:08:39,583 
one_candidate: 
         MJE PA_MJE MJE_0 MJE_1  MJE_2  MJE_3  MJE_4  MJE_5  MJE_6  MJE_7  MJE_8  MJE_9 MJE_10 MJE_11 MJE_12 MJE_13 MJE_14 MJE_15 MJE_16 MJE_17 MJE_18 MJE_19 MJE_20
right  16.05   6.69  0.00  5.96  10.69  14.66  20.56  12.32  16.30  18.88  22.93  12.69  16.90  19.71  24.58  11.82  15.90  19.25  24.65  11.79  15.12  18.32  23.94
left   16.47   6.52  0.00  6.30  11.13  15.21  21.40  12.76  16.92  19.45  23.80  13.21  17.26  19.73  24.77  12.36  16.25  19.33  24.30  12.47  15.91  19.04  24.31
both   16.26   6.61  0.00  6.13  10.91  14.93  20.98  12.54  16.60  19.16  23.36  12.95  17.08  19.72  24.67  12.09  16.07  19.29  24.48  12.12  15.51  18.67  24.12
2024-07-14 18:08:39,595 
mean_candidate_mano: 
         MJE PA_MJE MJE_0 MJE_1 MJE_2 MJE_3  MJE_4 MJE_5  MJE_6  MJE_7  MJE_8 MJE_9 MJE_10 MJE_11 MJE_12 MJE_13 MJE_14 MJE_15 MJE_16 MJE_17 MJE_18 MJE_19 MJE_20
right  10.13   5.23  0.00  3.97  6.83  8.99  12.28  7.69   9.51  10.86  13.32  7.94  10.32  12.05  15.54   7.60  10.09  12.50  16.71   7.86   9.99  12.25  16.44
left   10.38   5.05  0.00  4.24  7.13  9.40  13.03  7.93  10.09  11.51  14.42  8.32  10.53  12.03  15.09   8.03  10.23  12.19  15.80   8.39  10.59  12.68  16.46
both   10.26   5.14  0.00  4.10  6.98  9.19  12.65  7.81   9.80  11.18  13.86  8.12  10.42  12.04  15.32   7.81  10.16  12.35  16.26   8.12  10.29  12.46  16.45
2024-07-14 18:08:39,706 
Object Evaluation: 7936 samples 
Mean Pose: 
                          MCE    OCE    ADD   ADDS  ADD01d ADDS01d    REP
002_master_chef_can     57.52  20.83  41.63  10.96  34.05%  92.46%  19.93
003_cracker_box         31.01  26.35  28.76  13.92  61.67%  91.15%   8.10
004_sugar_box           39.13  25.49  32.95  14.52  50.50%  85.50%  10.97
005_tomato_soup_can     42.76  23.11  33.69  12.14  19.51%  76.83%  13.77
006_mustard_bottle      28.82  18.37  23.15   9.81  67.53%  93.25%   8.70
007_tuna_fish_can       49.13  21.29  34.62  11.54  19.90%  75.77%  16.28
008_pudding_box         41.29  29.28  35.76  17.63  49.39%  84.67%  13.97
009_gelatin_box         34.07  24.77  29.71  13.65  37.72%  74.94%   9.45
010_potted_meat_can     39.37  21.61  31.45  11.57  33.09%  79.56%  13.84
011_banana              54.11  23.75  36.03  15.03  46.00%  78.75%  13.96
019_pitcher_base        52.06  35.54  42.31  19.16  57.04%  90.95%  17.64
021_bleach_cleanser     46.24  26.07  35.69  14.85  58.97%  89.23%  14.92
024_bowl               118.21  21.23  66.90  12.18  20.00%  89.47%  36.78
025_mug                 45.92  20.68  31.04   9.99  36.34%  90.21%  13.16
035_power_drill         43.19  31.56  35.63  16.90  55.76%  84.55%  11.85
036_wood_block         133.02  28.39  94.79  17.13   7.12%  83.01%  54.67
037_scissors            66.29  32.04  42.95  21.40  28.93%  67.58%  16.27
040_large_marker        39.70  22.78  30.31  16.34   8.57%  57.14%  11.54
052_extra_large_clamp  112.88  27.49  57.97  17.40  22.65%  81.93%  28.19
061_foam_brick          60.06  21.49  44.66  11.86  10.82%  71.50%  22.18
average_instance        56.28  25.08  40.24  14.37  36.45%  82.02%  17.63
2024-07-14 18:08:40,273 
Epoch: 38/100 | Learning Rate: 4.240e-05
2024-07-14 18:08:49,438 
[0000/3136]| Loss diff_H:7.26e+00 diff_O:1.24e+00 hm_H:2.37e+00 hm_O:2.09e+00 vert:2.38e-01 joint:2.55e-01 mano_pose:3.81e-02 mano_shape:2.62e-03 force:6.13e-02 gravity:3.20e-02 torque:3.98e-02 supervised:5.66e-02 CoM:2.03e-02 total:1.37e+01
2024-07-14 18:12:55,627 
[0500/3136]| Loss diff_H:6.49e+00 diff_O:1.18e+00 hm_H:2.26e+00 hm_O:1.95e+00 vert:1.96e-01 joint:2.11e-01 mano_pose:2.33e-02 mano_shape:4.47e-03 force:5.99e-02 gravity:5.18e-02 torque:2.70e-02 supervised:6.99e-02 CoM:3.34e-02 total:1.26e+01
2024-07-14 18:17:04,747 
[1000/3136]| Loss diff_H:6.22e+00 diff_O:1.12e+00 hm_H:2.07e+00 hm_O:1.89e+00 vert:1.21e-01 joint:1.31e-01 mano_pose:1.59e-02 mano_shape:3.90e-03 force:7.77e-02 gravity:4.64e-02 torque:3.56e-02 supervised:8.80e-02 CoM:1.13e-02 total:1.18e+01
2024-07-14 18:21:14,480 
[1500/3136]| Loss diff_H:7.18e+00 diff_O:1.17e+00 hm_H:2.31e+00 hm_O:2.01e+00 vert:1.73e-01 joint:1.87e-01 mano_pose:2.89e-02 mano_shape:2.83e-03 force:9.47e-02 gravity:6.90e-02 torque:3.23e-02 supervised:7.28e-02 CoM:1.78e-02 total:1.33e+01
2024-07-14 18:25:30,438 
[2000/3136]| Loss diff_H:6.28e+00 diff_O:1.21e+00 hm_H:2.41e+00 hm_O:2.07e+00 vert:1.48e-01 joint:1.59e-01 mano_pose:2.99e-02 mano_shape:3.90e-03 force:4.89e-02 gravity:3.26e-02 torque:3.19e-02 supervised:6.05e-02 CoM:2.17e-02 total:1.25e+01
2024-07-14 18:29:57,303 
[2500/3136]| Loss diff_H:6.58e+00 diff_O:1.08e+00 hm_H:2.31e+00 hm_O:2.00e+00 vert:1.90e-01 joint:2.04e-01 mano_pose:2.47e-02 mano_shape:3.62e-03 force:6.28e-02 gravity:3.17e-02 torque:2.98e-02 supervised:6.41e-02 CoM:2.74e-02 total:1.26e+01
2024-07-14 18:34:07,360 
[3000/3136]| Loss diff_H:6.92e+00 diff_O:1.20e+00 hm_H:2.33e+00 hm_O:2.01e+00 vert:1.51e-01 joint:1.64e-01 mano_pose:2.68e-02 mano_shape:3.60e-03 force:9.24e-02 gravity:6.23e-02 torque:2.40e-02 supervised:6.29e-02 CoM:1.70e-02 total:1.31e+01
2024-07-14 18:35:14,393 
Evaluation on subtest dataset: 7877
2024-07-14 18:40:53,179 
Hand Evaluation: 7936 samples
2024-07-14 18:40:53,194 
regression: 
         MJE PA_MJE MJE_0 MJE_1 MJE_2  MJE_3  MJE_4 MJE_5  MJE_6  MJE_7  MJE_8 MJE_9 MJE_10 MJE_11 MJE_12 MJE_13 MJE_14 MJE_15 MJE_16 MJE_17 MJE_18 MJE_19 MJE_20
right  11.75   5.29  0.00  4.35  7.67  10.35  14.42  9.02  11.73  13.54  16.41  9.34  12.40  14.39  18.01   8.75  11.74  14.25  18.50   8.76  11.23  13.68  18.25
left   12.17   5.14  0.00  4.74  8.19  11.05  15.44  9.40  12.38  14.26  17.75  9.77  12.74  14.47  18.16   9.18  11.97  14.19  18.00   9.29  11.89  14.24  18.38
both   11.96   5.22  0.00  4.54  7.93  10.69  14.92  9.21  12.05  13.89  17.07  9.56  12.57  14.43  18.08   8.96  11.86  14.22  18.25   9.02  11.55  13.96  18.31
2024-07-14 18:40:53,206 
one_candidate: 
         MJE PA_MJE MJE_0 MJE_1  MJE_2  MJE_3  MJE_4  MJE_5  MJE_6  MJE_7  MJE_8  MJE_9 MJE_10 MJE_11 MJE_12 MJE_13 MJE_14 MJE_15 MJE_16 MJE_17 MJE_18 MJE_19 MJE_20
right  15.86   6.65  0.00  5.84  10.56  14.50  20.32  12.23  16.17  18.72  22.61  12.63  16.87  19.62  24.51  11.74  15.71  18.98  24.36  11.68  14.82  17.86  23.40
left   16.13   6.40  0.00  6.06  10.80  14.83  21.07  12.45  16.55  19.05  23.34  13.05  16.98  19.28  24.16  12.27  15.97  18.76  23.51  12.36  15.76  18.73  23.78
both   16.00   6.53  0.00  5.95  10.68  14.66  20.69  12.34  16.36  18.88  22.97  12.84  16.93  19.45  24.34  12.00  15.84  18.87  23.94  12.02  15.28  18.29  23.59
2024-07-14 18:40:53,220 
mean_candidate_mano: 
         MJE PA_MJE MJE_0 MJE_1 MJE_2 MJE_3  MJE_4 MJE_5  MJE_6  MJE_7  MJE_8 MJE_9 MJE_10 MJE_11 MJE_12 MJE_13 MJE_14 MJE_15 MJE_16 MJE_17 MJE_18 MJE_19 MJE_20
right  10.07   5.18  0.00  3.98  6.79  8.96  12.24  7.67   9.48  10.81  13.26  7.91  10.28  12.00  15.55   7.58   9.99  12.37  16.51   7.84   9.92  12.10  16.18
left   10.39   5.02  0.00  4.22  7.12  9.39  13.00  7.96  10.14  11.55  14.46  8.35  10.62  12.11  15.07   8.05  10.21  12.17  15.81   8.40  10.56  12.62  16.34
both   10.23   5.10  0.00  4.10  6.96  9.17  12.61  7.81   9.81  11.17  13.85  8.13  10.45  12.06  15.31   7.81  10.10  12.27  16.17   8.12  10.24  12.36  16.26
2024-07-14 18:40:53,341 
Object Evaluation: 7936 samples 
Mean Pose: 
                          MCE    OCE    ADD   ADDS  ADD01d ADDS01d    REP
002_master_chef_can     61.18  21.06  43.95  11.03  29.74%  92.46%  21.36
003_cracker_box         29.05  25.24  27.17  13.62  65.60%  92.87%   8.12
004_sugar_box           39.42  26.20  33.27  14.74  49.00%  84.50%  10.92
005_tomato_soup_can     43.12  24.18  34.33  12.70  18.78%  72.93%  13.97
006_mustard_bottle      29.24  19.63  24.07  10.56  63.90%  93.77%   8.84
007_tuna_fish_can       51.60  22.30  36.34  11.88  17.35%  72.96%  16.55
008_pudding_box         41.72  29.49  36.17  17.91  48.91%  83.94%  14.74
009_gelatin_box         35.42  26.11  31.05  14.47  33.67%  73.67%  10.17
010_potted_meat_can     39.28  22.53  31.72  12.05  30.41%  79.56%  13.58
011_banana              54.77  23.02  36.03  14.55  45.50%  81.75%  14.84
019_pitcher_base        54.08  36.09  43.55  19.38  52.01%  90.20%  17.79
021_bleach_cleanser     45.44  26.22  35.40  14.57  58.46%  88.97%  14.28
024_bowl               117.52  21.69  66.63  12.34  19.21%  89.21%  37.01
025_mug                 45.38  19.45  30.19   9.49  34.54%  92.53%  13.55
035_power_drill         43.28  31.72  35.96  16.92  51.05%  84.29%  11.69
036_wood_block         133.07  28.30  94.73  16.85   5.75%  84.38%  55.14
037_scissors            66.29  31.63  42.78  21.36  29.18%  65.84%  15.94
040_large_marker        39.25  21.98  29.64  15.42   8.83%  57.14%  11.73
052_extra_large_clamp  111.38  27.58  57.40  17.39  24.94%  83.21%  28.02
061_foam_brick          59.92  22.11  44.82  12.44  11.87%  70.98%  22.32
average_instance        56.59  25.31  40.51  14.46  35.09%  81.84%  17.86
2024-07-14 18:40:53,887 
Epoch: 39/100 | Learning Rate: 4.070e-05
2024-07-14 18:41:02,124 
[0000/3136]| Loss diff_H:6.63e+00 diff_O:1.20e+00 hm_H:2.26e+00 hm_O:1.93e+00 vert:1.35e-01 joint:1.46e-01 mano_pose:2.58e-02 mano_shape:7.55e-03 force:4.59e-02 gravity:1.79e-02 torque:3.04e-02 supervised:5.34e-02 CoM:2.27e-02 total:1.25e+01
2024-07-14 18:45:09,180 
[0500/3136]| Loss diff_H:6.87e+00 diff_O:1.08e+00 hm_H:2.17e+00 hm_O:1.84e+00 vert:2.32e-01 joint:2.50e-01 mano_pose:2.81e-02 mano_shape:7.52e-03 force:8.94e-02 gravity:4.17e-02 torque:3.14e-02 supervised:7.31e-02 CoM:2.35e-02 total:1.27e+01
2024-07-14 18:49:16,825 
[1000/3136]| Loss diff_H:5.89e+00 diff_O:1.08e+00 hm_H:2.25e+00 hm_O:1.91e+00 vert:1.30e-01 joint:1.41e-01 mano_pose:2.21e-02 mano_shape:3.61e-03 force:5.25e-02 gravity:2.50e-02 torque:2.59e-02 supervised:4.81e-02 CoM:2.45e-02 total:1.16e+01
2024-07-14 18:53:36,487 
[1500/3136]| Loss diff_H:6.38e+00 diff_O:1.26e+00 hm_H:2.26e+00 hm_O:1.94e+00 vert:1.32e-01 joint:1.42e-01 mano_pose:2.51e-02 mano_shape:4.21e-03 force:1.61e-01 gravity:1.18e-01 torque:3.34e-02 supervised:9.96e-02 CoM:1.21e-02 total:1.26e+01
2024-07-14 18:57:47,575 
[2000/3136]| Loss diff_H:7.03e+00 diff_O:1.26e+00 hm_H:2.20e+00 hm_O:1.90e+00 vert:1.87e-01 joint:2.02e-01 mano_pose:2.41e-02 mano_shape:5.83e-03 force:8.61e-02 gravity:5.50e-02 torque:3.91e-02 supervised:7.80e-02 CoM:4.06e-02 total:1.31e+01
2024-07-14 19:01:55,212 
[2500/3136]| Loss diff_H:6.24e+00 diff_O:1.12e+00 hm_H:2.19e+00 hm_O:1.96e+00 vert:1.28e-01 joint:1.38e-01 mano_pose:2.14e-02 mano_shape:7.17e-03 force:1.12e-01 gravity:7.51e-02 torque:2.69e-02 supervised:7.20e-02 CoM:1.84e-02 total:1.21e+01
2024-07-14 19:06:03,470 
[3000/3136]| Loss diff_H:6.10e+00 diff_O:1.02e+00 hm_H:2.14e+00 hm_O:1.88e+00 vert:1.19e-01 joint:1.28e-01 mano_pose:1.99e-02 mano_shape:2.28e-03 force:7.11e-02 gravity:3.95e-02 torque:3.02e-02 supervised:5.34e-02 CoM:1.68e-02 total:1.16e+01
2024-07-14 19:07:09,781 
Evaluation on subtest dataset: 7877
2024-07-14 19:13:00,254 
Hand Evaluation: 7936 samples
2024-07-14 19:13:00,274 
regression: 
         MJE PA_MJE MJE_0 MJE_1 MJE_2  MJE_3  MJE_4 MJE_5  MJE_6  MJE_7  MJE_8 MJE_9 MJE_10 MJE_11 MJE_12 MJE_13 MJE_14 MJE_15 MJE_16 MJE_17 MJE_18 MJE_19 MJE_20
right  11.68   5.32  0.00  4.35  7.65  10.36  14.44  8.96  11.59  13.41  16.35  9.27  12.22  14.21  17.88   8.68  11.63  14.12  18.43   8.71  11.19  13.64  18.28
left   12.16   5.21  0.00  4.69  8.10  10.92  15.26  9.37  12.28  14.16  17.70  9.75  12.63  14.37  18.31   9.18  12.02  14.23  18.10   9.35  11.99  14.35  18.54
both   11.92   5.27  0.00  4.52  7.87  10.63  14.84  9.16  11.93  13.78  17.02  9.51  12.42  14.29  18.09   8.93  11.82  14.17  18.27   9.03  11.58  13.99  18.41
2024-07-14 19:13:00,291 
one_candidate: 
         MJE PA_MJE MJE_0 MJE_1  MJE_2  MJE_3  MJE_4  MJE_5  MJE_6  MJE_7  MJE_8  MJE_9 MJE_10 MJE_11 MJE_12 MJE_13 MJE_14 MJE_15 MJE_16 MJE_17 MJE_18 MJE_19 MJE_20
right  16.26   6.70  0.00  5.99  10.71  14.70  20.67  12.50  16.61  19.32  23.54  12.94  17.19  20.11  25.21  12.06  16.06  19.50  25.06  12.02  15.17  18.25  23.81
left   16.49   6.58  0.00  6.16  10.98  15.01  21.23  12.59  16.84  19.49  23.97  13.22  17.33  19.74  24.90  12.49  16.38  19.43  24.41  12.62  16.06  19.13  24.35
both   16.37   6.64  0.00  6.07  10.85  14.85  20.95  12.55  16.72  19.40  23.75  13.08  17.26  19.93  25.06  12.27  16.22  19.46  24.74  12.32  15.61  18.68  24.08
2024-07-14 19:13:00,308 
mean_candidate_mano: 
         MJE PA_MJE MJE_0 MJE_1 MJE_2 MJE_3  MJE_4 MJE_5  MJE_6  MJE_7  MJE_8 MJE_9 MJE_10 MJE_11 MJE_12 MJE_13 MJE_14 MJE_15 MJE_16 MJE_17 MJE_18 MJE_19 MJE_20
right  10.16   5.22  0.00  4.02  6.92  9.13  12.43  7.76   9.56  10.94  13.43  7.98  10.29  12.07  15.67   7.62  10.03  12.45  16.67   7.87   9.98  12.19  16.30
left   10.55   5.10  0.00  4.26  7.19  9.48  13.11  8.02  10.24  11.73  14.75  8.43  10.70  12.24  15.46   8.15  10.46  12.49  16.23   8.50  10.74  12.84  16.63
both   10.35   5.16  0.00  4.14  7.05  9.30  12.77  7.89   9.90  11.33  14.08  8.20  10.50  12.15  15.56   7.88  10.24  12.47  16.45   8.19  10.36  12.51  16.46
2024-07-14 19:13:00,470 
Object Evaluation: 7936 samples 
Mean Pose: 
                          MCE    OCE    ADD   ADDS  ADD01d ADDS01d    REP
002_master_chef_can     58.00  20.58  41.85  10.85  35.13%  93.10%  20.59
003_cracker_box         30.88  27.18  29.06  14.57  62.90%  91.65%   8.13
004_sugar_box           39.29  25.72  33.06  14.43  50.50%  84.25%  10.86
005_tomato_soup_can     42.45  23.06  33.61  12.05  18.29%  75.12%  13.94
006_mustard_bottle      29.51  18.86  23.80  10.24  67.01%  92.73%   9.17
007_tuna_fish_can       50.65  21.79  35.63  11.66  17.35%  75.26%  16.63
008_pudding_box         41.65  29.35  36.00  17.63  48.18%  83.94%  14.93
009_gelatin_box         34.76  25.38  30.38  14.14  37.22%  76.96%  10.37
010_potted_meat_can     38.08  21.03  30.42  11.26  36.50%  81.27%  13.51
011_banana              55.90  23.63  36.85  15.05  43.75%  81.75%  14.68
019_pitcher_base        54.22  35.57  43.17  19.00  55.28%  90.20%  18.11
021_bleach_cleanser     45.37  25.25  34.91  14.17  61.03%  91.03%  14.73
024_bowl               118.41  20.62  66.61  12.10  21.05%  89.74%  37.03
025_mug                 45.03  20.80  30.80  10.06  37.63%  88.66%  12.87
035_power_drill         44.24  31.38  36.15  16.75  53.14%  87.43%  12.01
036_wood_block         133.49  28.65  95.09  17.17   6.58%  83.84%  54.56
037_scissors            65.31  30.61  41.92  20.68  30.17%  66.83%  16.40
040_large_marker        39.66  22.06  29.87  15.48   7.01%  55.58%  11.50
052_extra_large_clamp  108.77  28.22  56.46  17.47  28.24%  82.44%  27.87
061_foam_brick          58.66  21.12  43.74  11.77  12.66%  73.88%  21.74
average_instance        56.26  25.02  40.21  14.30  36.67%  82.37%  17.81
2024-07-14 19:13:01,178 
Epoch: 40/100 | Learning Rate: 3.907e-05
2024-07-14 19:13:10,665 
[0000/3136]| Loss diff_H:6.45e+00 diff_O:1.31e+00 hm_H:2.09e+00 hm_O:2.00e+00 vert:1.82e-01 joint:1.95e-01 mano_pose:1.98e-02 mano_shape:3.58e-03 force:1.09e-01 gravity:6.88e-02 torque:3.22e-02 supervised:7.14e-02 CoM:2.60e-02 total:1.26e+01
2024-07-14 19:17:27,708 
[0500/3136]| Loss diff_H:6.33e+00 diff_O:1.26e+00 hm_H:2.24e+00 hm_O:1.96e+00 vert:1.65e-01 joint:1.78e-01 mano_pose:2.50e-02 mano_shape:8.56e-03 force:5.73e-02 gravity:2.96e-02 torque:2.66e-02 supervised:5.73e-02 CoM:2.20e-02 total:1.24e+01
2024-07-14 19:21:43,977 
[1000/3136]| Loss diff_H:6.60e+00 diff_O:1.21e+00 hm_H:2.49e+00 hm_O:1.95e+00 vert:2.35e-01 joint:2.54e-01 mano_pose:3.41e-02 mano_shape:6.98e-03 force:8.99e-02 gravity:5.04e-02 torque:3.28e-02 supervised:7.16e-02 CoM:3.13e-02 total:1.31e+01
2024-07-14 19:25:50,773 
[1500/3136]| Loss diff_H:6.36e+00 diff_O:1.03e+00 hm_H:2.02e+00 hm_O:1.89e+00 vert:3.30e-01 joint:3.57e-01 mano_pose:2.71e-02 mano_shape:5.68e-03 force:6.66e-02 gravity:2.99e-02 torque:3.75e-02 supervised:7.17e-02 CoM:1.50e-02 total:1.22e+01
2024-07-14 19:29:57,930 
[2000/3136]| Loss diff_H:6.37e+00 diff_O:1.04e+00 hm_H:2.13e+00 hm_O:2.03e+00 vert:1.42e-01 joint:1.54e-01 mano_pose:2.72e-02 mano_shape:4.83e-03 force:4.94e-02 gravity:2.58e-02 torque:2.55e-02 supervised:5.67e-02 CoM:1.62e-02 total:1.21e+01
2024-07-14 19:34:06,078 
[2500/3136]| Loss diff_H:6.91e+00 diff_O:1.31e+00 hm_H:2.37e+00 hm_O:2.14e+00 vert:1.34e-01 joint:1.45e-01 mano_pose:2.72e-02 mano_shape:6.45e-03 force:8.24e-02 gravity:4.75e-02 torque:3.06e-02 supervised:6.57e-02 CoM:1.77e-02 total:1.33e+01
2024-07-14 19:38:14,744 
[3000/3136]| Loss diff_H:6.69e+00 diff_O:1.14e+00 hm_H:2.35e+00 hm_O:1.90e+00 vert:1.88e-01 joint:2.03e-01 mano_pose:2.87e-02 mano_shape:2.26e-03 force:7.52e-02 gravity:4.96e-02 torque:3.05e-02 supervised:9.35e-02 CoM:1.94e-02 total:1.28e+01
2024-07-14 19:39:20,746 
Evaluation on subtest dataset: 7877
2024-07-14 19:46:30,337 
Hand Evaluation: 7936 samples
2024-07-14 19:46:30,352 
regression: 
         MJE PA_MJE MJE_0 MJE_1 MJE_2  MJE_3  MJE_4 MJE_5  MJE_6  MJE_7  MJE_8 MJE_9 MJE_10 MJE_11 MJE_12 MJE_13 MJE_14 MJE_15 MJE_16 MJE_17 MJE_18 MJE_19 MJE_20
right  11.73   5.33  0.00  4.36  7.67  10.41  14.59  9.03  11.70  13.51  16.43  9.34  12.30  14.27  17.91   8.72  11.66  14.18  18.48   8.74  11.19  13.65  18.26
left   12.16   5.18  0.00  4.73  8.13  10.93  15.29  9.47  12.41  14.25  17.70  9.82  12.73  14.42  18.27   9.19  11.97  14.21  18.09   9.27  11.88  14.24  18.40
both   11.95   5.25  0.00  4.54  7.90  10.67  14.93  9.25  12.05  13.88  17.06  9.58  12.51  14.34  18.09   8.95  11.82  14.20  18.29   9.00  11.53  13.94  18.33
2024-07-14 19:46:30,364 
one_candidate: 
         MJE PA_MJE MJE_0 MJE_1  MJE_2  MJE_3  MJE_4  MJE_5  MJE_6  MJE_7  MJE_8  MJE_9 MJE_10 MJE_11 MJE_12 MJE_13 MJE_14 MJE_15 MJE_16 MJE_17 MJE_18 MJE_19 MJE_20
right  16.10   6.68  0.00  5.96  10.64  14.57  20.46  12.51  16.51  19.10  23.12  12.92  16.99  19.75  24.71  11.98  15.92  19.32  24.92  11.88  15.01  18.13  23.79
left   16.28   6.54  0.00  6.11  10.82  14.79  20.86  12.57  16.61  19.25  23.65  13.08  17.15  19.58  24.90  12.24  16.11  19.19  24.21  12.27  15.69  18.77  24.04
both   16.19   6.61  0.00  6.03  10.73  14.68  20.66  12.54  16.56  19.17  23.38  13.00  17.07  19.67  24.80  12.11  16.01  19.26  24.57  12.07  15.34  18.44  23.91
2024-07-14 19:46:30,376 
mean_candidate_mano: 
         MJE PA_MJE MJE_0 MJE_1 MJE_2 MJE_3  MJE_4 MJE_5  MJE_6  MJE_7  MJE_8 MJE_9 MJE_10 MJE_11 MJE_12 MJE_13 MJE_14 MJE_15 MJE_16 MJE_17 MJE_18 MJE_19 MJE_20
right  10.08   5.20  0.00  3.98  6.84  9.07  12.40  7.69   9.49  10.83  13.27  7.90  10.23  11.99  15.53   7.54   9.93  12.31  16.49   7.80   9.92  12.15  16.33
left   10.37   5.08  0.00  4.19  7.10  9.38  13.03  7.93  10.07  11.53  14.47  8.28  10.54  12.03  15.20   7.96  10.19  12.17  15.85   8.30  10.55  12.64  16.41
both   10.22   5.14  0.00  4.08  6.97  9.22  12.71  7.80   9.78  11.17  13.86  8.09  10.39  12.01  15.37   7.75  10.06  12.24  16.17   8.05  10.23  12.39  16.37
2024-07-14 19:46:30,496 
Object Evaluation: 7936 samples 
Mean Pose: 
                          MCE    OCE    ADD   ADDS  ADD01d ADDS01d    REP
002_master_chef_can     55.88  20.52  40.51  10.77  34.48%  94.18%  19.44
003_cracker_box         31.16  27.03  29.13  14.46  62.41%  90.42%   8.37
004_sugar_box           38.27  26.21  32.74  14.75  49.75%  81.75%  10.45
005_tomato_soup_can     41.13  23.20  32.78  12.13  20.49%  74.15%  13.41
006_mustard_bottle      29.49  19.81  24.27  10.55  65.71%  94.03%   8.89
007_tuna_fish_can       52.29  22.88  36.99  12.15  12.50%  73.47%  16.88
008_pudding_box         40.12  28.11  34.56  16.84  52.55%  83.94%  14.51
009_gelatin_box         34.31  25.10  29.94  13.71  38.23%  74.18%  10.02
010_potted_meat_can     40.21  22.82  32.28  12.27  31.39%  77.62%  13.73
011_banana              56.77  23.54  37.18  15.11  40.75%  78.50%  14.69
019_pitcher_base        52.87  35.98  42.94  19.43  54.52%  90.45%  17.35
021_bleach_cleanser     45.94  26.50  35.82  14.73  56.67%  89.23%  14.50
024_bowl               117.99  21.21  66.44  12.03  19.74%  91.05%  36.87
025_mug                 46.49  20.79  31.46   9.99  32.22%  89.43%  13.40
035_power_drill         43.14  31.42  35.56  16.78  54.71%  85.86%  11.75
036_wood_block         133.30  27.75  94.50  16.88   8.77%  82.74%  53.72
037_scissors            65.39  32.28  43.10  21.51  25.69%  66.58%  15.30
040_large_marker        37.96  22.44  29.31  15.60  12.21%  57.14%  11.28
052_extra_large_clamp  109.65  28.41  57.08  16.86  24.94%  83.21%  27.66
061_foam_brick          57.87  20.90  43.21  11.78  12.14%  74.93%  21.31
average_instance        56.04  25.32  40.22  14.39  35.67%  81.73%  17.50
2024-07-14 19:46:31,085 
Epoch: 41/100 | Learning Rate: 3.751e-05
2024-07-14 19:46:40,459 
[0000/3136]| Loss diff_H:6.39e+00 diff_O:1.25e+00 hm_H:2.31e+00 hm_O:2.06e+00 vert:1.46e-01 joint:1.54e-01 mano_pose:2.50e-02 mano_shape:1.68e-03 force:1.00e-01 gravity:6.47e-02 torque:3.81e-02 supervised:7.54e-02 CoM:2.01e-02 total:1.26e+01
2024-07-14 19:50:49,860 
[0500/3136]| Loss diff_H:6.38e+00 diff_O:9.82e-01 hm_H:2.24e+00 hm_O:1.85e+00 vert:1.71e-01 joint:1.81e-01 mano_pose:3.19e-02 mano_shape:5.88e-03 force:4.97e-02 gravity:2.16e-02 torque:2.18e-02 supervised:4.89e-02 CoM:1.88e-02 total:1.20e+01
2024-07-14 19:54:57,147 
[1000/3136]| Loss diff_H:6.60e+00 diff_O:1.22e+00 hm_H:2.29e+00 hm_O:2.02e+00 vert:1.47e-01 joint:1.59e-01 mano_pose:2.67e-02 mano_shape:3.58e-03 force:4.53e-02 gravity:2.30e-02 torque:3.24e-02 supervised:6.80e-02 CoM:2.13e-02 total:1.27e+01
2024-07-14 19:59:04,862 
[1500/3136]| Loss diff_H:6.47e+00 diff_O:1.05e+00 hm_H:2.33e+00 hm_O:1.91e+00 vert:1.58e-01 joint:1.70e-01 mano_pose:3.14e-02 mano_shape:2.89e-03 force:5.69e-02 gravity:3.17e-02 torque:3.74e-02 supervised:8.39e-02 CoM:1.84e-02 total:1.24e+01
2024-07-14 20:03:12,579 
[2000/3136]| Loss diff_H:6.11e+00 diff_O:1.13e+00 hm_H:2.13e+00 hm_O:1.96e+00 vert:1.52e-01 joint:1.65e-01 mano_pose:2.14e-02 mano_shape:2.94e-03 force:6.82e-02 gravity:3.69e-02 torque:2.88e-02 supervised:6.00e-02 CoM:2.26e-02 total:1.19e+01
2024-07-14 20:07:20,271 
[2500/3136]| Loss diff_H:6.00e+00 diff_O:1.05e+00 hm_H:2.07e+00 hm_O:1.88e+00 vert:1.28e-01 joint:1.37e-01 mano_pose:2.07e-02 mano_shape:2.36e-03 force:6.08e-02 gravity:1.71e-02 torque:4.82e-02 supervised:9.02e-02 CoM:1.50e-02 total:1.15e+01
2024-07-14 20:11:36,591 
[3000/3136]| Loss diff_H:6.91e+00 diff_O:1.22e+00 hm_H:2.28e+00 hm_O:2.00e+00 vert:1.42e-01 joint:1.57e-01 mano_pose:3.00e-02 mano_shape:3.29e-03 force:6.68e-02 gravity:3.48e-02 torque:4.43e-02 supervised:8.92e-02 CoM:1.78e-02 total:1.30e+01
2024-07-14 20:12:47,228 
Evaluation on subtest dataset: 7877
2024-07-14 20:18:35,539 
Hand Evaluation: 7936 samples
2024-07-14 20:18:35,551 
regression: 
         MJE PA_MJE MJE_0 MJE_1 MJE_2  MJE_3  MJE_4 MJE_5  MJE_6  MJE_7  MJE_8 MJE_9 MJE_10 MJE_11 MJE_12 MJE_13 MJE_14 MJE_15 MJE_16 MJE_17 MJE_18 MJE_19 MJE_20
right  11.62   5.32  0.00  4.32  7.58  10.27  14.40  8.95  11.57  13.35  16.20  9.26  12.21  14.12  17.64   8.66  11.58  14.03  18.24   8.68  11.11  13.57  18.18
left   12.13   5.17  0.00  4.68  8.05  10.83  15.18  9.39  12.30  14.14  17.57  9.83  12.78  14.47  18.03   9.27  12.05  14.18  17.88   9.40  11.98  14.30  18.39
both   11.87   5.24  0.00  4.50  7.81  10.54  14.78  9.16  11.93  13.74  16.88  9.54  12.49  14.29  17.83   8.96  11.81  14.10  18.06   9.03  11.54  13.93  18.28
2024-07-14 20:18:35,562 
one_candidate: 
         MJE PA_MJE MJE_0 MJE_1  MJE_2  MJE_3  MJE_4  MJE_5  MJE_6  MJE_7  MJE_8  MJE_9 MJE_10 MJE_11 MJE_12 MJE_13 MJE_14 MJE_15 MJE_16 MJE_17 MJE_18 MJE_19 MJE_20
right  16.04   6.63  0.00  5.87  10.58  14.61  20.71  12.30  16.36  19.01  23.09  12.76  16.96  19.76  24.67  11.92  15.91  19.14  24.41  11.86  15.13  18.20  23.67
left   16.14   6.45  0.00  6.00  10.73  14.76  21.07  12.35  16.37  18.98  23.33  13.01  17.08  19.50  24.35  12.30  16.06  18.90  23.61  12.40  15.75  18.68  23.69
both   16.09   6.54  0.00  5.94  10.65  14.68  20.89  12.33  16.36  18.99  23.21  12.89  17.02  19.63  24.51  12.10  15.98  19.02  24.02  12.12  15.44  18.44  23.68
2024-07-14 20:18:35,573 
mean_candidate_mano: 
         MJE PA_MJE MJE_0 MJE_1 MJE_2 MJE_3  MJE_4 MJE_5  MJE_6  MJE_7  MJE_8 MJE_9 MJE_10 MJE_11 MJE_12 MJE_13 MJE_14 MJE_15 MJE_16 MJE_17 MJE_18 MJE_19 MJE_20
right  10.08   5.19  0.00  3.96  6.82  9.05  12.52  7.72   9.52  10.86  13.28  7.95  10.27  11.98  15.51   7.58   9.96  12.32  16.45   7.82   9.88  12.06  16.17
left   10.47   5.05  0.00  4.22  7.15  9.49  13.24  8.03  10.21  11.64  14.57  8.47  10.75  12.21  15.18   8.15  10.33  12.24  15.78   8.49  10.64  12.67  16.34
both   10.27   5.12  0.00  4.09  6.98  9.27  12.88  7.87   9.86  11.24  13.92  8.21  10.50  12.10  15.34   7.86  10.15  12.28  16.12   8.15  10.26  12.36  16.25
2024-07-14 20:18:35,675 
Object Evaluation: 7936 samples 
Mean Pose: 
                          MCE    OCE    ADD   ADDS  ADD01d ADDS01d    REP
002_master_chef_can     58.72  22.04  42.74  11.34  33.41%  90.52%  20.54
003_cracker_box         31.53  27.63  29.63  14.45  63.14%  90.66%   8.16
004_sugar_box           38.92  26.23  33.08  15.00  46.25%  83.50%  10.41
005_tomato_soup_can     41.76  23.01  32.98  12.03  19.76%  75.12%  13.54
006_mustard_bottle      28.44  18.89  23.36  10.23  64.16%  95.84%   8.82
007_tuna_fish_can       53.35  22.95  37.73  12.46  14.54%  71.43%  17.24
008_pudding_box         40.87  28.94  35.35  17.13  47.45%  83.94%  13.96
009_gelatin_box         34.88  24.94  30.21  13.94  33.92%  76.71%  10.17
010_potted_meat_can     38.82  21.79  31.15  11.55  30.90%  80.29%  13.41
011_banana              55.74  23.55  36.55  14.83  41.50%  80.75%  14.78
019_pitcher_base        55.71  37.15  44.81  19.90  50.50%  89.95%  18.58
021_bleach_cleanser     46.77  26.15  35.97  14.43  54.36%  91.28%  14.44
024_bowl               116.12  21.70  65.80  12.40  21.32%  88.95%  36.47
025_mug                 45.95  20.39  31.11   9.83  33.25%  89.95%  13.28
035_power_drill         44.65  32.81  37.24  17.63  51.31%  84.03%  12.34
036_wood_block         132.16  28.50  94.04  16.90   6.58%  83.56%  53.70
037_scissors            66.51  32.74  43.84  22.08  26.18%  65.59%  16.21
040_large_marker        39.00  23.38  30.17  16.20  10.13%  55.32%  11.55
052_extra_large_clamp  112.44  29.05  58.49  17.73  24.43%  82.19%  28.15
061_foam_brick          62.05  21.00  45.69  11.87  12.40%  73.88%  23.09
average_instance        56.77  25.63  40.74  14.57  34.45%  81.74%  17.77
2024-07-14 20:18:36,222 
Epoch: 42/100 | Learning Rate: 3.601e-05
2024-07-14 20:18:43,760 
[0000/3136]| Loss diff_H:6.27e+00 diff_O:1.10e+00 hm_H:2.38e+00 hm_O:1.98e+00 vert:1.10e-01 joint:1.18e-01 mano_pose:2.55e-02 mano_shape:2.41e-03 force:4.13e-02 gravity:1.51e-02 torque:2.43e-02 supervised:4.31e-02 CoM:3.04e-02 total:1.21e+01
2024-07-14 20:22:52,173 
[0500/3136]| Loss diff_H:6.30e+00 diff_O:1.08e+00 hm_H:1.98e+00 hm_O:1.85e+00 vert:1.16e-01 joint:1.25e-01 mano_pose:1.88e-02 mano_shape:1.63e-03 force:6.83e-02 gravity:4.98e-02 torque:2.85e-02 supervised:7.47e-02 CoM:1.39e-02 total:1.17e+01
2024-07-14 20:26:59,042 
[1000/3136]| Loss diff_H:6.55e+00 diff_O:1.17e+00 hm_H:2.13e+00 hm_O:1.97e+00 vert:1.33e-01 joint:1.43e-01 mano_pose:2.28e-02 mano_shape:3.03e-03 force:1.11e-01 gravity:7.03e-02 torque:3.02e-02 supervised:7.25e-02 CoM:1.72e-02 total:1.24e+01
2024-07-14 20:31:05,173 
[1500/3136]| Loss diff_H:6.32e+00 diff_O:1.06e+00 hm_H:2.34e+00 hm_O:2.00e+00 vert:1.82e-01 joint:1.97e-01 mano_pose:3.27e-02 mano_shape:4.29e-03 force:8.47e-02 gravity:5.24e-02 torque:3.67e-02 supervised:7.78e-02 CoM:2.35e-02 total:1.24e+01
2024-07-14 20:35:23,547 
[2000/3136]| Loss diff_H:6.13e+00 diff_O:1.20e+00 hm_H:2.28e+00 hm_O:2.00e+00 vert:1.72e-01 joint:1.85e-01 mano_pose:2.17e-02 mano_shape:2.91e-03 force:7.41e-02 gravity:4.62e-02 torque:2.87e-02 supervised:5.59e-02 CoM:1.96e-02 total:1.22e+01
2024-07-14 20:39:36,942 
[2500/3136]| Loss diff_H:6.70e+00 diff_O:1.10e+00 hm_H:1.89e+00 hm_O:1.93e+00 vert:4.08e-01 joint:4.42e-01 mano_pose:2.60e-02 mano_shape:4.94e-03 force:7.40e-02 gravity:3.93e-02 torque:3.24e-02 supervised:7.31e-02 CoM:2.41e-02 total:1.27e+01
2024-07-14 20:43:45,389 
[3000/3136]| Loss diff_H:6.41e+00 diff_O:1.05e+00 hm_H:1.92e+00 hm_O:1.90e+00 vert:1.21e-01 joint:1.30e-01 mano_pose:1.97e-02 mano_shape:3.87e-03 force:6.79e-02 gravity:3.66e-02 torque:2.89e-02 supervised:6.16e-02 CoM:1.51e-02 total:1.18e+01
2024-07-14 20:44:51,700 
Evaluation on subtest dataset: 7877
2024-07-14 20:50:44,640 
Hand Evaluation: 7936 samples
2024-07-14 20:50:44,652 
regression: 
         MJE PA_MJE MJE_0 MJE_1 MJE_2  MJE_3  MJE_4 MJE_5  MJE_6  MJE_7  MJE_8 MJE_9 MJE_10 MJE_11 MJE_12 MJE_13 MJE_14 MJE_15 MJE_16 MJE_17 MJE_18 MJE_19 MJE_20
right  11.49   5.30  0.00  4.30  7.55  10.22  14.27  8.83  11.42  13.23  16.15  9.11  11.98  13.92  17.60   8.50  11.36  13.87  18.15   8.52  10.95  13.39  17.95
left   12.02   5.13  0.00  4.67  8.00  10.81  15.09  9.32  12.21  14.05  17.53  9.68  12.51  14.21  17.93   9.10  11.88  14.04  17.78   9.22  11.84  14.18  18.31
both   11.75   5.21  0.00  4.48  7.77  10.51  14.67  9.07  11.81  13.63  16.83  9.39  12.24  14.06  17.76   8.79  11.61  13.95  17.97   8.87  11.39  13.78  18.13
2024-07-14 20:50:44,662 
one_candidate: 
         MJE PA_MJE MJE_0 MJE_1  MJE_2  MJE_3  MJE_4  MJE_5  MJE_6  MJE_7  MJE_8  MJE_9 MJE_10 MJE_11 MJE_12 MJE_13 MJE_14 MJE_15 MJE_16 MJE_17 MJE_18 MJE_19 MJE_20
right  15.92   6.61  0.00  5.79  10.45  14.41  20.35  12.34  16.38  18.93  22.96  12.82  16.91  19.61  24.51  11.92  15.81  19.00  24.32  11.88  14.94  17.86  23.15
left   16.27   6.48  0.00  6.17  10.83  14.89  21.09  12.50  16.63  19.16  23.50  13.01  17.01  19.45  24.71  12.20  16.03  19.07  24.06  12.30  15.81  18.92  24.21
both   16.09   6.55  0.00  5.98  10.64  14.65  20.72  12.42  16.50  19.05  23.22  12.91  16.96  19.53  24.61  12.06  15.92  19.03  24.19  12.09  15.37  18.38  23.67
2024-07-14 20:50:44,673 
mean_candidate_mano: 
         MJE PA_MJE MJE_0 MJE_1 MJE_2 MJE_3  MJE_4 MJE_5  MJE_6  MJE_7  MJE_8 MJE_9 MJE_10 MJE_11 MJE_12 MJE_13 MJE_14 MJE_15 MJE_16 MJE_17 MJE_18 MJE_19 MJE_20
right  10.08   5.21  0.00  3.94  6.77  8.94  12.29  7.68   9.50  10.89  13.33  7.90  10.24  11.99  15.58   7.55   9.94  12.39  16.61   7.79   9.90  12.14  16.30
left   10.37   5.05  0.00  4.21  7.10  9.37  13.00  7.91  10.06  11.50  14.46  8.28  10.54  12.08  15.23   7.98  10.18  12.14  15.76   8.34  10.55  12.63  16.40
both   10.22   5.13  0.00  4.07  6.93  9.15  12.64  7.79   9.78  11.19  13.89  8.09  10.38  12.04  15.41   7.76  10.06  12.27  16.19   8.06  10.22  12.38  16.35
2024-07-14 20:50:44,776 
Object Evaluation: 7936 samples 
Mean Pose: 
                          MCE    OCE    ADD   ADDS  ADD01d ADDS01d    REP
002_master_chef_can     61.82  20.88  44.20  10.99  29.74%  92.24%  21.55
003_cracker_box         31.75  26.14  29.17  14.17  63.88%  90.66%   8.98
004_sugar_box           37.94  25.22  32.19  14.49  50.50%  84.25%  10.65
005_tomato_soup_can     40.91  21.65  31.94  11.30  21.71%  76.59%  13.66
006_mustard_bottle      28.64  18.49  23.20   9.99  67.79%  94.81%   8.89
007_tuna_fish_can       51.64  22.38  36.41  12.30  15.31%  74.23%  16.77
008_pudding_box         40.84  28.38  35.26  17.31  52.55%  84.91%  14.58
009_gelatin_box         33.64  24.64  29.38  13.43  36.20%  75.70%   9.72
010_potted_meat_can     39.03  21.37  31.13  11.36  35.04%  81.27%  13.84
011_banana              57.72  23.85  37.58  15.70  42.00%  76.75%  14.96
019_pitcher_base        53.34  35.70  42.89  19.47  55.78%  89.45%  17.68
021_bleach_cleanser     45.52  25.57  34.95  14.34  60.77%  90.26%  14.51
024_bowl               116.62  19.96  65.49  11.46  22.37%  91.32%  36.84
025_mug                 47.85  21.40  32.25  10.10  32.22%  88.40%  14.09
035_power_drill         42.39  31.00  35.25  16.55  53.93%  86.65%  11.83
036_wood_block         133.83  28.01  95.24  16.90   6.58%  84.38%  54.71
037_scissors            63.33  30.23  41.26  20.20  29.18%  70.32%  15.21
040_large_marker        37.77  22.35  29.04  15.30   9.09%  60.78%  11.37
052_extra_large_clamp  108.97  28.01  56.90  17.58  24.68%  81.93%  27.12
061_foam_brick          63.22  23.14  47.04  12.94  10.03%  68.07%  23.19
average_instance        56.41  24.89  40.29  14.27  36.13%  82.23%  17.84
2024-07-14 20:50:45,255 
Epoch: 43/100 | Learning Rate: 3.457e-05
2024-07-14 20:50:55,003 
[0000/3136]| Loss diff_H:5.57e+00 diff_O:1.12e+00 hm_H:1.97e+00 hm_O:1.92e+00 vert:1.41e-01 joint:1.50e-01 mano_pose:2.47e-02 mano_shape:2.15e-03 force:6.24e-02 gravity:2.90e-02 torque:3.69e-02 supervised:6.36e-02 CoM:1.63e-02 total:1.11e+01
2024-07-14 20:55:00,618 
[0500/3136]| Loss diff_H:6.61e+00 diff_O:1.05e+00 hm_H:2.07e+00 hm_O:1.83e+00 vert:1.69e-01 joint:1.82e-01 mano_pose:3.60e-02 mano_shape:1.15e-02 force:9.29e-02 gravity:4.37e-02 torque:3.88e-02 supervised:6.59e-02 CoM:2.06e-02 total:1.22e+01
2024-07-14 20:59:11,591 
[1000/3136]| Loss diff_H:5.81e+00 diff_O:1.29e+00 hm_H:2.07e+00 hm_O:2.02e+00 vert:1.21e-01 joint:1.30e-01 mano_pose:2.16e-02 mano_shape:2.32e-03 force:9.70e-02 gravity:5.73e-02 torque:2.94e-02 supervised:6.68e-02 CoM:1.70e-02 total:1.17e+01
2024-07-14 21:03:26,401 
[1500/3136]| Loss diff_H:6.12e+00 diff_O:1.06e+00 hm_H:2.29e+00 hm_O:1.91e+00 vert:1.54e-01 joint:1.64e-01 mano_pose:2.76e-02 mano_shape:1.39e-03 force:5.94e-02 gravity:3.20e-02 torque:3.36e-02 supervised:6.60e-02 CoM:1.37e-02 total:1.19e+01
2024-07-14 21:07:32,130 
[2000/3136]| Loss diff_H:6.16e+00 diff_O:1.08e+00 hm_H:2.19e+00 hm_O:1.99e+00 vert:1.11e-01 joint:1.20e-01 mano_pose:2.16e-02 mano_shape:2.07e-03 force:7.30e-02 gravity:4.84e-02 torque:2.92e-02 supervised:7.54e-02 CoM:1.89e-02 total:1.19e+01
2024-07-14 21:11:38,203 
[2500/3136]| Loss diff_H:6.17e+00 diff_O:1.19e+00 hm_H:2.37e+00 hm_O:1.85e+00 vert:1.98e-01 joint:2.11e-01 mano_pose:2.69e-02 mano_shape:3.87e-03 force:7.74e-02 gravity:4.65e-02 torque:3.78e-02 supervised:7.35e-02 CoM:2.68e-02 total:1.23e+01
2024-07-14 21:15:46,901 
[3000/3136]| Loss diff_H:6.30e+00 diff_O:1.25e+00 hm_H:2.25e+00 hm_O:1.95e+00 vert:1.30e-01 joint:1.39e-01 mano_pose:2.58e-02 mano_shape:1.51e-03 force:8.55e-02 gravity:5.30e-02 torque:3.13e-02 supervised:7.53e-02 CoM:2.68e-02 total:1.23e+01
2024-07-14 21:16:53,179 
Evaluation on subtest dataset: 7877
2024-07-14 21:22:45,000 
Hand Evaluation: 7936 samples
2024-07-14 21:22:45,014 
regression: 
         MJE PA_MJE MJE_0 MJE_1 MJE_2  MJE_3  MJE_4 MJE_5  MJE_6  MJE_7  MJE_8 MJE_9 MJE_10 MJE_11 MJE_12 MJE_13 MJE_14 MJE_15 MJE_16 MJE_17 MJE_18 MJE_19 MJE_20
right  11.61   5.32  0.00  4.33  7.62  10.33  14.46  8.94  11.61  13.39  16.24  9.21  12.18  14.12  17.72   8.58  11.50  13.99  18.26   8.59  11.04  13.52  18.16
left   12.09   5.19  0.00  4.66  8.07  10.89  15.24  9.36  12.28  14.09  17.51  9.72  12.62  14.32  18.17   9.10  11.92  14.15  17.98   9.20  11.83  14.22  18.47
both   11.84   5.26  0.00  4.49  7.84  10.61  14.84  9.15  11.94  13.74  16.86  9.46  12.40  14.21  17.94   8.84  11.71  14.07  18.12   8.89  11.43  13.87  18.31
2024-07-14 21:22:45,026 
one_candidate: 
         MJE PA_MJE MJE_0 MJE_1  MJE_2  MJE_3  MJE_4  MJE_5  MJE_6  MJE_7  MJE_8  MJE_9 MJE_10 MJE_11 MJE_12 MJE_13 MJE_14 MJE_15 MJE_16 MJE_17 MJE_18 MJE_19 MJE_20
right  15.74   6.60  0.00  5.84  10.46  14.36  20.16  12.29  16.30  18.75  22.56  12.66  16.76  19.34  23.96  11.68  15.56  18.71  23.93  11.55  14.69  17.74  23.28
left   16.17   6.47  0.00  6.15  10.88  14.93  21.00  12.58  16.68  19.21  23.52  13.04  17.05  19.44  24.39  12.14  15.88  18.92  23.86  12.17  15.49  18.50  23.74
both   15.95   6.54  0.00  5.99  10.67  14.64  20.57  12.43  16.49  18.98  23.03  12.84  16.90  19.39  24.17  11.91  15.72  18.81  23.90  11.86  15.09  18.11  23.51
2024-07-14 21:22:45,038 
mean_candidate_mano: 
         MJE PA_MJE MJE_0 MJE_1 MJE_2 MJE_3  MJE_4 MJE_5  MJE_6  MJE_7  MJE_8 MJE_9 MJE_10 MJE_11 MJE_12 MJE_13 MJE_14 MJE_15 MJE_16 MJE_17 MJE_18 MJE_19 MJE_20
right  10.05   5.19  0.00  3.94  6.76  8.95  12.26  7.70   9.52  10.84  13.16  7.91  10.28  12.01  15.47   7.52   9.94  12.33  16.48   7.74   9.87  12.14  16.31
left   10.36   5.06  0.00  4.18  7.10  9.40  13.06  7.94  10.14  11.57  14.47  8.30  10.61  12.13  15.16   7.95  10.18  12.15  15.77   8.26  10.45  12.50  16.22
both   10.20   5.12  0.00  4.06  6.93  9.18  12.65  7.82   9.83  11.20  13.81  8.11  10.44  12.07  15.32   7.73  10.06  12.24  16.13   8.00  10.15  12.32  16.27
2024-07-14 21:22:45,158 
Object Evaluation: 7936 samples 
Mean Pose: 
                          MCE    OCE    ADD   ADDS  ADD01d ADDS01d    REP
002_master_chef_can     62.88  21.03  44.87  11.02  30.17%  91.81%  22.03
003_cracker_box         32.33  27.44  30.06  14.53  64.37%  90.66%   8.64
004_sugar_box           39.73  26.23  33.50  14.62  46.50%  82.25%  10.85
005_tomato_soup_can     41.86  22.17  32.76  11.51  19.27%  76.10%  13.91
006_mustard_bottle      28.52  18.50  23.22  10.10  69.09%  94.81%   9.03
007_tuna_fish_can       50.96  22.39  36.10  12.05  16.07%  74.74%  16.67
008_pudding_box         40.51  28.60  34.98  17.37  53.04%  83.45%  14.48
009_gelatin_box         34.49  24.21  29.78  13.34  34.68%  78.23%   9.64
010_potted_meat_can     38.88  22.34  31.29  11.82  32.85%  79.56%  13.80
011_banana              52.61  23.00  34.90  14.27  45.00%  81.75%  14.30
019_pitcher_base        53.43  36.33  43.35  19.69  54.77%  90.20%  18.00
021_bleach_cleanser     46.68  27.11  36.29  14.68  55.64%  90.00%  14.80
024_bowl               118.83  20.84  66.96  12.03  20.00%  88.68%  37.61
025_mug                 46.60  20.80  31.48   9.99  33.25%  91.75%  13.62
035_power_drill         43.37  32.44  36.34  17.38  55.24%  83.25%  12.06
036_wood_block         136.35  28.97  96.72  17.15   6.30%  83.56%  55.20
037_scissors            65.27  30.41  41.93  20.03  29.93%  70.32%  15.94
040_large_marker        39.39  22.57  30.11  16.09   9.61%  55.58%  11.95
052_extra_large_clamp  109.63  28.21  56.99  17.48  24.68%  84.73%  27.64
061_foam_brick          63.85  22.08  47.21  12.42  10.82%  72.56%  23.57
average_instance        56.87  25.26  40.69  14.35  35.72%  82.28%  18.02
2024-07-14 21:22:45,748 
Epoch: 44/100 | Learning Rate: 3.319e-05
2024-07-14 21:22:54,565 
[0000/3136]| Loss diff_H:6.46e+00 diff_O:1.07e+00 hm_H:2.20e+00 hm_O:1.96e+00 vert:1.22e-01 joint:1.32e-01 mano_pose:2.69e-02 mano_shape:3.29e-03 force:3.54e-02 gravity:1.49e-02 torque:2.77e-02 supervised:5.40e-02 CoM:2.07e-02 total:1.21e+01
2024-07-14 21:27:13,583 
[0500/3136]| Loss diff_H:6.49e+00 diff_O:1.23e+00 hm_H:2.23e+00 hm_O:1.87e+00 vert:2.12e-01 joint:2.30e-01 mano_pose:2.31e-02 mano_shape:4.35e-03 force:5.73e-02 gravity:3.43e-02 torque:4.20e-02 supervised:6.98e-02 CoM:3.13e-02 total:1.25e+01
2024-07-14 21:31:23,510 
[1000/3136]| Loss diff_H:5.85e+00 diff_O:1.08e+00 hm_H:2.18e+00 hm_O:1.78e+00 vert:1.24e-01 joint:1.33e-01 mano_pose:2.54e-02 mano_shape:2.88e-03 force:6.32e-02 gravity:4.00e-02 torque:2.33e-02 supervised:6.44e-02 CoM:1.13e-02 total:1.14e+01
2024-07-14 21:35:30,515 
[1500/3136]| Loss diff_H:6.92e+00 diff_O:1.06e+00 hm_H:2.42e+00 hm_O:1.85e+00 vert:1.32e-01 joint:1.42e-01 mano_pose:2.84e-02 mano_shape:4.35e-03 force:8.47e-02 gravity:4.83e-02 torque:4.07e-02 supervised:6.57e-02 CoM:2.17e-02 total:1.28e+01
2024-07-14 21:39:36,343 
[2000/3136]| Loss diff_H:5.90e+00 diff_O:1.23e+00 hm_H:2.08e+00 hm_O:1.92e+00 vert:1.40e-01 joint:1.50e-01 mano_pose:2.72e-02 mano_shape:4.06e-03 force:9.58e-02 gravity:3.35e-02 torque:2.73e-02 supervised:5.52e-02 CoM:1.82e-02 total:1.17e+01
2024-07-14 21:43:41,544 
[2500/3136]| Loss diff_H:6.14e+00 diff_O:1.23e+00 hm_H:2.11e+00 hm_O:1.84e+00 vert:1.40e-01 joint:1.51e-01 mano_pose:2.16e-02 mano_shape:4.78e-03 force:6.40e-02 gravity:3.80e-02 torque:3.57e-02 supervised:7.64e-02 CoM:1.50e-02 total:1.19e+01
2024-07-14 21:47:47,607 
[3000/3136]| Loss diff_H:5.72e+00 diff_O:1.10e+00 hm_H:2.20e+00 hm_O:2.05e+00 vert:1.72e-01 joint:1.82e-01 mano_pose:2.50e-02 mano_shape:2.22e-03 force:3.38e-02 gravity:8.16e-03 torque:2.78e-02 supervised:5.66e-02 CoM:2.24e-02 total:1.16e+01
2024-07-14 21:48:53,287 
Evaluation on subtest dataset: 7877
2024-07-14 21:55:14,836 
Hand Evaluation: 7936 samples
2024-07-14 21:55:14,850 
regression: 
         MJE PA_MJE MJE_0 MJE_1 MJE_2  MJE_3  MJE_4 MJE_5  MJE_6  MJE_7  MJE_8 MJE_9 MJE_10 MJE_11 MJE_12 MJE_13 MJE_14 MJE_15 MJE_16 MJE_17 MJE_18 MJE_19 MJE_20
right  11.67   5.32  0.00  4.36  7.64  10.33  14.44  8.99  11.65  13.48  16.41  9.26  12.21  14.20  17.92   8.64  11.56  14.08  18.40   8.67  11.09  13.54  18.16
left   12.11   5.14  0.00  4.70  8.10  10.94  15.33  9.40  12.35  14.20  17.69  9.75  12.63  14.35  18.21   9.11  11.93  14.15  17.97   9.17  11.82  14.18  18.37
both   11.89   5.23  0.00  4.52  7.87  10.63  14.88  9.19  11.99  13.83  17.05  9.50  12.42  14.28  18.06   8.87  11.74  14.11  18.19   8.92  11.45  13.86  18.26
2024-07-14 21:55:14,862 
one_candidate: 
         MJE PA_MJE MJE_0 MJE_1  MJE_2  MJE_3  MJE_4  MJE_5  MJE_6  MJE_7  MJE_8  MJE_9 MJE_10 MJE_11 MJE_12 MJE_13 MJE_14 MJE_15 MJE_16 MJE_17 MJE_18 MJE_19 MJE_20
right  15.67   6.62  0.00  5.78  10.37  14.22  20.15  12.12  15.98  18.54  22.52  12.49  16.54  19.26  24.15  11.57  15.51  18.75  24.13  11.52  14.66  17.67  23.18
left   16.01   6.44  0.00  6.04  10.75  14.76  21.10  12.27  16.23  18.70  23.01  12.87  16.76  19.16  24.34  12.13  15.76  18.74  23.67  12.23  15.53  18.49  23.60
both   15.84   6.53  0.00  5.91  10.56  14.48  20.62  12.19  16.10  18.62  22.76  12.68  16.65  19.21  24.25  11.85  15.63  18.74  23.91  11.87  15.09  18.07  23.38
2024-07-14 21:55:14,873 
mean_candidate_mano: 
         MJE PA_MJE MJE_0 MJE_1 MJE_2 MJE_3  MJE_4 MJE_5  MJE_6  MJE_7  MJE_8 MJE_9 MJE_10 MJE_11 MJE_12 MJE_13 MJE_14 MJE_15 MJE_16 MJE_17 MJE_18 MJE_19 MJE_20
right  10.06   5.17  0.00  3.99  6.84  9.01  12.40  7.72   9.54  10.88  13.29  7.92  10.23  11.94  15.41   7.54   9.94  12.29  16.43   7.79   9.87  12.07  16.17
left   10.33   5.01  0.00  4.22  7.14  9.41  13.06  7.90  10.09  11.54  14.51  8.26  10.53  12.02  15.11   7.94  10.12  12.07  15.69   8.28  10.43  12.48  16.19
both   10.19   5.09  0.00  4.10  6.98  9.21  12.72  7.81   9.81  11.20  13.89  8.09  10.38  11.98  15.26   7.74  10.03  12.18  16.07   8.03  10.15  12.27  16.18
2024-07-14 21:55:14,987 
Object Evaluation: 7936 samples 
Mean Pose: 
                          MCE    OCE    ADD   ADDS  ADD01d ADDS01d    REP
002_master_chef_can     58.94  21.10  42.56  11.07  30.60%  93.32%  20.43
003_cracker_box         30.54  27.00  28.75  14.10  63.88%  91.89%   8.06
004_sugar_box           36.98  24.68  31.31  13.94  53.00%  83.50%  10.29
005_tomato_soup_can     42.28  22.95  33.24  11.94  18.54%  76.10%  13.95
006_mustard_bottle      28.08  17.87  22.62   9.69  68.31%  94.03%   8.72
007_tuna_fish_can       50.81  21.57  35.63  11.50  18.37%  73.21%  16.75
008_pudding_box         41.71  29.43  36.15  17.77  50.36%  84.91%  14.69
009_gelatin_box         33.14  23.50  28.68  12.78  37.97%  76.96%   9.59
010_potted_meat_can     40.13  21.50  31.74  11.49  32.12%  79.81%  14.18
011_banana              56.10  23.18  36.54  14.39  47.25%  82.50%  14.88
019_pitcher_base        54.69  35.44  43.42  19.03  54.27%  90.45%  18.47
021_bleach_cleanser     44.85  25.00  34.54  14.06  56.41%  90.77%  14.54
024_bowl               118.86  20.51  66.86  11.71  20.53%  90.26%  37.62
025_mug                 44.40  19.32  29.87   9.40  36.60%  90.98%  13.19
035_power_drill         42.86  31.99  35.95  16.86  52.36%  85.34%  11.97
036_wood_block         134.73  28.27  95.77  16.75   6.30%  83.84%  55.35
037_scissors            65.32  30.72  41.57  20.37  29.68%  68.83%  15.44
040_large_marker        39.58  22.81  30.17  15.86   9.35%  56.36%  11.54
052_extra_large_clamp  113.27  27.49  58.00  17.15  24.94%  84.99%  28.69
061_foam_brick          61.47  21.66  45.64  12.20  11.35%  71.50%  22.60
average_instance        56.48  24.78  40.19  14.08  36.27%  82.57%  17.87
2024-07-14 21:55:15,582 
Epoch: 45/100 | Learning Rate: 3.186e-05
2024-07-14 21:55:24,685 
[0000/3136]| Loss diff_H:6.36e+00 diff_O:1.14e+00 hm_H:2.30e+00 hm_O:1.90e+00 vert:1.24e-01 joint:1.33e-01 mano_pose:2.90e-02 mano_shape:2.56e-03 force:3.60e-02 gravity:1.98e-02 torque:2.14e-02 supervised:4.49e-02 CoM:2.00e-02 total:1.21e+01
2024-07-14 21:59:41,038 
[0500/3136]| Loss diff_H:6.05e+00 diff_O:1.01e+00 hm_H:2.09e+00 hm_O:1.86e+00 vert:1.13e-01 joint:1.21e-01 mano_pose:2.32e-02 mano_shape:2.57e-03 force:9.12e-02 gravity:6.44e-02 torque:3.60e-02 supervised:7.24e-02 CoM:1.36e-02 total:1.15e+01
2024-07-14 22:04:00,006 
[1000/3136]| Loss diff_H:6.04e+00 diff_O:1.08e+00 hm_H:2.13e+00 hm_O:1.87e+00 vert:1.28e-01 joint:1.39e-01 mano_pose:2.51e-02 mano_shape:5.35e-03 force:1.22e-01 gravity:7.23e-02 torque:2.57e-02 supervised:8.29e-02 CoM:1.26e-02 total:1.17e+01
2024-07-14 22:08:17,145 
[1500/3136]| Loss diff_H:6.80e+00 diff_O:1.20e+00 hm_H:2.20e+00 hm_O:1.96e+00 vert:1.53e-01 joint:1.67e-01 mano_pose:3.71e-02 mano_shape:4.09e-03 force:9.01e-02 gravity:5.19e-02 torque:3.70e-02 supervised:6.16e-02 CoM:2.69e-02 total:1.28e+01
2024-07-14 22:12:36,346 
[2000/3136]| Loss diff_H:6.29e+00 diff_O:1.21e+00 hm_H:2.40e+00 hm_O:1.99e+00 vert:1.25e-01 joint:1.34e-01 mano_pose:2.35e-02 mano_shape:5.07e-03 force:6.37e-02 gravity:3.67e-02 torque:3.21e-02 supervised:7.13e-02 CoM:1.99e-02 total:1.24e+01
2024-07-14 22:16:51,550 
[2500/3136]| Loss diff_H:6.07e+00 diff_O:1.05e+00 hm_H:2.24e+00 hm_O:1.90e+00 vert:1.13e-01 joint:1.21e-01 mano_pose:1.89e-02 mano_shape:3.01e-03 force:7.92e-02 gravity:5.60e-02 torque:3.55e-02 supervised:6.54e-02 CoM:1.47e-02 total:1.18e+01
2024-07-14 22:20:59,392 
[3000/3136]| Loss diff_H:5.69e+00 diff_O:1.05e+00 hm_H:2.11e+00 hm_O:1.79e+00 vert:1.36e-01 joint:1.49e-01 mano_pose:2.20e-02 mano_shape:2.70e-03 force:3.39e-02 gravity:1.64e-02 torque:3.21e-02 supervised:7.96e-02 CoM:2.05e-02 total:1.11e+01
2024-07-14 22:22:05,599 
Evaluation on subtest dataset: 7877
2024-07-14 22:28:33,266 
Hand Evaluation: 7936 samples
2024-07-14 22:28:33,279 
regression: 
         MJE PA_MJE MJE_0 MJE_1 MJE_2  MJE_3  MJE_4 MJE_5  MJE_6  MJE_7  MJE_8 MJE_9 MJE_10 MJE_11 MJE_12 MJE_13 MJE_14 MJE_15 MJE_16 MJE_17 MJE_18 MJE_19 MJE_20
right  11.56   5.32  0.00  4.32  7.55  10.20  14.26  8.88  11.52  13.30  16.18  9.18  12.12  14.05  17.64   8.60  11.50  13.97  18.24   8.63  11.02  13.47  18.08
left   12.09   5.16  0.00  4.65  8.02  10.84  15.18  9.36  12.32  14.21  17.72  9.72  12.63  14.35  18.13   9.10  11.93  14.15  17.96   9.19  11.82  14.22  18.44
both   11.82   5.24  0.00  4.48  7.78  10.52  14.72  9.12  11.92  13.75  16.94  9.45  12.37  14.20  17.89   8.85  11.71  14.06  18.10   8.90  11.42  13.84  18.26
2024-07-14 22:28:33,290 
one_candidate: 
         MJE PA_MJE MJE_0 MJE_1  MJE_2  MJE_3  MJE_4  MJE_5  MJE_6  MJE_7  MJE_8  MJE_9 MJE_10 MJE_11 MJE_12 MJE_13 MJE_14 MJE_15 MJE_16 MJE_17 MJE_18 MJE_19 MJE_20
right  15.84   6.57  0.00  5.82  10.37  14.19  20.00  12.28  16.29  18.89  22.89  12.73  16.89  19.58  24.32  11.82  15.72  18.91  24.18  11.76  14.92  17.86  23.18
left   16.08   6.45  0.00  6.07  10.80  14.84  21.04  12.42  16.49  19.04  23.32  12.95  16.85  19.18  24.19  12.19  15.87  18.75  23.51  12.29  15.67  18.60  23.64
both   15.96   6.51  0.00  5.95  10.58  14.52  20.51  12.35  16.39  18.96  23.10  12.84  16.87  19.38  24.26  12.00  15.80  18.83  23.85  12.02  15.29  18.23  23.41
2024-07-14 22:28:33,300 
mean_candidate_mano: 
         MJE PA_MJE MJE_0 MJE_1 MJE_2 MJE_3  MJE_4 MJE_5  MJE_6  MJE_7  MJE_8 MJE_9 MJE_10 MJE_11 MJE_12 MJE_13 MJE_14 MJE_15 MJE_16 MJE_17 MJE_18 MJE_19 MJE_20
right  10.04   5.18  0.00  3.98  6.79  9.00  12.34  7.67   9.50  10.85  13.24  7.88  10.22  11.89  15.32   7.52   9.91  12.26  16.41   7.77   9.86  12.10  16.27
left   10.37   5.05  0.00  4.18  7.10  9.43  13.10  7.92  10.16  11.64  14.59  8.27  10.53  12.03  15.26   7.92  10.17  12.16  15.82   8.23  10.46  12.55  16.32
both   10.20   5.12  0.00  4.08  6.94  9.21  12.72  7.80   9.83  11.24  13.91  8.07  10.37  11.96  15.29   7.72  10.04  12.21  16.12   8.00  10.16  12.32  16.29
2024-07-14 22:28:33,404 
Object Evaluation: 7936 samples 
Mean Pose: 
                          MCE    OCE    ADD   ADDS  ADD01d ADDS01d    REP
002_master_chef_can     57.71  20.26  41.62  10.72  34.27%  93.10%  20.10
003_cracker_box         31.48  26.45  29.10  14.08  62.16%  91.89%   8.48
004_sugar_box           37.15  25.07  31.51  14.20  51.00%  82.50%  10.42
005_tomato_soup_can     40.82  22.28  32.19  11.74  23.66%  78.29%  13.41
006_mustard_bottle      27.53  18.09  22.42   9.72  67.53%  94.29%   8.11
007_tuna_fish_can       51.13  21.27  35.65  11.48  18.11%  74.23%  16.75
008_pudding_box         41.85  29.29  36.21  18.05  50.36%  84.43%  14.65
009_gelatin_box         33.21  24.19  28.98  13.36  38.23%  75.70%   9.60
010_potted_meat_can     37.39  21.11  30.14  11.49  37.71%  81.27%  13.12
011_banana              55.51  23.63  36.66  15.04  46.25%  80.50%  14.67
019_pitcher_base        53.33  34.50  42.24  18.66  55.78%  90.70%  18.07
021_bleach_cleanser     44.60  25.48  34.44  14.37  59.23%  90.77%  14.18
024_bowl               116.58  20.63  65.63  11.95  21.84%  90.79%  36.83
025_mug                 47.07  20.46  31.70   9.88  32.22%  89.95%  13.62
035_power_drill         42.44  31.33  35.34  16.59  51.57%  87.17%  11.41
036_wood_block         136.17  28.62  96.64  16.90   8.49%  83.84%  55.18
037_scissors            66.16  31.10  42.29  20.85  27.18%  65.34%  15.73
040_large_marker        40.09  23.24  30.65  16.24   8.31%  56.36%  11.55
052_extra_large_clamp  112.40  26.79  57.52  16.42  25.95%  85.50%  27.78
061_foam_brick          61.80  22.13  46.08  12.43  11.08%  72.82%  22.61
average_instance        56.25  24.77  40.08  14.18  36.74%  82.56%  17.63
2024-07-14 22:28:33,951 
Epoch: 46/100 | Learning Rate: 3.058e-05
2024-07-14 22:28:41,017 
[0000/3136]| Loss diff_H:6.06e+00 diff_O:9.63e-01 hm_H:2.21e+00 hm_O:1.77e+00 vert:1.57e-01 joint:1.69e-01 mano_pose:2.33e-02 mano_shape:3.79e-03 force:9.06e-02 gravity:6.79e-02 torque:3.45e-02 supervised:6.94e-02 CoM:1.57e-02 total:1.16e+01
2024-07-14 22:32:51,884 
[0500/3136]| Loss diff_H:6.27e+00 diff_O:1.00e+00 hm_H:2.49e+00 hm_O:1.79e+00 vert:1.21e-01 joint:1.31e-01 mano_pose:2.51e-02 mano_shape:1.98e-03 force:6.31e-02 gravity:4.09e-02 torque:2.65e-02 supervised:6.05e-02 CoM:1.83e-02 total:1.20e+01
2024-07-14 22:37:08,580 
[1000/3136]| Loss diff_H:6.20e+00 diff_O:1.03e+00 hm_H:2.33e+00 hm_O:1.88e+00 vert:1.62e-01 joint:1.75e-01 mano_pose:3.23e-02 mano_shape:3.75e-03 force:3.37e-02 gravity:6.96e-03 torque:3.30e-02 supervised:5.20e-02 CoM:1.45e-02 total:1.19e+01
2024-07-14 22:41:24,948 
[1500/3136]| Loss diff_H:5.90e+00 diff_O:1.02e+00 hm_H:2.13e+00 hm_O:1.87e+00 vert:1.19e-01 joint:1.26e-01 mano_pose:1.80e-02 mano_shape:4.86e-03 force:7.44e-02 gravity:3.79e-02 torque:3.73e-02 supervised:7.55e-02 CoM:1.32e-02 total:1.14e+01
2024-07-14 22:45:43,840 
[2000/3136]| Loss diff_H:5.72e+00 diff_O:1.14e+00 hm_H:2.08e+00 hm_O:1.88e+00 vert:1.34e-01 joint:1.44e-01 mano_pose:2.63e-02 mano_shape:4.83e-03 force:1.25e-01 gravity:9.04e-02 torque:3.07e-02 supervised:8.61e-02 CoM:2.42e-02 total:1.15e+01
2024-07-14 22:50:04,658 
[2500/3136]| Loss diff_H:5.52e+00 diff_O:1.11e+00 hm_H:2.01e+00 hm_O:1.90e+00 vert:9.53e-02 joint:1.03e-01 mano_pose:2.00e-02 mano_shape:2.92e-03 force:8.11e-02 gravity:4.87e-02 torque:2.47e-02 supervised:7.85e-02 CoM:1.28e-02 total:1.10e+01
2024-07-14 22:54:22,203 
[3000/3136]| Loss diff_H:6.09e+00 diff_O:1.05e+00 hm_H:2.21e+00 hm_O:1.89e+00 vert:1.32e-01 joint:1.41e-01 mano_pose:2.13e-02 mano_shape:7.22e-03 force:1.43e-01 gravity:1.06e-01 torque:3.93e-02 supervised:7.61e-02 CoM:1.86e-02 total:1.19e+01
2024-07-14 22:55:28,780 
Evaluation on subtest dataset: 7877
2024-07-14 23:01:05,850 
Hand Evaluation: 7936 samples
2024-07-14 23:01:05,863 
regression: 
         MJE PA_MJE MJE_0 MJE_1 MJE_2  MJE_3  MJE_4 MJE_5  MJE_6  MJE_7  MJE_8 MJE_9 MJE_10 MJE_11 MJE_12 MJE_13 MJE_14 MJE_15 MJE_16 MJE_17 MJE_18 MJE_19 MJE_20
right  11.60   5.32  0.00  4.33  7.63  10.29  14.30  8.90  11.54  13.35  16.26  9.19  12.16  14.09  17.70   8.60  11.55  14.01  18.27   8.64  11.11  13.56  18.19
left   12.04   5.14  0.00  4.67  8.02  10.80  15.06  9.28  12.20  14.07  17.57  9.68  12.57  14.27  17.92   9.11  11.91  14.09  17.87   9.26  11.86  14.21  18.39
both   11.82   5.23  0.00  4.50  7.82  10.54  14.67  9.08  11.87  13.70  16.91  9.43  12.36  14.18  17.81   8.85  11.73  14.05  18.07   8.95  11.48  13.88  18.29
2024-07-14 23:01:05,873 
one_candidate: 
         MJE PA_MJE MJE_0 MJE_1  MJE_2  MJE_3  MJE_4  MJE_5  MJE_6  MJE_7  MJE_8  MJE_9 MJE_10 MJE_11 MJE_12 MJE_13 MJE_14 MJE_15 MJE_16 MJE_17 MJE_18 MJE_19 MJE_20
right  16.02   6.61  0.00  5.91  10.54  14.48  20.28  12.48  16.52  19.09  23.09  12.89  17.06  19.72  24.42  12.01  15.89  19.05  24.25  11.99  15.11  18.09  23.51
left   16.12   6.47  0.00  6.09  10.74  14.78  20.96  12.47  16.54  19.04  23.34  12.93  16.89  19.31  24.36  12.09  15.97  19.01  23.99  12.17  15.55  18.53  23.71
both   16.07   6.54  0.00  6.00  10.64  14.63  20.61  12.47  16.53  19.07  23.21  12.91  16.98  19.52  24.39  12.05  15.93  19.03  24.12  12.08  15.33  18.31  23.61
2024-07-14 23:01:05,884 
mean_candidate_mano: 
         MJE PA_MJE MJE_0 MJE_1 MJE_2 MJE_3  MJE_4 MJE_5  MJE_6  MJE_7  MJE_8 MJE_9 MJE_10 MJE_11 MJE_12 MJE_13 MJE_14 MJE_15 MJE_16 MJE_17 MJE_18 MJE_19 MJE_20
right  10.06   5.20  0.00  3.96  6.82  9.03  12.35  7.64   9.49  10.87  13.29  7.87  10.22  11.93  15.41   7.55   9.93  12.29  16.43   7.81   9.92  12.16  16.33
left   10.36   5.06  0.00  4.19  7.10  9.43  13.10  7.88  10.06  11.50  14.42  8.27  10.53  12.01  15.10   7.97  10.20  12.16  15.78   8.33  10.55  12.66  16.40
both   10.21   5.13  0.00  4.07  6.96  9.23  12.72  7.76   9.77  11.18  13.85  8.07  10.37  11.97  15.26   7.75  10.07  12.22  16.11   8.07  10.23  12.40  16.37
2024-07-14 23:01:05,986 
Object Evaluation: 7936 samples 
Mean Pose: 
                          MCE    OCE    ADD   ADDS  ADD01d ADDS01d    REP
002_master_chef_can     54.79  21.27  40.13  11.10  36.21%  92.46%  19.05
003_cracker_box         31.07  26.43  28.88  14.05  62.16%  92.14%   8.36
004_sugar_box           37.61  25.39  31.96  14.29  51.25%  84.75%  10.08
005_tomato_soup_can     41.31  21.97  32.38  11.42  18.54%  76.10%  13.54
006_mustard_bottle      28.02  18.31  22.83   9.92  67.53%  92.99%   8.54
007_tuna_fish_can       50.59  21.37  35.49  11.41  16.07%  76.28%  16.61
008_pudding_box         42.11  29.19  36.27  17.86  51.34%  84.67%  14.93
009_gelatin_box         34.42  24.71  29.85  13.66  34.94%  77.72%   9.97
010_potted_meat_can     39.23  22.91  31.87  12.30  30.41%  76.64%  13.50
011_banana              55.31  22.54  35.71  13.93  47.25%  83.00%  14.64
019_pitcher_base        53.45  35.03  42.69  19.11  55.78%  89.95%  18.23
021_bleach_cleanser     45.51  24.44  34.44  13.77  60.26%  90.51%  14.57
024_bowl               116.78  21.06  65.86  12.13  21.32%  90.79%  37.06
025_mug                 47.75  20.69  32.13  10.03  31.96%  88.92%  13.83
035_power_drill         42.60  31.44  35.52  16.97  53.40%  87.43%  11.53
036_wood_block         135.06  28.10  96.05  17.37   7.40%  81.92%  54.66
037_scissors            63.91  30.51  41.32  20.27  26.93%  71.07%  15.54
040_large_marker        40.00  23.02  30.40  16.07   7.27%  54.55%  11.63
052_extra_large_clamp  113.08  27.28  57.98  17.18  24.17%  82.44%  28.32
061_foam_brick          60.33  20.83  44.66  11.77  11.35%  73.09%  22.45
average_instance        56.16  24.81  40.04  14.21  35.98%  82.46%  17.67
2024-07-14 23:01:06,462 
Epoch: 47/100 | Learning Rate: 2.936e-05
2024-07-14 23:01:15,929 
[0000/3136]| Loss diff_H:5.92e+00 diff_O:1.06e+00 hm_H:2.15e+00 hm_O:1.90e+00 vert:1.38e-01 joint:1.47e-01 mano_pose:2.03e-02 mano_shape:5.66e-03 force:8.36e-02 gravity:5.63e-02 torque:2.81e-02 supervised:7.43e-02 CoM:1.76e-02 total:1.16e+01
2024-07-14 23:05:22,839 
[0500/3136]| Loss diff_H:5.78e+00 diff_O:1.04e+00 hm_H:2.09e+00 hm_O:1.93e+00 vert:1.13e-01 joint:1.20e-01 mano_pose:2.12e-02 mano_shape:3.63e-03 force:6.30e-02 gravity:3.22e-02 torque:3.01e-02 supervised:5.84e-02 CoM:1.72e-02 total:1.13e+01
2024-07-14 23:09:40,136 
[1000/3136]| Loss diff_H:6.00e+00 diff_O:1.05e+00 hm_H:2.05e+00 hm_O:1.86e+00 vert:1.85e-01 joint:2.01e-01 mano_pose:1.97e-02 mano_shape:2.29e-03 force:8.41e-02 gravity:5.76e-02 torque:3.31e-02 supervised:7.29e-02 CoM:2.04e-02 total:1.16e+01
2024-07-14 23:13:58,975 
[1500/3136]| Loss diff_H:6.02e+00 diff_O:1.07e+00 hm_H:2.19e+00 hm_O:1.80e+00 vert:1.23e-01 joint:1.34e-01 mano_pose:2.28e-02 mano_shape:3.93e-03 force:8.71e-02 gravity:4.06e-02 torque:3.60e-02 supervised:7.79e-02 CoM:1.55e-02 total:1.16e+01
2024-07-14 23:18:15,761 
[2000/3136]| Loss diff_H:5.76e+00 diff_O:1.17e+00 hm_H:2.20e+00 hm_O:1.93e+00 vert:1.41e-01 joint:1.50e-01 mano_pose:2.29e-02 mano_shape:2.23e-03 force:5.53e-02 gravity:2.58e-02 torque:3.47e-02 supervised:5.47e-02 CoM:1.39e-02 total:1.16e+01
2024-07-14 23:22:33,071 
[2500/3136]| Loss diff_H:6.17e+00 diff_O:1.07e+00 hm_H:2.06e+00 hm_O:1.86e+00 vert:1.52e-01 joint:1.64e-01 mano_pose:2.19e-02 mano_shape:3.21e-03 force:1.20e-01 gravity:8.20e-02 torque:3.07e-02 supervised:7.10e-02 CoM:1.87e-02 total:1.18e+01
2024-07-14 23:26:50,560 
[3000/3136]| Loss diff_H:6.04e+00 diff_O:1.17e+00 hm_H:2.15e+00 hm_O:1.80e+00 vert:1.56e-01 joint:1.70e-01 mano_pose:2.49e-02 mano_shape:8.47e-03 force:7.13e-02 gravity:3.24e-02 torque:3.25e-02 supervised:8.40e-02 CoM:2.17e-02 total:1.18e+01
2024-07-14 23:28:00,618 
Evaluation on subtest dataset: 7877
2024-07-14 23:34:44,591 
Hand Evaluation: 7936 samples
2024-07-14 23:34:44,604 
regression: 
         MJE PA_MJE MJE_0 MJE_1 MJE_2  MJE_3  MJE_4 MJE_5  MJE_6  MJE_7  MJE_8 MJE_9 MJE_10 MJE_11 MJE_12 MJE_13 MJE_14 MJE_15 MJE_16 MJE_17 MJE_18 MJE_19 MJE_20
right  11.73   5.35  0.00  4.34  7.67  10.37  14.47  9.07  11.78  13.57  16.44  9.40  12.37  14.29  17.86   8.75  11.70  14.15  18.42   8.74  11.16  13.59  18.20
left   12.18   5.20  0.00  4.70  8.08  10.92  15.30  9.39  12.35  14.28  17.84  9.76  12.72  14.46  18.30   9.16  12.06  14.32  18.17   9.24  11.89  14.29  18.52
both   11.95   5.27  0.00  4.52  7.87  10.64  14.88  9.23  12.06  13.92  17.13  9.58  12.54  14.38  18.08   8.95  11.87  14.23  18.30   8.99  11.52  13.93  18.36
2024-07-14 23:34:44,615 
one_candidate: 
         MJE PA_MJE MJE_0 MJE_1  MJE_2  MJE_3  MJE_4  MJE_5  MJE_6  MJE_7  MJE_8  MJE_9 MJE_10 MJE_11 MJE_12 MJE_13 MJE_14 MJE_15 MJE_16 MJE_17 MJE_18 MJE_19 MJE_20
right  16.13   6.56  0.00  5.91  10.68  14.68  20.64  12.53  16.62  19.30  23.42  12.97  17.20  19.94  24.69  12.05  16.02  19.26  24.54  11.95  15.04  17.99  23.35
left   16.21   6.45  0.00  6.11  10.72  14.78  20.96  12.52  16.65  19.25  23.58  13.03  17.07  19.46  24.31  12.20  16.09  19.10  23.94  12.25  15.69  18.76  23.97
both   16.17   6.50  0.00  6.01  10.70  14.73  20.80  12.52  16.64  19.28  23.50  13.00  17.13  19.71  24.50  12.12  16.06  19.18  24.25  12.10  15.36  18.37  23.65
2024-07-14 23:34:44,626 
mean_candidate_mano: 
         MJE PA_MJE MJE_0 MJE_1 MJE_2 MJE_3  MJE_4 MJE_5  MJE_6  MJE_7  MJE_8 MJE_9 MJE_10 MJE_11 MJE_12 MJE_13 MJE_14 MJE_15 MJE_16 MJE_17 MJE_18 MJE_19 MJE_20
right  10.13   5.19  0.00  3.98  6.84  9.01  12.34  7.73   9.59  10.97  13.37  7.96  10.35  12.07  15.52   7.60  10.05  12.43  16.58   7.85   9.97  12.19  16.28
left   10.44   5.05  0.00  4.22  7.13  9.45  13.16  7.96  10.14  11.61  14.55  8.34  10.65  12.19  15.24   8.03  10.34  12.33  15.93   8.37  10.59  12.65  16.37
both   10.28   5.12  0.00  4.10  6.98  9.23  12.74  7.85   9.86  11.29  13.95  8.15  10.50  12.13  15.38   7.81  10.19  12.38  16.26   8.11  10.28  12.41  16.32
2024-07-14 23:34:44,729 
Object Evaluation: 7936 samples 
Mean Pose: 
                          MCE    OCE    ADD   ADDS  ADD01d ADDS01d    REP
002_master_chef_can     59.45  21.07  42.94  11.10  31.90%  91.81%  20.43
003_cracker_box         32.26  27.65  30.12  14.67  60.44%  91.40%   8.61
004_sugar_box           36.97  25.08  31.51  14.25  50.00%  85.00%  10.19
005_tomato_soup_can     42.14  22.23  33.01  11.70  16.83%  77.32%  13.51
006_mustard_bottle      28.68  18.51  23.28  10.00  63.64%  94.03%   8.31
007_tuna_fish_can       53.10  22.21  37.10  11.95  16.58%  73.47%  17.19
008_pudding_box         40.02  28.61  34.79  17.37  51.34%  85.16%  14.10
009_gelatin_box         33.72  24.58  29.43  13.47  40.00%  76.96%   9.64
010_potted_meat_can     38.79  21.69  31.08  11.68  30.90%  80.54%  13.29
011_banana              56.07  23.25  36.58  14.81  44.75%  79.50%  14.74
019_pitcher_base        54.43  35.85  43.59  19.39  54.52%  90.45%  18.24
021_bleach_cleanser     45.51  25.81  35.18  14.29  57.95%  91.28%  14.35
024_bowl               119.46  21.41  67.34  12.19  20.00%  90.26%  37.90
025_mug                 46.80  20.02  31.22   9.74  34.54%  90.98%  13.51
035_power_drill         42.57  31.69  35.59  16.97  54.19%  85.34%  11.67
036_wood_block         132.90  28.44  94.73  16.83   7.12%  84.11%  53.49
037_scissors            64.63  29.83  40.83  19.78  28.93%  68.83%  15.11
040_large_marker        38.98  22.58  29.83  15.74   5.97%  57.40%  11.29
052_extra_large_clamp  111.76  27.26  57.61  16.94  24.43%  84.22%  27.86
061_foam_brick          61.33  22.38  45.73  12.48  10.55%  68.87%  22.53
average_instance        56.53  24.98  40.31  14.24  35.40%  82.43%  17.63
2024-07-14 23:34:45,266 
Epoch: 48/100 | Learning Rate: 2.819e-05
2024-07-14 23:34:52,772 
[0000/3136]| Loss diff_H:5.77e+00 diff_O:1.48e+00 hm_H:2.29e+00 hm_O:1.92e+00 vert:1.21e-01 joint:1.30e-01 mano_pose:2.01e-02 mano_shape:1.67e-03 force:7.98e-02 gravity:6.81e-02 torque:3.07e-02 supervised:4.60e-02 CoM:2.24e-02 total:1.20e+01
2024-07-14 23:38:59,999 
[0500/3136]| Loss diff_H:5.83e+00 diff_O:1.02e+00 hm_H:2.35e+00 hm_O:2.07e+00 vert:1.16e-01 joint:1.21e-01 mano_pose:3.02e-02 mano_shape:2.20e-03 force:6.81e-02 gravity:3.40e-02 torque:3.54e-02 supervised:6.51e-02 CoM:2.07e-02 total:1.18e+01
2024-07-14 23:43:06,285 
[1000/3136]| Loss diff_H:5.97e+00 diff_O:1.26e+00 hm_H:2.21e+00 hm_O:1.95e+00 vert:1.11e-01 joint:1.20e-01 mano_pose:2.13e-02 mano_shape:5.62e-03 force:9.10e-02 gravity:6.34e-02 torque:3.90e-02 supervised:8.86e-02 CoM:1.77e-02 total:1.19e+01
2024-07-14 23:47:21,685 
[1500/3136]| Loss diff_H:6.05e+00 diff_O:1.11e+00 hm_H:1.98e+00 hm_O:1.78e+00 vert:1.01e-01 joint:1.10e-01 mano_pose:2.29e-02 mano_shape:1.88e-03 force:1.50e-01 gravity:1.05e-01 torque:2.69e-02 supervised:7.97e-02 CoM:1.87e-02 total:1.15e+01
2024-07-14 23:51:36,986 
[2000/3136]| Loss diff_H:6.34e+00 diff_O:9.88e-01 hm_H:1.95e+00 hm_O:1.82e+00 vert:1.16e-01 joint:1.23e-01 mano_pose:2.45e-02 mano_shape:2.27e-03 force:9.50e-02 gravity:5.35e-02 torque:3.65e-02 supervised:8.30e-02 CoM:1.40e-02 total:1.17e+01
2024-07-14 23:55:53,527 
[2500/3136]| Loss diff_H:6.26e+00 diff_O:1.05e+00 hm_H:2.13e+00 hm_O:1.90e+00 vert:1.97e-01 joint:2.12e-01 mano_pose:2.40e-02 mano_shape:9.07e-03 force:1.05e-01 gravity:5.75e-02 torque:2.84e-02 supervised:6.16e-02 CoM:3.21e-02 total:1.21e+01
2024-07-15 00:00:11,364 
[3000/3136]| Loss diff_H:5.98e+00 diff_O:1.13e+00 hm_H:2.08e+00 hm_O:1.84e+00 vert:1.47e-01 joint:1.58e-01 mano_pose:1.99e-02 mano_shape:5.11e-03 force:7.19e-02 gravity:4.65e-02 torque:3.10e-02 supervised:5.82e-02 CoM:2.28e-02 total:1.16e+01
2024-07-15 00:01:21,523 
Evaluation on subtest dataset: 7877
2024-07-15 00:06:58,260 
Hand Evaluation: 7936 samples
2024-07-15 00:06:58,273 
regression: 
         MJE PA_MJE MJE_0 MJE_1 MJE_2  MJE_3  MJE_4 MJE_5  MJE_6  MJE_7  MJE_8 MJE_9 MJE_10 MJE_11 MJE_12 MJE_13 MJE_14 MJE_15 MJE_16 MJE_17 MJE_18 MJE_19 MJE_20
right  11.63   5.33  0.00  4.31  7.60  10.27  14.33  8.88  11.54  13.36  16.27  9.22  12.16  14.15  17.81   8.66  11.59  14.10  18.37   8.71  11.15  13.58  18.17
left   12.05   5.15  0.00  4.66  8.03  10.90  15.29  9.24  12.18  14.12  17.72  9.59  12.44  14.20  18.21   9.01  11.85  14.10  17.94   9.13  11.79  14.18  18.39
both   11.84   5.24  0.00  4.48  7.81  10.58  14.80  9.06  11.85  13.74  16.99  9.40  12.30  14.18  18.01   8.83  11.72  14.10  18.16   8.92  11.47  13.87  18.28
2024-07-15 00:06:58,284 
one_candidate: 
         MJE PA_MJE MJE_0 MJE_1  MJE_2  MJE_3  MJE_4  MJE_5  MJE_6  MJE_7  MJE_8  MJE_9 MJE_10 MJE_11 MJE_12 MJE_13 MJE_14 MJE_15 MJE_16 MJE_17 MJE_18 MJE_19 MJE_20
right  15.86   6.63  0.00  5.79  10.41  14.34  20.27  12.10  16.03  18.63  22.65  12.63  16.72  19.43  24.27  11.88  15.79  19.12  24.51  11.89  15.01  18.08  23.58
left   16.40   6.44  0.00  6.16  10.82  14.81  20.93  12.53  16.76  19.43  23.93  13.09  17.21  19.72  24.78  12.38  16.34  19.45  24.39  12.49  15.98  19.02  24.16
both   16.13   6.54  0.00  5.97  10.62  14.57  20.60  12.31  16.39  19.03  23.28  12.86  16.96  19.58  24.53  12.13  16.06  19.28  24.45  12.19  15.49  18.54  23.87
2024-07-15 00:06:58,295 
mean_candidate_mano: 
         MJE PA_MJE MJE_0 MJE_1 MJE_2 MJE_3  MJE_4 MJE_5  MJE_6  MJE_7  MJE_8 MJE_9 MJE_10 MJE_11 MJE_12 MJE_13 MJE_14 MJE_15 MJE_16 MJE_17 MJE_18 MJE_19 MJE_20
right  10.08   5.19  0.00  3.97  6.79  8.97  12.29  7.68   9.51  10.89  13.33  7.91  10.26  11.98  15.49   7.58   9.99  12.38  16.53   7.85   9.93  12.16  16.31
left   10.36   5.03  0.00  4.23  7.12  9.42  13.04  7.86  10.09  11.61  14.61  8.21  10.47  12.05  15.19   7.93  10.14  12.16  15.80   8.30  10.46  12.52  16.30
both   10.22   5.11  0.00  4.10  6.95  9.19  12.66  7.77   9.79  11.25  13.96  8.06  10.36  12.02  15.34   7.75  10.06  12.27  16.17   8.07  10.19  12.34  16.30
2024-07-15 00:06:58,404 
Object Evaluation: 7936 samples 
Mean Pose: 
                          MCE    OCE    ADD   ADDS  ADD01d ADDS01d    REP
002_master_chef_can     58.82  20.57  42.29  10.67  31.47%  93.53%  20.38
003_cracker_box         31.97  27.08  29.64  14.38  64.37%  91.65%   8.38
004_sugar_box           36.53  24.38  30.94  13.73  55.00%  84.25%  10.09
005_tomato_soup_can     41.23  22.04  32.33  11.58  20.00%  78.29%  13.67
006_mustard_bottle      28.24  18.33  23.00   9.89  65.71%  94.55%   8.54
007_tuna_fish_can       52.74  22.00  36.92  11.69  16.33%  72.45%  17.27
008_pudding_box         41.90  29.39  36.23  17.76  47.93%  84.67%  14.47
009_gelatin_box         33.28  23.83  28.81  13.15  38.99%  77.22%   9.85
010_potted_meat_can     38.72  21.30  30.92  11.43  33.33%  80.78%  13.69
011_banana              53.74  23.62  35.74  14.58  46.25%  81.50%  13.92
019_pitcher_base        52.55  35.03  42.13  18.94  55.03%  91.46%  17.52
021_bleach_cleanser     46.27  26.87  36.13  14.74  55.38%  90.26%  14.75
024_bowl               116.40  21.36  65.92  12.26  19.74%  90.26%  36.83
025_mug                 45.44  20.42  30.85   9.78  33.25%  90.72%  13.19
035_power_drill         43.33  31.88  36.06  17.29  57.07%  84.55%  12.17
036_wood_block         135.15  28.50  96.36  17.09   6.85%  83.84%  55.65
037_scissors            64.28  30.53  41.20  20.03  28.43%  68.58%  15.21
040_large_marker        39.75  22.70  30.27  16.09   7.27%  54.29%  11.39
052_extra_large_clamp  112.80  27.43  58.05  16.97  22.39%  84.99%  28.65
061_foam_brick          61.04  21.58  45.31  12.03  10.82%  70.71%  22.57
average_instance        56.25  24.91  40.19  14.18  35.95%  82.54%  17.73
2024-07-15 00:06:58,897 
Epoch: 49/100 | Learning Rate: 2.706e-05
2024-07-15 00:07:07,364 
[0000/3136]| Loss diff_H:5.98e+00 diff_O:1.02e+00 hm_H:2.18e+00 hm_O:1.78e+00 vert:2.13e-01 joint:2.29e-01 mano_pose:3.65e-02 mano_shape:1.37e-03 force:5.87e-02 gravity:3.26e-02 torque:2.45e-02 supervised:7.00e-02 CoM:2.31e-02 total:1.17e+01
2024-07-15 00:11:15,017 
[0500/3136]| Loss diff_H:6.32e+00 diff_O:1.13e+00 hm_H:2.33e+00 hm_O:1.92e+00 vert:1.93e-01 joint:2.10e-01 mano_pose:3.05e-02 mano_shape:4.86e-03 force:7.83e-02 gravity:4.62e-02 torque:3.46e-02 supervised:6.35e-02 CoM:3.06e-02 total:1.24e+01
2024-07-15 00:15:21,698 
[1000/3136]| Loss diff_H:6.14e+00 diff_O:1.01e+00 hm_H:2.23e+00 hm_O:1.84e+00 vert:1.25e-01 joint:1.31e-01 mano_pose:2.29e-02 mano_shape:2.18e-03 force:1.00e-01 gravity:6.24e-02 torque:3.93e-02 supervised:7.46e-02 CoM:1.22e-02 total:1.18e+01
2024-07-15 00:19:35,096 
[1500/3136]| Loss diff_H:6.33e+00 diff_O:1.05e+00 hm_H:2.28e+00 hm_O:1.83e+00 vert:1.40e-01 joint:1.50e-01 mano_pose:2.79e-02 mano_shape:4.11e-03 force:4.95e-02 gravity:3.03e-02 torque:2.55e-02 supervised:6.12e-02 CoM:2.19e-02 total:1.20e+01
2024-07-15 00:23:52,564 
[2000/3136]| Loss diff_H:5.96e+00 diff_O:1.16e+00 hm_H:2.20e+00 hm_O:1.93e+00 vert:9.55e-02 joint:1.02e-01 mano_pose:2.03e-02 mano_shape:3.23e-03 force:6.23e-02 gravity:2.95e-02 torque:3.44e-02 supervised:6.99e-02 CoM:1.16e-02 total:1.17e+01
2024-07-15 00:28:10,025 
[2500/3136]| Loss diff_H:5.97e+00 diff_O:1.20e+00 hm_H:2.16e+00 hm_O:1.86e+00 vert:1.18e-01 joint:1.27e-01 mano_pose:1.92e-02 mano_shape:3.52e-03 force:5.49e-02 gravity:1.98e-02 torque:3.35e-02 supervised:6.04e-02 CoM:1.71e-02 total:1.16e+01
2024-07-15 00:32:27,107 
[3000/3136]| Loss diff_H:6.19e+00 diff_O:1.25e+00 hm_H:2.42e+00 hm_O:2.05e+00 vert:1.35e-01 joint:1.45e-01 mano_pose:2.77e-02 mano_shape:9.40e-03 force:7.41e-02 gravity:3.69e-02 torque:2.46e-02 supervised:5.20e-02 CoM:2.27e-02 total:1.24e+01
2024-07-15 00:33:37,125 
Evaluation on subtest dataset: 7877
2024-07-15 00:40:25,295 
Hand Evaluation: 7936 samples
2024-07-15 00:40:25,306 
regression: 
         MJE PA_MJE MJE_0 MJE_1 MJE_2  MJE_3  MJE_4 MJE_5  MJE_6  MJE_7  MJE_8 MJE_9 MJE_10 MJE_11 MJE_12 MJE_13 MJE_14 MJE_15 MJE_16 MJE_17 MJE_18 MJE_19 MJE_20
right  11.67   5.33  0.00  4.36  7.64  10.30  14.31  9.02  11.64  13.42  16.32  9.28  12.22  14.20  17.85   8.65  11.61  14.14  18.43   8.66  11.14  13.62  18.24
left   12.13   5.17  0.00  4.70  8.06  10.91  15.26  9.41  12.35  14.26  17.84  9.77  12.67  14.38  18.14   9.16  11.97  14.19  18.00   9.26  11.85  14.21  18.37
both   11.90   5.25  0.00  4.53  7.85  10.60  14.78  9.21  11.99  13.83  17.07  9.52  12.44  14.29  18.00   8.90  11.79  14.16  18.22   8.96  11.49  13.91  18.31
2024-07-15 00:40:25,317 
one_candidate: 
         MJE PA_MJE MJE_0 MJE_1  MJE_2  MJE_3  MJE_4  MJE_5  MJE_6  MJE_7  MJE_8  MJE_9 MJE_10 MJE_11 MJE_12 MJE_13 MJE_14 MJE_15 MJE_16 MJE_17 MJE_18 MJE_19 MJE_20
right  15.95   6.61  0.00  5.86  10.53  14.43  20.24  12.28  16.31  18.94  23.04  12.70  16.92  19.71  24.59  11.81  15.79  19.12  24.58  11.73  14.93  18.00  23.51
left   16.14   6.42  0.00  6.07  10.77  14.69  20.76  12.42  16.42  19.02  23.48  12.96  16.92  19.35  24.34  12.18  15.96  19.06  24.08  12.24  15.63  18.69  23.86
both   16.05   6.51  0.00  5.97  10.65  14.56  20.50  12.35  16.37  18.98  23.26  12.83  16.92  19.53  24.47  11.99  15.88  19.09  24.33  11.98  15.28  18.34  23.68
2024-07-15 00:40:25,327 
mean_candidate_mano: 
         MJE PA_MJE MJE_0 MJE_1 MJE_2 MJE_3  MJE_4 MJE_5  MJE_6  MJE_7  MJE_8 MJE_9 MJE_10 MJE_11 MJE_12 MJE_13 MJE_14 MJE_15 MJE_16 MJE_17 MJE_18 MJE_19 MJE_20
right  10.06   5.20  0.00  3.97  6.84  9.03  12.33  7.66   9.45  10.80  13.19  7.86  10.20  11.96  15.47   7.51   9.93  12.39  16.60   7.76   9.89  12.17  16.37
left   10.38   5.04  0.00  4.22  7.09  9.37  13.00  7.92  10.10  11.56  14.54  8.28  10.56  12.10  15.19   7.99  10.25  12.27  15.93   8.34  10.52  12.57  16.27
both   10.22   5.12  0.00  4.10  6.96  9.19  12.66  7.79   9.77  11.17  13.86  8.06  10.37  12.03  15.33   7.74  10.09  12.33  16.27   8.05  10.20  12.37  16.32
2024-07-15 00:40:25,431 
Object Evaluation: 7936 samples 
Mean Pose: 
                          MCE    OCE    ADD   ADDS  ADD01d ADDS01d    REP
002_master_chef_can     60.17  20.85  43.28  10.90  32.11%  92.24%  20.85
003_cracker_box         31.57  26.46  29.23  14.09  64.37%  91.89%   8.45
004_sugar_box           38.19  26.17  32.59  14.83  49.00%  83.50%  10.16
005_tomato_soup_can     41.70  22.28  32.69  11.55  20.24%  76.34%  13.68
006_mustard_bottle      27.93  18.19  22.75   9.80  65.71%  94.03%   8.38
007_tuna_fish_can       52.07  22.12  36.51  11.87  16.07%  76.79%  17.11
008_pudding_box         41.74  29.99  36.35  18.37  49.64%  85.40%  14.32
009_gelatin_box         33.45  24.36  29.18  13.28  37.22%  74.94%   9.24
010_potted_meat_can     38.08  21.27  30.46  11.47  34.55%  81.51%  13.54
011_banana              55.10  23.46  36.21  14.69  47.25%  79.25%  14.45
019_pitcher_base        52.04  35.09  42.08  19.17  56.53%  88.94%  17.40
021_bleach_cleanser     46.86  26.00  36.03  14.54  55.38%  90.26%  14.96
024_bowl               118.93  20.76  67.03  11.71  20.53%  91.58%  37.47
025_mug                 45.56  19.79  30.77   9.67  35.31%  90.21%  13.08
035_power_drill         42.75  31.52  35.66  16.71  53.66%  87.96%  11.62
036_wood_block         135.62  28.66  96.44  16.79   7.67%  83.29%  55.00
037_scissors            65.11  31.16  42.11  20.46  26.93%  70.57%  15.14
040_large_marker        40.11  21.67  29.88  15.36   8.57%  60.00%  11.53
052_extra_large_clamp  112.45  26.96  57.60  16.79  24.68%  83.72%  28.59
061_foam_brick          59.82  21.40  44.52  11.97  10.03%  73.61%  22.06
average_instance        56.51  24.89  40.31  14.18  35.95%  82.88%  17.68
2024-07-15 00:40:25,898 
Epoch: 50/100 | Learning Rate: 2.598e-05
2024-07-15 00:40:34,647 
[0000/3136]| Loss diff_H:6.05e+00 diff_O:1.05e+00 hm_H:2.07e+00 hm_O:1.83e+00 vert:1.50e-01 joint:1.60e-01 mano_pose:2.56e-02 mano_shape:3.52e-03 force:6.30e-02 gravity:4.67e-02 torque:2.72e-02 supervised:5.65e-02 CoM:1.63e-02 total:1.15e+01
2024-07-15 00:44:38,869 
[0500/3136]| Loss diff_H:5.85e+00 diff_O:1.12e+00 hm_H:2.06e+00 hm_O:1.83e+00 vert:1.15e-01 joint:1.22e-01 mano_pose:2.18e-02 mano_shape:6.69e-03 force:5.98e-02 gravity:3.30e-02 torque:2.86e-02 supervised:6.23e-02 CoM:1.99e-02 total:1.13e+01
2024-07-15 00:48:44,424 
[1000/3136]| Loss diff_H:5.67e+00 diff_O:1.05e+00 hm_H:2.06e+00 hm_O:1.84e+00 vert:1.31e-01 joint:1.41e-01 mano_pose:3.09e-02 mano_shape:1.55e-03 force:7.36e-02 gravity:4.14e-02 torque:2.83e-02 supervised:6.38e-02 CoM:1.76e-02 total:1.11e+01
2024-07-15 00:52:56,417 
[1500/3136]| Loss diff_H:5.84e+00 diff_O:1.13e+00 hm_H:2.06e+00 hm_O:1.98e+00 vert:1.02e-01 joint:1.11e-01 mano_pose:2.31e-02 mano_shape:3.34e-03 force:4.44e-02 gravity:2.14e-02 torque:2.86e-02 supervised:5.29e-02 CoM:2.11e-02 total:1.14e+01
2024-07-15 00:57:15,312 
[2000/3136]| Loss diff_H:5.63e+00 diff_O:9.24e-01 hm_H:2.31e+00 hm_O:1.77e+00 vert:1.29e-01 joint:1.40e-01 mano_pose:2.47e-02 mano_shape:3.54e-03 force:1.34e-01 gravity:9.47e-02 torque:2.49e-02 supervised:6.34e-02 CoM:1.60e-02 total:1.13e+01
2024-07-15 01:01:32,286 
[2500/3136]| Loss diff_H:6.00e+00 diff_O:1.22e+00 hm_H:2.18e+00 hm_O:1.91e+00 vert:1.65e-01 joint:1.77e-01 mano_pose:2.63e-02 mano_shape:2.21e-03 force:8.45e-02 gravity:5.33e-02 torque:2.31e-02 supervised:5.94e-02 CoM:2.07e-02 total:1.19e+01
2024-07-15 01:05:48,684 
[3000/3136]| Loss diff_H:6.22e+00 diff_O:1.17e+00 hm_H:2.24e+00 hm_O:1.95e+00 vert:1.33e-01 joint:1.44e-01 mano_pose:2.72e-02 mano_shape:5.81e-03 force:5.66e-02 gravity:2.61e-02 torque:1.74e-02 supervised:6.23e-02 CoM:2.40e-02 total:1.21e+01
2024-07-15 01:06:58,909 
Evaluation on subtest dataset: 7877
2024-07-15 01:13:30,763 
Hand Evaluation: 7936 samples
2024-07-15 01:13:30,776 
regression: 
         MJE PA_MJE MJE_0 MJE_1 MJE_2  MJE_3  MJE_4 MJE_5  MJE_6  MJE_7  MJE_8 MJE_9 MJE_10 MJE_11 MJE_12 MJE_13 MJE_14 MJE_15 MJE_16 MJE_17 MJE_18 MJE_19 MJE_20
right  11.67   5.33  0.00  4.34  7.63  10.33  14.40  8.99  11.59  13.43  16.34  9.30  12.23  14.22  17.82   8.70  11.65  14.11  18.34   8.72  11.17  13.59  18.18
left   12.12   5.18  0.00  4.68  8.05  10.86  15.16  9.36  12.27  14.18  17.79  9.76  12.62  14.35  18.18   9.17  11.99  14.21  18.02   9.29  11.89  14.26  18.46
both   11.89   5.26  0.00  4.51  7.84  10.59  14.77  9.17  11.92  13.80  17.05  9.52  12.43  14.28  18.00   8.93  11.82  14.16  18.18   9.00  11.52  13.92  18.32
2024-07-15 01:13:30,786 
one_candidate: 
         MJE PA_MJE MJE_0 MJE_1  MJE_2  MJE_3  MJE_4  MJE_5  MJE_6  MJE_7  MJE_8  MJE_9 MJE_10 MJE_11 MJE_12 MJE_13 MJE_14 MJE_15 MJE_16 MJE_17 MJE_18 MJE_19 MJE_20
right  15.80   6.57  0.00  5.91  10.45  14.38  20.26  12.28  16.28  18.85  22.80  12.60  16.73  19.47  24.26  11.67  15.61  18.90  24.26  11.63  14.71  17.71  23.11
left   16.14   6.48  0.00  6.05  10.74  14.74  20.91  12.54  16.58  19.08  23.40  13.09  16.99  19.39  24.39  12.23  15.98  18.94  23.76  12.23  15.58  18.60  23.69
both   15.97   6.53  0.00  5.98  10.60  14.56  20.58  12.41  16.43  18.96  23.10  12.84  16.86  19.44  24.32  11.95  15.79  18.92  24.01  11.92  15.14  18.15  23.40
2024-07-15 01:13:30,796 
mean_candidate_mano: 
         MJE PA_MJE MJE_0 MJE_1 MJE_2 MJE_3  MJE_4 MJE_5  MJE_6  MJE_7  MJE_8 MJE_9 MJE_10 MJE_11 MJE_12 MJE_13 MJE_14 MJE_15 MJE_16 MJE_17 MJE_18 MJE_19 MJE_20
right  10.13   5.19  0.00  3.96  6.82  9.02  12.43  7.71   9.55  10.97  13.41  7.95  10.31  12.09  15.62   7.57  10.04  12.46  16.58   7.82   9.95  12.16  16.27
left   10.51   5.06  0.00  4.24  7.14  9.44  13.13  8.08  10.26  11.72  14.67  8.47  10.75  12.29  15.38   8.12  10.38  12.37  15.98   8.45  10.66  12.74  16.48
both   10.32   5.13  0.00  4.10  6.98  9.23  12.78  7.89   9.90  11.34  14.03  8.20  10.53  12.19  15.50   7.84  10.21  12.42  16.28   8.13  10.30  12.45  16.37
2024-07-15 01:13:30,902 
Object Evaluation: 7936 samples 
Mean Pose: 
                          MCE    OCE    ADD   ADDS  ADD01d ADDS01d    REP
002_master_chef_can     58.50  20.90  42.38  10.91  31.03%  92.46%  20.10
003_cracker_box         32.00  27.11  29.70  14.40  61.43%  90.66%   8.43
004_sugar_box           37.69  25.15  31.89  14.37  51.50%  83.75%  10.02
005_tomato_soup_can     41.75  22.47  32.80  11.76  18.29%  77.07%  13.71
006_mustard_bottle      28.37  18.18  22.96   9.79  64.42%  94.29%   8.67
007_tuna_fish_can       51.99  22.88  36.92  12.28  14.54%  71.17%  16.84
008_pudding_box         40.40  28.95  35.13  17.56  54.74%  85.16%  14.64
009_gelatin_box         33.85  24.71  29.53  13.67  39.24%  74.68%   9.56
010_potted_meat_can     38.77  22.01  31.18  11.66  33.33%  79.32%  13.26
011_banana              54.39  22.72  35.74  14.58  45.25%  81.25%  13.90
019_pitcher_base        51.97  35.30  42.16  19.18  56.78%  90.45%  17.71
021_bleach_cleanser     44.45  25.08  34.33  14.02  57.95%  90.26%  14.56
024_bowl               117.69  21.40  66.46  12.14  20.79%  89.74%  37.01
025_mug                 44.20  19.94  30.10   9.69  34.54%  90.21%  12.89
035_power_drill         42.70  31.43  35.65  16.71  55.24%  85.60%  11.71
036_wood_block         136.64  28.08  96.85  16.63   7.40%  85.21%  56.26
037_scissors            64.51  31.19  42.26  20.75  29.43%  67.83%  15.53
040_large_marker        39.09  21.75  29.49  15.30  10.91%  57.66%  11.56
052_extra_large_clamp  111.80  26.93  57.39  16.86  24.17%  81.93%  28.08
061_foam_brick          59.94  22.01  44.78  12.24  11.61%  71.77%  21.99
average_instance        56.07  24.89  40.12  14.20  36.29%  82.11%  17.64
2024-07-15 01:13:31,338 
Epoch: 51/100 | Learning Rate: 2.494e-05
2024-07-15 01:13:40,321 
[0000/3136]| Loss diff_H:6.13e+00 diff_O:1.17e+00 hm_H:2.18e+00 hm_O:1.88e+00 vert:2.58e-01 joint:2.80e-01 mano_pose:3.14e-02 mano_shape:2.80e-03 force:7.72e-02 gravity:3.27e-02 torque:3.09e-02 supervised:6.62e-02 CoM:1.37e-02 total:1.21e+01
2024-07-15 01:17:45,228 
[0500/3136]| Loss diff_H:6.57e+00 diff_O:1.08e+00 hm_H:2.40e+00 hm_O:1.88e+00 vert:1.76e-01 joint:1.87e-01 mano_pose:2.73e-02 mano_shape:7.31e-03 force:9.65e-02 gravity:7.01e-02 torque:3.41e-02 supervised:6.78e-02 CoM:1.53e-02 total:1.26e+01
2024-07-15 01:21:51,629 
[1000/3136]| Loss diff_H:6.35e+00 diff_O:1.23e+00 hm_H:2.33e+00 hm_O:1.98e+00 vert:1.23e-01 joint:1.33e-01 mano_pose:2.33e-02 mano_shape:2.93e-03 force:6.90e-02 gravity:3.77e-02 torque:3.24e-02 supervised:6.68e-02 CoM:2.96e-02 total:1.24e+01
2024-07-15 01:25:56,661 
[1500/3136]| Loss diff_H:5.58e+00 diff_O:1.03e+00 hm_H:2.16e+00 hm_O:1.80e+00 vert:1.53e-01 joint:1.64e-01 mano_pose:1.90e-02 mano_shape:3.33e-03 force:9.15e-02 gravity:5.82e-02 torque:2.72e-02 supervised:6.64e-02 CoM:1.58e-02 total:1.12e+01
2024-07-15 01:30:15,036 
[2000/3136]| Loss diff_H:6.61e+00 diff_O:1.03e+00 hm_H:2.27e+00 hm_O:1.86e+00 vert:2.10e-01 joint:2.25e-01 mano_pose:3.38e-02 mano_shape:8.46e-03 force:8.54e-02 gravity:3.85e-02 torque:2.11e-02 supervised:6.41e-02 CoM:2.33e-02 total:1.25e+01
2024-07-15 01:34:36,238 
[2500/3136]| Loss diff_H:6.21e+00 diff_O:1.16e+00 hm_H:2.20e+00 hm_O:1.88e+00 vert:2.02e-01 joint:2.19e-01 mano_pose:2.22e-02 mano_shape:1.81e-03 force:4.23e-02 gravity:1.69e-02 torque:3.75e-02 supervised:5.81e-02 CoM:1.85e-02 total:1.21e+01
2024-07-15 01:38:52,642 
[3000/3136]| Loss diff_H:5.99e+00 diff_O:1.09e+00 hm_H:2.19e+00 hm_O:1.86e+00 vert:1.25e-01 joint:1.35e-01 mano_pose:2.30e-02 mano_shape:3.95e-03 force:6.59e-02 gravity:3.81e-02 torque:2.21e-02 supervised:5.26e-02 CoM:1.60e-02 total:1.16e+01
2024-07-15 01:40:02,805 
Evaluation on subtest dataset: 7877
2024-07-15 01:48:46,163 
Hand Evaluation: 7936 samples
2024-07-15 01:48:46,176 
regression: 
         MJE PA_MJE MJE_0 MJE_1 MJE_2  MJE_3  MJE_4 MJE_5  MJE_6  MJE_7  MJE_8 MJE_9 MJE_10 MJE_11 MJE_12 MJE_13 MJE_14 MJE_15 MJE_16 MJE_17 MJE_18 MJE_19 MJE_20
right  11.72   5.32  0.00  4.38  7.71  10.44  14.54  9.11  11.80  13.56  16.38  9.40  12.34  14.24  17.82   8.74  11.66  14.10  18.36   8.72  11.15  13.55  18.13
left   12.23   5.16  0.00  4.73  8.14  10.98  15.36  9.48  12.47  14.38  17.89  9.85  12.81  14.55  18.31   9.22  12.08  14.34  18.16   9.31  11.91  14.30  18.50
both   11.97   5.24  0.00  4.55  7.92  10.70  14.95  9.29  12.13  13.97  17.12  9.62  12.57  14.39  18.06   8.98  11.87  14.22  18.26   9.01  11.52  13.92  18.31
2024-07-15 01:48:46,187 
one_candidate: 
         MJE PA_MJE MJE_0 MJE_1  MJE_2  MJE_3  MJE_4  MJE_5  MJE_6  MJE_7  MJE_8  MJE_9 MJE_10 MJE_11 MJE_12 MJE_13 MJE_14 MJE_15 MJE_16 MJE_17 MJE_18 MJE_19 MJE_20
right  15.76   6.54  0.00  5.84  10.50  14.38  20.20  12.34  16.37  18.85  22.65  12.71  16.77  19.36  24.03  11.77  15.62  18.71  23.91  11.66  14.72  17.65  23.01
left   16.09   6.40  0.00  6.00  10.66  14.57  20.59  12.34  16.40  18.97  23.29  12.95  16.95  19.30  24.13  12.25  16.06  19.06  23.85  12.36  15.70  18.69  23.71
both   15.92   6.47  0.00  5.92  10.58  14.47  20.39  12.34  16.39  18.91  22.96  12.83  16.86  19.33  24.08  12.00  15.83  18.88  23.88  12.00  15.21  18.16  23.35
2024-07-15 01:48:46,198 
mean_candidate_mano: 
         MJE PA_MJE MJE_0 MJE_1 MJE_2 MJE_3  MJE_4 MJE_5  MJE_6  MJE_7  MJE_8 MJE_9 MJE_10 MJE_11 MJE_12 MJE_13 MJE_14 MJE_15 MJE_16 MJE_17 MJE_18 MJE_19 MJE_20
right  10.05   5.18  0.00  3.97  6.79  8.99  12.31  7.71   9.54  10.87  13.20  7.94  10.25  11.94  15.41   7.55   9.94  12.33  16.49   7.79   9.85  12.05  16.17
left   10.38   5.05  0.00  4.20  7.07  9.36  13.02  7.91  10.08  11.57  14.49  8.30  10.59  12.12  15.24   7.99  10.24  12.21  15.79   8.34  10.51  12.57  16.29
both   10.21   5.12  0.00  4.08  6.93  9.17  12.66  7.81   9.81  11.21  13.83  8.12  10.42  12.03  15.32   7.77  10.09  12.27  16.14   8.06  10.18  12.31  16.23
2024-07-15 01:48:46,304 
Object Evaluation: 7936 samples 
Mean Pose: 
                          MCE    OCE    ADD   ADDS  ADD01d ADDS01d    REP
002_master_chef_can     57.86  20.39  41.75  10.77  33.62%  93.10%  19.98
003_cracker_box         31.72  27.40  29.64  14.69  61.43%  91.65%   8.55
004_sugar_box           39.05  26.33  33.15  14.86  49.50%  84.00%  10.37
005_tomato_soup_can     41.32  22.48  32.66  11.77  18.78%  77.07%  13.48
006_mustard_bottle      27.02  17.69  22.10   9.69  70.91%  94.29%   8.26
007_tuna_fish_can       51.84  22.14  36.47  11.83  15.56%  73.47%  16.99
008_pudding_box         40.28  28.58  34.95  17.49  53.53%  84.91%  14.36
009_gelatin_box         33.69  24.80  29.46  13.32  38.23%  76.20%   9.54
010_potted_meat_can     37.96  21.91  30.71  11.84  34.31%  79.56%  13.19
011_banana              54.63  23.22  35.92  14.76  45.00%  80.00%  14.23
019_pitcher_base        53.13  36.76  43.44  19.71  53.52%  89.95%  17.57
021_bleach_cleanser     44.60  25.61  34.55  14.23  58.72%  90.51%  14.43
024_bowl               118.29  20.84  66.47  12.07  20.79%  89.21%  37.08
025_mug                 44.88  19.89  30.28   9.59  33.25%  90.72%  13.09
035_power_drill         42.83  31.67  35.47  16.77  54.19%  85.60%  11.68
036_wood_block         131.20  27.52  93.60  16.45   7.67%  84.66%  54.32
037_scissors            64.52  31.13  41.78  20.61  29.93%  70.82%  15.79
040_large_marker        39.54  22.60  30.06  15.75  10.39%  57.92%  11.41
052_extra_large_clamp  113.19  26.80  57.59  16.77  24.17%  84.48%  28.67
061_foam_brick          60.32  21.51  44.97  12.34  11.08%  75.46%  22.10
average_instance        55.94  24.94  39.99  14.24  36.40%  82.76%  17.58
2024-07-15 01:48:46,771 
Epoch: 52/100 | Learning Rate: 2.394e-05
2024-07-15 01:48:53,921 
[0000/3136]| Loss diff_H:6.08e+00 diff_O:1.01e+00 hm_H:2.01e+00 hm_O:1.71e+00 vert:1.06e-01 joint:1.13e-01 mano_pose:1.97e-02 mano_shape:3.05e-03 force:1.02e-01 gravity:6.75e-02 torque:3.40e-02 supervised:8.34e-02 CoM:1.17e-02 total:1.13e+01
2024-07-15 01:53:00,286 
[0500/3136]| Loss diff_H:5.65e+00 diff_O:1.11e+00 hm_H:2.09e+00 hm_O:1.79e+00 vert:1.06e-01 joint:1.13e-01 mano_pose:2.21e-02 mano_shape:2.37e-03 force:1.14e-01 gravity:7.78e-02 torque:2.71e-02 supervised:9.46e-02 CoM:1.30e-02 total:1.12e+01
2024-07-15 01:57:06,819 
[1000/3136]| Loss diff_H:6.26e+00 diff_O:1.15e+00 hm_H:2.23e+00 hm_O:1.91e+00 vert:1.67e-01 joint:1.79e-01 mano_pose:2.22e-02 mano_shape:2.81e-03 force:7.16e-02 gravity:4.16e-02 torque:3.44e-02 supervised:5.43e-02 CoM:3.22e-02 total:1.22e+01
2024-07-15 02:01:13,819 
[1500/3136]| Loss diff_H:5.88e+00 diff_O:1.01e+00 hm_H:2.27e+00 hm_O:1.81e+00 vert:2.14e-01 joint:2.33e-01 mano_pose:3.21e-02 mano_shape:1.37e-03 force:5.07e-02 gravity:3.26e-02 torque:2.94e-02 supervised:6.64e-02 CoM:1.60e-02 total:1.16e+01
2024-07-15 02:05:28,810 
[2000/3136]| Loss diff_H:6.17e+00 diff_O:1.03e+00 hm_H:2.25e+00 hm_O:1.86e+00 vert:1.62e-01 joint:1.75e-01 mano_pose:2.29e-02 mano_shape:5.42e-03 force:5.18e-02 gravity:3.61e-02 torque:2.35e-02 supervised:5.38e-02 CoM:2.39e-02 total:1.19e+01
2024-07-15 02:09:45,131 
[2500/3136]| Loss diff_H:5.56e+00 diff_O:1.01e+00 hm_H:2.04e+00 hm_O:1.76e+00 vert:9.67e-02 joint:1.04e-01 mano_pose:1.84e-02 mano_shape:9.71e-04 force:7.78e-02 gravity:4.94e-02 torque:3.60e-02 supervised:7.97e-02 CoM:1.64e-02 total:1.09e+01
2024-07-15 02:14:02,529 
[3000/3136]| Loss diff_H:6.03e+00 diff_O:1.21e+00 hm_H:2.15e+00 hm_O:1.88e+00 vert:1.14e-01 joint:1.22e-01 mano_pose:1.77e-02 mano_shape:2.27e-03 force:4.88e-02 gravity:2.63e-02 torque:3.09e-02 supervised:6.53e-02 CoM:1.28e-02 total:1.17e+01
2024-07-15 02:15:13,533 
Evaluation on subtest dataset: 7877
2024-07-15 02:22:49,118 
Hand Evaluation: 7936 samples
2024-07-15 02:22:49,130 
regression: 
         MJE PA_MJE MJE_0 MJE_1 MJE_2  MJE_3  MJE_4 MJE_5  MJE_6  MJE_7  MJE_8 MJE_9 MJE_10 MJE_11 MJE_12 MJE_13 MJE_14 MJE_15 MJE_16 MJE_17 MJE_18 MJE_19 MJE_20
right  11.59   5.32  0.00  4.33  7.64  10.34  14.48  8.97  11.59  13.33  16.13  9.27  12.17  14.04  17.57   8.64  11.56  13.96  18.16   8.65  11.05  13.47  18.08
left   12.08   5.18  0.00  4.70  8.04  10.85  15.17  9.37  12.29  14.14  17.66  9.72  12.61  14.32  18.04   9.09  11.88  14.11  17.97   9.19  11.80  14.20  18.45
both   11.83   5.25  0.00  4.51  7.84  10.59  14.82  9.16  11.94  13.73  16.88  9.49  12.39  14.18  17.80   8.86  11.72  14.04  18.06   8.92  11.42  13.83  18.26
2024-07-15 02:22:49,141 
one_candidate: 
         MJE PA_MJE MJE_0 MJE_1  MJE_2  MJE_3  MJE_4  MJE_5  MJE_6  MJE_7  MJE_8  MJE_9 MJE_10 MJE_11 MJE_12 MJE_13 MJE_14 MJE_15 MJE_16 MJE_17 MJE_18 MJE_19 MJE_20
right  15.58   6.53  0.00  5.74  10.32  14.20  20.10  12.12  16.00  18.49  22.38  12.56  16.50  19.11  23.76  11.67  15.49  18.59  23.68  11.59  14.61  17.47  22.73
left   15.99   6.39  0.00  6.01  10.66  14.63  20.76  12.39  16.44  18.85  23.03  12.94  16.93  19.22  24.00  12.12  15.91  18.87  23.67  12.16  15.46  18.40  23.39
both   15.78   6.46  0.00  5.87  10.49  14.41  20.42  12.25  16.22  18.67  22.70  12.75  16.71  19.16  23.88  11.89  15.69  18.73  23.67  11.88  15.03  17.93  23.05
2024-07-15 02:22:49,152 
mean_candidate_mano: 
         MJE PA_MJE MJE_0 MJE_1 MJE_2 MJE_3  MJE_4 MJE_5  MJE_6  MJE_7  MJE_8 MJE_9 MJE_10 MJE_11 MJE_12 MJE_13 MJE_14 MJE_15 MJE_16 MJE_17 MJE_18 MJE_19 MJE_20
right  10.10   5.16  0.00  3.99  6.83  9.05  12.46  7.70   9.55  10.92  13.30  7.92  10.30  12.00  15.44   7.58  10.03  12.38  16.48   7.84   9.96  12.15  16.26
left   10.39   5.04  0.00  4.22  7.12  9.42  13.08  7.97  10.20  11.67  14.64  8.33  10.61  12.12  15.17   8.00  10.20  12.16  15.79   8.32  10.47  12.51  16.22
both   10.24   5.10  0.00  4.10  6.98  9.23  12.77  7.83   9.87  11.29  13.96  8.12  10.45  12.06  15.30   7.78  10.11  12.27  16.14   8.08  10.21  12.33  16.24
2024-07-15 02:22:49,259 
Object Evaluation: 7936 samples 
Mean Pose: 
                          MCE    OCE    ADD   ADDS  ADD01d ADDS01d    REP
002_master_chef_can     58.58  20.49  42.19  10.73  32.33%  92.67%  20.41
003_cracker_box         31.64  27.64  29.67  14.83  60.93%  92.38%   8.52
004_sugar_box           37.16  25.01  31.50  14.19  54.25%  83.50%  10.27
005_tomato_soup_can     41.66  22.50  32.83  11.87  21.46%  77.07%  13.82
006_mustard_bottle      27.49  18.06  22.36   9.68  69.61%  95.58%   8.38
007_tuna_fish_can       51.36  21.54  36.02  11.62  14.29%  76.02%  16.76
008_pudding_box         40.79  28.35  35.18  17.17  52.80%  84.91%  14.17
009_gelatin_box         33.64  24.23  29.18  12.95  36.96%  75.95%   9.64
010_potted_meat_can     38.06  20.81  30.28  11.16  35.52%  82.73%  13.58
011_banana              55.20  23.13  36.09  14.89  45.00%  78.75%  14.48
019_pitcher_base        51.35  35.11  41.73  19.01  56.03%  89.45%  17.15
021_bleach_cleanser     44.31  25.46  34.45  14.00  59.74%  91.03%  14.27
024_bowl               118.86  21.27  66.94  12.23  21.58%  89.47%  37.33
025_mug                 47.04  20.60  31.72   9.93  33.51%  89.43%  13.53
035_power_drill         42.69  31.60  35.48  16.83  53.66%  87.17%  11.31
036_wood_block         134.87  28.06  95.70  16.50   7.40%  84.38%  55.79
037_scissors            66.51  30.46  42.01  20.13  28.43%  70.82%  15.76
040_large_marker        38.96  22.68  29.86  15.77  10.13%  57.92%  11.26
052_extra_large_clamp  112.49  27.21  57.65  16.91  23.66%  84.99%  28.32
061_foam_brick          59.79  22.42  44.80  12.49  12.40%  72.82%  22.08
average_instance        56.16  24.80  40.01  14.12  36.66%  82.94%  17.66
2024-07-15 02:22:49,726 
Epoch: 53/100 | Learning Rate: 2.298e-05
2024-07-15 02:22:57,564 
[0000/3136]| Loss diff_H:5.80e+00 diff_O:1.09e+00 hm_H:2.14e+00 hm_O:1.76e+00 vert:1.15e-01 joint:1.24e-01 mano_pose:2.17e-02 mano_shape:1.70e-03 force:8.63e-02 gravity:4.84e-02 torque:2.83e-02 supervised:6.32e-02 CoM:1.93e-02 total:1.13e+01
2024-07-15 02:27:02,696 
[0500/3136]| Loss diff_H:5.99e+00 diff_O:1.09e+00 hm_H:2.00e+00 hm_O:2.01e+00 vert:1.23e-01 joint:1.33e-01 mano_pose:2.49e-02 mano_shape:2.39e-03 force:8.57e-02 gravity:5.78e-02 torque:3.77e-02 supervised:7.40e-02 CoM:1.45e-02 total:1.17e+01
2024-07-15 02:31:07,796 
[1000/3136]| Loss diff_H:5.44e+00 diff_O:8.48e-01 hm_H:2.09e+00 hm_O:1.70e+00 vert:9.02e-02 joint:9.75e-02 mano_pose:2.01e-02 mano_shape:4.34e-03 force:8.98e-02 gravity:5.74e-02 torque:2.44e-02 supervised:4.91e-02 CoM:3.02e-02 total:1.05e+01
2024-07-15 02:35:12,779 
[1500/3136]| Loss diff_H:6.68e+00 diff_O:1.09e+00 hm_H:2.28e+00 hm_O:1.87e+00 vert:1.16e-01 joint:1.25e-01 mano_pose:2.35e-02 mano_shape:2.23e-03 force:6.77e-02 gravity:4.07e-02 torque:2.41e-02 supervised:6.03e-02 CoM:2.28e-02 total:1.24e+01
2024-07-15 02:39:31,466 
[2000/3136]| Loss diff_H:5.86e+00 diff_O:1.16e+00 hm_H:2.03e+00 hm_O:1.74e+00 vert:1.52e-01 joint:1.65e-01 mano_pose:2.01e-02 mano_shape:2.34e-03 force:1.19e-01 gravity:7.45e-02 torque:3.02e-02 supervised:7.08e-02 CoM:1.67e-02 total:1.14e+01
2024-07-15 02:43:47,241 
[2500/3136]| Loss diff_H:5.74e+00 diff_O:1.04e+00 hm_H:2.21e+00 hm_O:1.94e+00 vert:1.32e-01 joint:1.43e-01 mano_pose:2.31e-02 mano_shape:7.43e-03 force:9.40e-02 gravity:4.83e-02 torque:3.38e-02 supervised:6.73e-02 CoM:1.32e-02 total:1.15e+01
2024-07-15 02:48:03,763 
[3000/3136]| Loss diff_H:5.78e+00 diff_O:8.56e-01 hm_H:1.94e+00 hm_O:1.61e+00 vert:8.96e-02 joint:9.74e-02 mano_pose:1.74e-02 mano_shape:2.95e-03 force:1.05e-01 gravity:7.29e-02 torque:3.84e-02 supervised:7.06e-02 CoM:1.09e-02 total:1.07e+01
2024-07-15 02:49:13,295 
Evaluation on subtest dataset: 7877
2024-07-15 02:57:01,877 
Hand Evaluation: 7936 samples
2024-07-15 02:57:01,892 
regression: 
         MJE PA_MJE MJE_0 MJE_1 MJE_2  MJE_3  MJE_4 MJE_5  MJE_6  MJE_7  MJE_8 MJE_9 MJE_10 MJE_11 MJE_12 MJE_13 MJE_14 MJE_15 MJE_16 MJE_17 MJE_18 MJE_19 MJE_20
right  11.72   5.36  0.00  4.36  7.66  10.37  14.49  9.04  11.69  13.44  16.32  9.35  12.28  14.21  17.87   8.72  11.68  14.16  18.47   8.74  11.16  13.64  18.35
left   12.19   5.21  0.00  4.68  8.10  10.95  15.35  9.40  12.40  14.31  17.93  9.79  12.70  14.43  18.36   9.16  11.98  14.24  18.13   9.24  11.86  14.31  18.62
both   11.95   5.28  0.00  4.52  7.88  10.66  14.92  9.22  12.04  13.87  17.12  9.57  12.49  14.32  18.11   8.94  11.83  14.20  18.31   8.99  11.51  13.97  18.48
2024-07-15 02:57:01,904 
one_candidate: 
         MJE PA_MJE MJE_0 MJE_1  MJE_2  MJE_3  MJE_4  MJE_5  MJE_6  MJE_7  MJE_8  MJE_9 MJE_10 MJE_11 MJE_12 MJE_13 MJE_14 MJE_15 MJE_16 MJE_17 MJE_18 MJE_19 MJE_20
right  15.67   6.50  0.00  5.84  10.42  14.34  20.22  12.15  16.13  18.60  22.43  12.54  16.62  19.19  23.82  11.66  15.50  18.64  23.82  11.60  14.71  17.69  23.08
left   15.87   6.39  0.00  5.99  10.62  14.53  20.61  12.24  16.25  18.70  22.97  12.75  16.71  18.98  23.67  11.95  15.70  18.61  23.39  12.03  15.45  18.50  23.66
both   15.77   6.45  0.00  5.92  10.52  14.43  20.41  12.20  16.19  18.65  22.70  12.64  16.66  19.09  23.74  11.80  15.60  18.62  23.61  11.81  15.08  18.09  23.37
2024-07-15 02:57:01,917 
mean_candidate_mano: 
         MJE PA_MJE MJE_0 MJE_1 MJE_2 MJE_3  MJE_4 MJE_5  MJE_6  MJE_7  MJE_8 MJE_9 MJE_10 MJE_11 MJE_12 MJE_13 MJE_14 MJE_15 MJE_16 MJE_17 MJE_18 MJE_19 MJE_20
right  10.07   5.19  0.00  3.98  6.82  9.03  12.41  7.70   9.53  10.88  13.25  7.93  10.27  11.96  15.43   7.57   9.97  12.34  16.49   7.81   9.86  12.07  16.25
left   10.45   5.04  0.00  4.20  7.13  9.46  13.19  7.97  10.18  11.68  14.66  8.35  10.67  12.21  15.30   8.02  10.26  12.25  15.89   8.36  10.57  12.66  16.43
both   10.26   5.12  0.00  4.09  6.97  9.25  12.80  7.83   9.85  11.27  13.94  8.14  10.46  12.09  15.37   7.79  10.11  12.29  16.19   8.08  10.21  12.36  16.34
2024-07-15 02:57:02,036 
Object Evaluation: 7936 samples 
Mean Pose: 
                          MCE    OCE    ADD   ADDS  ADD01d ADDS01d    REP
002_master_chef_can     56.49  20.37  40.85  10.64  35.56%  92.67%  19.68
003_cracker_box         31.79  27.07  29.58  14.55  63.64%  91.89%   8.57
004_sugar_box           38.07  25.24  32.25  14.09  51.50%  84.50%  10.16
005_tomato_soup_can     42.40  23.00  33.39  12.09  20.24%  74.63%  13.87
006_mustard_bottle      28.14  18.50  22.83   9.92  67.79%  94.29%   8.08
007_tuna_fish_can       51.03  21.31  35.67  11.35  16.84%  74.49%  16.77
008_pudding_box         40.77  28.42  35.13  17.23  49.88%  86.13%  14.07
009_gelatin_box         34.48  24.82  29.97  13.45  35.70%  75.19%   9.89
010_potted_meat_can     38.39  21.83  30.89  11.66  36.25%  80.29%  13.49
011_banana              53.78  23.45  35.65  14.86  46.25%  79.75%  14.14
019_pitcher_base        54.45  35.20  43.37  19.04  52.51%  90.20%  17.58
021_bleach_cleanser     44.48  24.91  34.27  13.92  61.28%  89.49%  14.10
024_bowl               118.02  20.63  66.43  11.99  19.47%  88.95%  37.36
025_mug                 45.02  19.71  30.30   9.52  36.86%  90.21%  13.03
035_power_drill         42.85  31.77  35.87  17.15  53.93%  84.55%  11.70
036_wood_block         131.90  27.25  93.87  16.66   6.30%  86.03%  54.82
037_scissors            65.79  30.24  41.91  20.33  29.93%  69.83%  15.46
040_large_marker        39.64  22.57  30.11  15.71  12.47%  60.52%  11.82
052_extra_large_clamp  121.17  28.30  61.39  18.38  21.12%  80.66%  29.98
061_foam_brick          60.27  21.38  44.89  12.02  11.08%  73.09%  22.00
average_instance        56.48  24.78  40.16  14.20  36.63%  82.45%  17.65
2024-07-15 02:57:02,549 
Epoch: 54/100 | Learning Rate: 2.206e-05
2024-07-15 02:57:12,112 
[0000/3136]| Loss diff_H:5.73e+00 diff_O:1.16e+00 hm_H:2.13e+00 hm_O:1.94e+00 vert:1.43e-01 joint:1.54e-01 mano_pose:2.17e-02 mano_shape:3.81e-03 force:6.92e-02 gravity:3.87e-02 torque:3.66e-02 supervised:8.42e-02 CoM:1.55e-02 total:1.15e+01
2024-07-15 03:01:15,362 
[0500/3136]| Loss diff_H:6.03e+00 diff_O:1.02e+00 hm_H:2.16e+00 hm_O:1.85e+00 vert:1.74e-01 joint:1.87e-01 mano_pose:2.92e-02 mano_shape:4.85e-03 force:8.29e-02 gravity:5.08e-02 torque:2.87e-02 supervised:5.11e-02 CoM:1.62e-02 total:1.17e+01
2024-07-15 03:05:17,313 
[1000/3136]| Loss diff_H:5.98e+00 diff_O:1.13e+00 hm_H:2.31e+00 hm_O:1.77e+00 vert:1.50e-01 joint:1.61e-01 mano_pose:1.89e-02 mano_shape:9.37e-03 force:7.50e-02 gravity:4.95e-02 torque:4.21e-02 supervised:7.53e-02 CoM:2.30e-02 total:1.18e+01
2024-07-15 03:09:19,882 
[1500/3136]| Loss diff_H:5.62e+00 diff_O:9.94e-01 hm_H:2.13e+00 hm_O:1.79e+00 vert:8.14e-02 joint:8.75e-02 mano_pose:1.94e-02 mano_shape:1.74e-03 force:4.57e-02 gravity:2.93e-02 torque:2.29e-02 supervised:4.90e-02 CoM:1.37e-02 total:1.09e+01
2024-07-15 03:13:26,024 
[2000/3136]| Loss diff_H:5.64e+00 diff_O:1.07e+00 hm_H:2.30e+00 hm_O:1.78e+00 vert:1.10e-01 joint:1.17e-01 mano_pose:1.83e-02 mano_shape:4.29e-03 force:5.42e-02 gravity:1.56e-02 torque:3.29e-02 supervised:6.25e-02 CoM:1.72e-02 total:1.12e+01
2024-07-15 03:17:39,400 
[2500/3136]| Loss diff_H:5.65e+00 diff_O:1.03e+00 hm_H:2.07e+00 hm_O:1.77e+00 vert:1.01e-01 joint:1.09e-01 mano_pose:1.88e-02 mano_shape:2.94e-03 force:7.51e-02 gravity:4.99e-02 torque:2.53e-02 supervised:7.88e-02 CoM:1.48e-02 total:1.10e+01
2024-07-15 03:21:58,450 
[3000/3136]| Loss diff_H:5.98e+00 diff_O:1.21e+00 hm_H:2.04e+00 hm_O:1.84e+00 vert:1.49e-01 joint:1.61e-01 mano_pose:3.06e-02 mano_shape:4.19e-03 force:4.74e-02 gravity:3.32e-02 torque:1.97e-02 supervised:4.84e-02 CoM:3.21e-02 total:1.16e+01
2024-07-15 03:23:08,905 
Evaluation on subtest dataset: 7877
2024-07-15 03:29:41,079 
Hand Evaluation: 7936 samples
2024-07-15 03:29:41,100 
regression: 
         MJE PA_MJE MJE_0 MJE_1 MJE_2  MJE_3  MJE_4 MJE_5  MJE_6  MJE_7  MJE_8 MJE_9 MJE_10 MJE_11 MJE_12 MJE_13 MJE_14 MJE_15 MJE_16 MJE_17 MJE_18 MJE_19 MJE_20
right  11.62   5.36  0.00  4.32  7.59  10.30  14.45  8.95  11.55  13.32  16.24  9.24  12.15  14.09  17.75   8.64  11.57  14.06  18.36   8.66  11.10  13.55  18.19
left   12.08   5.19  0.00  4.67  8.05  10.86  15.26  9.32  12.22  14.12  17.73  9.69  12.57  14.29  18.11   9.09  11.89  14.10  17.93   9.19  11.84  14.23  18.46
both   11.85   5.27  0.00  4.49  7.82  10.58  14.85  9.13  11.88  13.72  16.97  9.46  12.36  14.19  17.93   8.86  11.73  14.08  18.15   8.92  11.46  13.88  18.32
2024-07-15 03:29:41,116 
one_candidate: 
         MJE PA_MJE MJE_0 MJE_1  MJE_2  MJE_3  MJE_4  MJE_5  MJE_6  MJE_7  MJE_8  MJE_9 MJE_10 MJE_11 MJE_12 MJE_13 MJE_14 MJE_15 MJE_16 MJE_17 MJE_18 MJE_19 MJE_20
right  15.54   6.52  0.00  5.72  10.37  14.25  20.20  12.00  15.79  18.21  22.09  12.48  16.42  19.02  23.63  11.67  15.46  18.55  23.69  11.64  14.66  17.55  22.89
left   16.08   6.36  0.00  6.10  10.82  14.85  20.96  12.51  16.50  19.01  23.31  13.03  17.00  19.36  24.00  12.18  15.86  18.75  23.46  12.19  15.56  18.55  23.64
both   15.80   6.44  0.00  5.91  10.59  14.55  20.58  12.25  16.14  18.60  22.69  12.75  16.71  19.18  23.81  11.92  15.66  18.65  23.58  11.91  15.10  18.05  23.26
2024-07-15 03:29:41,132 
mean_candidate_mano: 
         MJE PA_MJE MJE_0 MJE_1 MJE_2 MJE_3  MJE_4 MJE_5  MJE_6  MJE_7  MJE_8 MJE_9 MJE_10 MJE_11 MJE_12 MJE_13 MJE_14 MJE_15 MJE_16 MJE_17 MJE_18 MJE_19 MJE_20
right  10.13   5.21  0.00  3.97  6.86  9.14  12.55  7.77   9.62  10.95  13.33  7.99  10.34  12.03  15.47   7.60  10.01  12.38  16.52   7.81   9.90  12.12  16.29
left   10.55   5.05  0.00  4.25  7.17  9.51  13.25  8.12  10.34  11.79  14.73  8.52  10.86  12.39  15.38   8.14  10.40  12.35  15.95   8.43  10.65  12.73  16.50
both   10.33   5.13  0.00  4.11  7.01  9.32  12.90  7.95   9.98  11.36  14.02  8.25  10.60  12.21  15.42   7.87  10.20  12.37  16.24   8.12  10.27  12.42  16.39
2024-07-15 03:29:41,299 
Object Evaluation: 7936 samples 
Mean Pose: 
                          MCE    OCE    ADD   ADDS  ADD01d ADDS01d    REP
002_master_chef_can     58.18  21.18  42.21  11.09  32.33%  92.03%  20.04
003_cracker_box         31.91  26.86  29.59  14.45  64.86%  91.40%   8.69
004_sugar_box           38.63  26.34  33.02  14.98  50.50%  82.00%  10.20
005_tomato_soup_can     41.99  22.89  33.12  12.01  20.98%  74.63%  13.62
006_mustard_bottle      27.08  18.36  22.43   9.89  67.53%  94.55%   8.14
007_tuna_fish_can       50.95  21.85  35.88  11.78  15.05%  73.21%  16.54
008_pudding_box         40.83  29.18  35.51  17.70  47.93%  84.67%  14.36
009_gelatin_box         33.45  24.66  29.27  13.43  35.70%  75.19%   9.23
010_potted_meat_can     39.83  22.29  31.87  11.83  29.68%  79.32%  13.90
011_banana              54.16  23.02  35.65  14.53  45.50%  80.75%  14.04
019_pitcher_base        51.82  35.02  41.92  18.75  56.03%  89.95%  17.05
021_bleach_cleanser     44.51  25.54  34.71  14.45  60.00%  89.23%  14.50
024_bowl               116.59  22.02  66.09  12.65  20.26%  88.95%  36.53
025_mug                 44.65  20.34  30.41   9.83  34.54%  91.49%  12.84
035_power_drill         42.85  32.36  36.08  17.26  53.40%  84.55%  11.38
036_wood_block         132.88  29.29  94.94  17.59   7.12%  81.37%  53.65
037_scissors            66.71  30.84  42.41  20.69  29.68%  68.08%  15.99
040_large_marker        39.53  23.34  30.43  16.38   9.35%  52.99%  11.27
052_extra_large_clamp  114.18  27.06  58.23  16.53  24.43%  85.75%  28.49
061_foam_brick          59.84  21.20  44.50  11.72  13.72%  73.88%  22.00
average_instance        56.08  25.16  40.16  14.35  36.09%  81.79%  17.45
2024-07-15 03:29:42,009 
Epoch: 55/100 | Learning Rate: 2.118e-05
2024-07-15 03:29:51,559 
[0000/3136]| Loss diff_H:5.73e+00 diff_O:1.08e+00 hm_H:2.27e+00 hm_O:1.82e+00 vert:1.32e-01 joint:1.42e-01 mano_pose:2.46e-02 mano_shape:3.81e-03 force:6.32e-02 gravity:2.59e-02 torque:3.24e-02 supervised:6.31e-02 CoM:2.15e-02 total:1.14e+01
2024-07-15 03:34:06,816 
[0500/3136]| Loss diff_H:5.40e+00 diff_O:9.93e-01 hm_H:2.06e+00 hm_O:1.77e+00 vert:1.32e-01 joint:1.42e-01 mano_pose:1.98e-02 mano_shape:4.42e-03 force:4.00e-02 gravity:2.46e-02 torque:2.35e-02 supervised:5.44e-02 CoM:2.19e-02 total:1.07e+01
2024-07-15 03:38:10,867 
[1000/3136]| Loss diff_H:5.76e+00 diff_O:9.62e-01 hm_H:1.91e+00 hm_O:1.74e+00 vert:1.05e-01 joint:1.13e-01 mano_pose:1.88e-02 mano_shape:3.54e-03 force:8.31e-02 gravity:6.40e-02 torque:1.93e-02 supervised:4.78e-02 CoM:1.27e-02 total:1.08e+01
2024-07-15 03:42:16,077 
[1500/3136]| Loss diff_H:5.44e+00 diff_O:1.13e+00 hm_H:1.88e+00 hm_O:1.75e+00 vert:9.38e-02 joint:1.02e-01 mano_pose:1.41e-02 mano_shape:1.97e-03 force:1.13e-01 gravity:7.33e-02 torque:2.36e-02 supervised:6.56e-02 CoM:1.50e-02 total:1.07e+01
2024-07-15 03:46:19,072 
[2000/3136]| Loss diff_H:5.75e+00 diff_O:1.21e+00 hm_H:2.22e+00 hm_O:1.87e+00 vert:1.52e-01 joint:1.64e-01 mano_pose:2.14e-02 mano_shape:3.36e-03 force:5.45e-02 gravity:2.06e-02 torque:2.48e-02 supervised:4.92e-02 CoM:3.31e-02 total:1.16e+01
2024-07-15 03:50:30,971 
[2500/3136]| Loss diff_H:5.06e+00 diff_O:1.06e+00 hm_H:2.08e+00 hm_O:1.84e+00 vert:1.08e-01 joint:1.16e-01 mano_pose:1.75e-02 mano_shape:2.44e-03 force:8.03e-02 gravity:4.04e-02 torque:3.64e-02 supervised:6.99e-02 CoM:1.44e-02 total:1.05e+01
2024-07-15 03:54:47,873 
[3000/3136]| Loss diff_H:5.50e+00 diff_O:1.08e+00 hm_H:2.09e+00 hm_O:1.78e+00 vert:1.04e-01 joint:1.11e-01 mano_pose:1.75e-02 mano_shape:4.31e-03 force:8.41e-02 gravity:4.39e-02 torque:2.21e-02 supervised:5.56e-02 CoM:1.58e-02 total:1.09e+01
2024-07-15 03:55:57,002 
Evaluation on subtest dataset: 7877
2024-07-15 04:02:32,042 
Hand Evaluation: 7936 samples
2024-07-15 04:02:32,060 
regression: 
         MJE PA_MJE MJE_0 MJE_1 MJE_2  MJE_3  MJE_4 MJE_5  MJE_6  MJE_7  MJE_8 MJE_9 MJE_10 MJE_11 MJE_12 MJE_13 MJE_14 MJE_15 MJE_16 MJE_17 MJE_18 MJE_19 MJE_20
right  11.75   5.36  0.00  4.39  7.69  10.41  14.52  9.04  11.68  13.51  16.44  9.32  12.23  14.24  18.03   8.69  11.65  14.22  18.62   8.72  11.20  13.74  18.49
left   12.24   5.23  0.00  4.72  8.14  10.99  15.39  9.45  12.40  14.34  18.02  9.82  12.68  14.43  18.55   9.21  12.05  14.32  18.27   9.30  11.96  14.37  18.65
both   11.99   5.30  0.00  4.55  7.91  10.69  14.95  9.24  12.03  13.92  17.22  9.57  12.45  14.33  18.29   8.95  11.85  14.27  18.45   9.01  11.57  14.05  18.57
2024-07-15 04:02:32,075 
one_candidate: 
         MJE PA_MJE MJE_0 MJE_1  MJE_2  MJE_3  MJE_4  MJE_5  MJE_6  MJE_7  MJE_8  MJE_9 MJE_10 MJE_11 MJE_12 MJE_13 MJE_14 MJE_15 MJE_16 MJE_17 MJE_18 MJE_19 MJE_20
right  15.69   6.53  0.00  5.82  10.42  14.20  19.87  12.08  15.97  18.44  22.34  12.51  16.62  19.38  24.20  11.66  15.51  18.81  24.19  11.64  14.70  17.79  23.43
left   15.84   6.39  0.00  5.99  10.60  14.47  20.34  12.23  16.25  18.71  22.99  12.72  16.60  18.93  23.90  11.92  15.63  18.56  23.42  11.99  15.35  18.42  23.64
both   15.77   6.46  0.00  5.90  10.51  14.33  20.10  12.15  16.11  18.57  22.66  12.61  16.61  19.16  24.05  11.79  15.57  18.69  23.81  11.81  15.02  18.10  23.53
2024-07-15 04:02:32,091 
mean_candidate_mano: 
         MJE PA_MJE MJE_0 MJE_1 MJE_2 MJE_3  MJE_4 MJE_5  MJE_6  MJE_7  MJE_8 MJE_9 MJE_10 MJE_11 MJE_12 MJE_13 MJE_14 MJE_15 MJE_16 MJE_17 MJE_18 MJE_19 MJE_20
right  10.14   5.20  0.00  4.00  6.78  8.96  12.31  7.75   9.59  10.93  13.36  7.98  10.35  12.08  15.57   7.63  10.07  12.51  16.68   7.88   9.99  12.22  16.37
left   10.51   5.07  0.00  4.24  7.17  9.49  13.17  8.03  10.27  11.74  14.71  8.42  10.73  12.26  15.38   8.09  10.35  12.35  15.99   8.42  10.64  12.70  16.46
both   10.32   5.13  0.00  4.12  6.97  9.22  12.73  7.89   9.92  11.33  14.02  8.20  10.54  12.17  15.48   7.85  10.21  12.43  16.34   8.15  10.31  12.46  16.41
2024-07-15 04:02:32,249 
Object Evaluation: 7936 samples 
Mean Pose: 
                          MCE    OCE    ADD   ADDS  ADD01d ADDS01d    REP
002_master_chef_can     57.10  20.93  41.44  10.99  33.19%  92.67%  19.86
003_cracker_box         30.21  26.39  28.37  14.20  65.36%  93.12%   7.99
004_sugar_box           38.49  25.64  32.64  14.57  52.25%  82.25%  10.51
005_tomato_soup_can     41.99  23.36  33.26  12.12  19.76%  74.88%  13.73
006_mustard_bottle      28.06  18.58  23.08  10.07  66.75%  94.81%   8.45
007_tuna_fish_can       52.21  21.97  36.53  11.82  13.78%  73.21%  17.28
008_pudding_box         40.60  29.51  35.50  17.93  50.61%  84.43%  13.79
009_gelatin_box         33.13  24.57  29.09  13.44  36.71%  77.72%   9.85
010_potted_meat_can     38.33  22.17  31.00  11.80  33.58%  80.05%  13.64
011_banana              54.04  23.48  35.89  14.82  46.75%  81.50%  14.59
019_pitcher_base        52.48  35.68  42.72  19.42  54.77%  89.95%  17.52
021_bleach_cleanser     44.18  25.47  34.54  14.14  57.44%  91.03%  14.19
024_bowl               119.36  20.83  67.16  11.87  20.00%  89.74%  37.67
025_mug                 45.37  20.22  30.52   9.78  34.54%  90.21%  13.52
035_power_drill         41.94  30.72  34.87  16.19  57.07%  86.91%  11.80
036_wood_block         131.06  27.87  93.46  16.56   8.77%  85.21%  53.65
037_scissors            64.78  31.34  41.52  20.12  30.92%  69.83%  15.32
040_large_marker        39.39  23.53  30.51  16.40   8.31%  58.18%  11.12
052_extra_large_clamp  112.48  25.85  57.00  16.23  26.97%  84.48%  28.27
061_foam_brick          59.69  21.04  44.29  11.81  11.87%  74.67%  22.35
average_instance        55.79  24.94  39.91  14.20  36.64%  82.81%  17.58
2024-07-15 04:02:32,900 
Epoch: 56/100 | Learning Rate: 2.033e-05
2024-07-15 04:02:41,519 
[0000/3136]| Loss diff_H:5.65e+00 diff_O:8.78e-01 hm_H:1.77e+00 hm_O:1.62e+00 vert:8.54e-02 joint:9.20e-02 mano_pose:1.44e-02 mano_shape:1.56e-03 force:9.35e-02 gravity:5.86e-02 torque:3.83e-02 supervised:7.19e-02 CoM:1.08e-02 total:1.04e+01
2024-07-15 04:06:58,083 
[0500/3136]| Loss diff_H:5.22e+00 diff_O:9.47e-01 hm_H:1.96e+00 hm_O:1.82e+00 vert:9.50e-02 joint:1.01e-01 mano_pose:1.66e-02 mano_shape:6.05e-03 force:7.76e-02 gravity:4.00e-02 torque:3.29e-02 supervised:6.30e-02 CoM:1.63e-02 total:1.04e+01
2024-07-15 04:11:07,368 
[1000/3136]| Loss diff_H:5.83e+00 diff_O:1.17e+00 hm_H:2.15e+00 hm_O:1.90e+00 vert:1.37e-01 joint:1.48e-01 mano_pose:2.70e-02 mano_shape:1.19e-03 force:5.31e-02 gravity:2.44e-02 torque:3.10e-02 supervised:6.30e-02 CoM:1.65e-02 total:1.16e+01
2024-07-15 04:15:12,768 
[1500/3136]| Loss diff_H:5.81e+00 diff_O:1.04e+00 hm_H:2.27e+00 hm_O:1.86e+00 vert:1.97e-01 joint:2.13e-01 mano_pose:2.65e-02 mano_shape:2.24e-03 force:7.57e-02 gravity:3.80e-02 torque:2.98e-02 supervised:5.90e-02 CoM:1.35e-02 total:1.16e+01
2024-07-15 04:19:16,254 
[2000/3136]| Loss diff_H:6.33e+00 diff_O:1.08e+00 hm_H:2.20e+00 hm_O:1.80e+00 vert:1.54e-01 joint:1.67e-01 mano_pose:3.37e-02 mano_shape:1.24e-03 force:8.34e-02 gravity:5.23e-02 torque:2.77e-02 supervised:7.37e-02 CoM:2.78e-02 total:1.20e+01
2024-07-15 04:23:22,351 
[2500/3136]| Loss diff_H:6.18e+00 diff_O:1.15e+00 hm_H:2.26e+00 hm_O:1.89e+00 vert:1.86e-01 joint:2.03e-01 mano_pose:2.88e-02 mano_shape:5.53e-03 force:1.37e-01 gravity:9.94e-02 torque:3.71e-02 supervised:7.84e-02 CoM:2.19e-02 total:1.23e+01
2024-07-15 04:27:36,671 
[3000/3136]| Loss diff_H:5.45e+00 diff_O:1.03e+00 hm_H:2.04e+00 hm_O:1.74e+00 vert:9.04e-02 joint:9.62e-02 mano_pose:1.48e-02 mano_shape:2.88e-03 force:4.37e-02 gravity:1.91e-02 torque:4.05e-02 supervised:7.61e-02 CoM:9.90e-03 total:1.07e+01
2024-07-15 04:28:46,644 
Evaluation on subtest dataset: 7877
2024-07-15 04:36:09,407 
Hand Evaluation: 7936 samples
2024-07-15 04:36:09,428 
regression: 
         MJE PA_MJE MJE_0 MJE_1 MJE_2  MJE_3  MJE_4 MJE_5  MJE_6  MJE_7  MJE_8 MJE_9 MJE_10 MJE_11 MJE_12 MJE_13 MJE_14 MJE_15 MJE_16 MJE_17 MJE_18 MJE_19 MJE_20
right  11.68   5.34  0.00  4.35  7.66  10.36  14.46  8.97  11.61  13.45  16.39  9.27  12.19  14.17  17.85   8.69  11.61  14.12  18.39   8.73  11.19  13.65  18.26
left   12.13   5.20  0.00  4.68  8.08  10.92  15.30  9.34  12.27  14.22  17.88  9.73  12.59  14.34  18.24   9.13  11.98  14.20  17.97   9.24  11.90  14.28  18.48
both   11.91   5.27  0.00  4.51  7.87  10.64  14.87  9.16  11.94  13.83  17.12  9.50  12.39  14.26  18.04   8.90  11.80  14.16  18.18   8.98  11.54  13.96  18.37
2024-07-15 04:36:09,444 
one_candidate: 
         MJE PA_MJE MJE_0 MJE_1  MJE_2  MJE_3  MJE_4  MJE_5  MJE_6  MJE_7  MJE_8  MJE_9 MJE_10 MJE_11 MJE_12 MJE_13 MJE_14 MJE_15 MJE_16 MJE_17 MJE_18 MJE_19 MJE_20
right  15.67   6.51  0.00  5.86  10.50  14.36  20.12  12.22  16.09  18.61  22.55  12.64  16.58  19.17  23.82  11.74  15.50  18.61  23.79  11.69  14.70  17.63  22.99
left   15.94   6.35  0.00  5.94  10.55  14.45  20.49  12.24  16.28  18.75  23.06  12.83  16.84  19.22  24.05  12.10  15.91  18.72  23.30  12.20  15.61  18.56  23.55
both   15.80   6.43  0.00  5.90  10.52  14.41  20.30  12.23  16.19  18.68  22.80  12.73  16.71  19.19  23.93  11.92  15.70  18.66  23.55  11.94  15.14  18.09  23.26
2024-07-15 04:36:09,460 
mean_candidate_mano: 
         MJE PA_MJE MJE_0 MJE_1 MJE_2 MJE_3  MJE_4 MJE_5  MJE_6  MJE_7  MJE_8 MJE_9 MJE_10 MJE_11 MJE_12 MJE_13 MJE_14 MJE_15 MJE_16 MJE_17 MJE_18 MJE_19 MJE_20
right  10.03   5.18  0.00  3.97  6.78  8.94  12.24  7.65   9.40  10.79  13.23  7.87  10.14  11.88  15.39   7.55   9.90  12.29  16.43   7.82   9.90  12.14  16.33
left   10.39   5.06  0.00  4.21  7.07  9.35  12.99  7.93  10.13  11.61  14.62  8.32  10.59  12.09  15.20   7.99  10.24  12.19  15.79   8.33  10.52  12.59  16.35
both   10.21   5.12  0.00  4.09  6.92  9.14  12.61  7.79   9.76  11.19  13.91  8.09  10.36  11.99  15.29   7.77  10.07  12.24  16.12   8.07  10.20  12.36  16.34
2024-07-15 04:36:09,621 
Object Evaluation: 7936 samples 
Mean Pose: 
                          MCE    OCE    ADD   ADDS  ADD01d ADDS01d    REP
002_master_chef_can     58.72  21.05  42.54  10.99  30.60%  92.03%  20.20
003_cracker_box         31.16  27.11  29.22  14.67  62.90%  91.89%   8.65
004_sugar_box           38.30  26.04  32.65  14.70  49.25%  83.25%  10.25
005_tomato_soup_can     41.88  23.06  33.19  12.07  18.54%  75.37%  13.59
006_mustard_bottle      28.52  19.20  23.48  10.07  65.71%  93.51%   8.59
007_tuna_fish_can       51.90  22.21  36.50  11.79  15.31%  73.98%  16.97
008_pudding_box         41.14  29.44  35.77  17.76  50.12%  84.67%  14.49
009_gelatin_box         33.53  24.63  29.35  13.50  39.49%  74.68%   9.80
010_potted_meat_can     38.51  22.65  31.30  11.99  33.09%  77.86%  13.42
011_banana              54.28  23.08  35.72  14.63  45.75%  81.00%  14.36
019_pitcher_base        52.42  36.62  43.10  19.70  53.77%  89.20%  17.34
021_bleach_cleanser     44.71  26.02  34.98  14.49  56.41%  90.51%  14.24
024_bowl               117.90  20.33  66.24  11.63  20.53%  90.79%  37.33
025_mug                 44.98  19.49  30.22   9.57  35.05%  90.72%  12.98
035_power_drill         42.05  31.10  35.13  16.64  55.50%  85.86%  11.94
036_wood_block         133.43  27.71  94.51  16.69   8.49%  83.56%  54.90
037_scissors            67.24  32.08  42.99  20.68  28.43%  69.08%  16.41
040_large_marker        39.57  22.93  30.30  15.92   9.09%  56.62%  11.76
052_extra_large_clamp  113.29  26.83  57.94  16.57  24.94%  85.24%  28.72
061_foam_brick          60.05  21.80  44.83  12.17  10.29%  72.30%  22.02
average_instance        56.23  25.16  40.24  14.29  35.81%  82.18%  17.72
2024-07-15 04:36:10,303 
Epoch: 57/100 | Learning Rate: 1.952e-05
2024-07-15 04:36:19,533 
[0000/3136]| Loss diff_H:5.73e+00 diff_O:1.07e+00 hm_H:2.08e+00 hm_O:1.83e+00 vert:1.56e-01 joint:1.67e-01 mano_pose:1.72e-02 mano_shape:2.64e-03 force:4.53e-02 gravity:1.80e-02 torque:2.73e-02 supervised:5.79e-02 CoM:1.90e-02 total:1.12e+01
2024-07-15 04:40:35,975 
[0500/3136]| Loss diff_H:5.64e+00 diff_O:1.13e+00 hm_H:2.04e+00 hm_O:1.86e+00 vert:1.26e-01 joint:1.36e-01 mano_pose:3.32e-02 mano_shape:2.12e-03 force:9.73e-02 gravity:7.28e-02 torque:2.91e-02 supervised:7.27e-02 CoM:2.31e-02 total:1.13e+01
2024-07-15 04:44:51,934 
[1000/3136]| Loss diff_H:5.50e+00 diff_O:1.03e+00 hm_H:2.04e+00 hm_O:1.82e+00 vert:9.82e-02 joint:1.06e-01 mano_pose:1.64e-02 mano_shape:4.87e-03 force:4.00e-02 gravity:1.35e-02 torque:2.69e-02 supervised:5.71e-02 CoM:1.92e-02 total:1.08e+01
2024-07-15 04:49:02,015 
[1500/3136]| Loss diff_H:5.93e+00 diff_O:1.02e+00 hm_H:2.14e+00 hm_O:1.78e+00 vert:1.34e-01 joint:1.45e-01 mano_pose:1.95e-02 mano_shape:7.41e-03 force:3.38e-02 gravity:9.79e-03 torque:2.45e-02 supervised:6.54e-02 CoM:9.83e-03 total:1.13e+01
2024-07-15 04:53:09,817 
[2000/3136]| Loss diff_H:6.06e+00 diff_O:1.06e+00 hm_H:2.13e+00 hm_O:1.81e+00 vert:1.49e-01 joint:1.60e-01 mano_pose:2.44e-02 mano_shape:2.68e-03 force:3.78e-02 gravity:2.45e-02 torque:2.44e-02 supervised:4.82e-02 CoM:1.80e-02 total:1.15e+01
2024-07-15 04:57:16,482 
[2500/3136]| Loss diff_H:6.10e+00 diff_O:1.18e+00 hm_H:2.20e+00 hm_O:1.95e+00 vert:1.24e-01 joint:1.32e-01 mano_pose:2.78e-02 mano_shape:7.86e-03 force:7.31e-02 gravity:4.09e-02 torque:4.24e-02 supervised:9.52e-02 CoM:1.35e-02 total:1.20e+01
2024-07-15 05:01:23,997 
[3000/3136]| Loss diff_H:6.18e+00 diff_O:9.87e-01 hm_H:2.15e+00 hm_O:1.70e+00 vert:1.16e-01 joint:1.27e-01 mano_pose:2.12e-02 mano_shape:1.58e-03 force:7.20e-02 gravity:4.81e-02 torque:2.60e-02 supervised:9.20e-02 CoM:1.50e-02 total:1.15e+01
2024-07-15 05:02:29,986 
Evaluation on subtest dataset: 7877
2024-07-15 05:13:48,969 
Hand Evaluation: 7936 samples
2024-07-15 05:13:48,989 
regression: 
         MJE PA_MJE MJE_0 MJE_1 MJE_2  MJE_3  MJE_4 MJE_5  MJE_6  MJE_7  MJE_8 MJE_9 MJE_10 MJE_11 MJE_12 MJE_13 MJE_14 MJE_15 MJE_16 MJE_17 MJE_18 MJE_19 MJE_20
right  11.75   5.36  0.00  4.36  7.68  10.37  14.52  9.07  11.71  13.55  16.45  9.40  12.32  14.28  17.93   8.79  11.71  14.19  18.47   8.80  11.24  13.66  18.23
left   12.17   5.20  0.00  4.72  8.13  10.97  15.35  9.42  12.35  14.29  17.90  9.79  12.65  14.36  18.33   9.17  11.98  14.20  18.03   9.26  11.87  14.25  18.45
both   11.95   5.28  0.00  4.54  7.90  10.67  14.93  9.24  12.02  13.91  17.17  9.59  12.48  14.32  18.13   8.97  11.84  14.20  18.26   9.02  11.55  13.95  18.34
2024-07-15 05:13:49,004 
one_candidate: 
         MJE PA_MJE MJE_0 MJE_1  MJE_2  MJE_3  MJE_4  MJE_5  MJE_6  MJE_7  MJE_8  MJE_9 MJE_10 MJE_11 MJE_12 MJE_13 MJE_14 MJE_15 MJE_16 MJE_17 MJE_18 MJE_19 MJE_20
right  15.44   6.48  0.00  5.75  10.29  14.09  19.87  11.87  15.76  18.28  22.20  12.27  16.27  18.98  23.79  11.48  15.21  18.40  23.65  11.51  14.44  17.37  22.76
left   15.93   6.41  0.00  6.02  10.69  14.58  20.48  12.32  16.29  18.82  23.23  12.82  16.76  19.09  24.16  11.99  15.71  18.67  23.60  12.05  15.36  18.39  23.59
both   15.68   6.45  0.00  5.88  10.49  14.33  20.17  12.09  16.02  18.55  22.71  12.54  16.51  19.03  23.97  11.73  15.46  18.53  23.62  11.78  14.90  17.87  23.17
2024-07-15 05:13:49,020 
mean_candidate_mano: 
         MJE PA_MJE MJE_0 MJE_1 MJE_2 MJE_3  MJE_4 MJE_5  MJE_6  MJE_7  MJE_8 MJE_9 MJE_10 MJE_11 MJE_12 MJE_13 MJE_14 MJE_15 MJE_16 MJE_17 MJE_18 MJE_19 MJE_20
right  10.02   5.17  0.00  3.95  6.78  8.92  12.22  7.63   9.44  10.79  13.17  7.88  10.17  11.86  15.31   7.55   9.90  12.26  16.37   7.81   9.89  12.12  16.28
left   10.42   5.05  0.00  4.21  7.09  9.39  13.07  7.93  10.12  11.62  14.61  8.32  10.61  12.14  15.31   8.02  10.26  12.22  15.84   8.38  10.58  12.67  16.43
both   10.21   5.11  0.00  4.08  6.93  9.15  12.64  7.78   9.78  11.20  13.88  8.10  10.39  12.00  15.31   7.78  10.08  12.24  16.11   8.09  10.23  12.39  16.36
2024-07-15 05:13:49,213 
Object Evaluation: 7936 samples 
Mean Pose: 
                          MCE    OCE    ADD   ADDS  ADD01d ADDS01d    REP
002_master_chef_can     58.24  21.47  42.30  11.26  32.33%  91.81%  19.93
003_cracker_box         30.75  26.68  28.79  14.21  65.11%  91.89%   8.17
004_sugar_box           38.86  26.46  33.09  14.79  52.25%  83.25%  10.50
005_tomato_soup_can     41.77  22.91  33.00  11.89  20.00%  74.39%  13.77
006_mustard_bottle      27.99  18.34  22.88   9.90  66.49%  93.77%   8.39
007_tuna_fish_can       52.16  22.04  36.54  11.88  14.80%  74.49%  17.09
008_pudding_box         42.00  28.70  36.06  17.50  51.09%  86.37%  14.77
009_gelatin_box         33.62  25.43  29.74  14.01  38.99%  75.95%   9.53
010_potted_meat_can     38.90  22.05  31.35  11.91  34.06%  81.51%  13.40
011_banana              54.77  23.34  36.10  14.47  43.50%  81.75%  14.33
019_pitcher_base        51.02  34.66  41.41  18.99  54.77%  89.95%  16.89
021_bleach_cleanser     44.24  25.78  34.50  14.20  58.46%  89.23%  14.18
024_bowl               118.16  21.61  66.87  12.23  18.95%  89.47%  36.84
025_mug                 46.70  20.03  31.33   9.76  34.28%  90.46%  13.46
035_power_drill         42.79  31.77  35.82  16.94  53.66%  85.86%  11.79
036_wood_block         131.44  27.65  93.47  16.26   9.32%  85.75%  54.01
037_scissors            66.61  31.15  42.45  20.77  31.42%  69.08%  15.78
040_large_marker        39.07  23.11  30.13  16.25   8.57%  57.66%  11.67
052_extra_large_clamp  112.98  26.86  57.77  16.89  23.92%  84.99%  28.39
061_foam_brick          58.77  21.83  43.99  12.18  11.35%  73.35%  21.34
average_instance        56.10  25.08  40.13  14.30  36.34%  82.62%  17.54
2024-07-15 05:13:49,895 
Epoch: 58/100 | Learning Rate: 1.874e-05
2024-07-15 05:13:59,864 
[0000/3136]| Loss diff_H:5.81e+00 diff_O:1.18e+00 hm_H:1.98e+00 hm_O:1.83e+00 vert:1.21e-01 joint:1.29e-01 mano_pose:1.96e-02 mano_shape:2.40e-03 force:5.49e-02 gravity:3.60e-02 torque:3.73e-02 supervised:5.26e-02 CoM:1.40e-02 total:1.13e+01
2024-07-15 05:18:18,947 
[0500/3136]| Loss diff_H:5.64e+00 diff_O:1.02e+00 hm_H:1.86e+00 hm_O:1.79e+00 vert:1.17e-01 joint:1.26e-01 mano_pose:1.97e-02 mano_shape:1.28e-03 force:8.33e-02 gravity:5.33e-02 torque:2.89e-02 supervised:8.08e-02 CoM:1.94e-02 total:1.08e+01
2024-07-15 05:22:36,990 
[1000/3136]| Loss diff_H:5.47e+00 diff_O:9.79e-01 hm_H:2.04e+00 hm_O:1.73e+00 vert:1.27e-01 joint:1.36e-01 mano_pose:1.64e-02 mano_shape:3.23e-03 force:5.17e-02 gravity:2.12e-02 torque:3.12e-02 supervised:6.41e-02 CoM:9.86e-03 total:1.07e+01
2024-07-15 05:26:49,444 
[1500/3136]| Loss diff_H:5.46e+00 diff_O:9.18e-01 hm_H:1.93e+00 hm_O:1.85e+00 vert:1.13e-01 joint:1.21e-01 mano_pose:1.62e-02 mano_shape:4.20e-03 force:6.01e-02 gravity:3.17e-02 torque:2.19e-02 supervised:8.89e-02 CoM:1.34e-02 total:1.06e+01
2024-07-15 05:30:55,909 
[2000/3136]| Loss diff_H:6.10e+00 diff_O:8.98e-01 hm_H:2.07e+00 hm_O:1.74e+00 vert:1.20e-01 joint:1.29e-01 mano_pose:2.11e-02 mano_shape:4.01e-03 force:6.37e-02 gravity:3.93e-02 torque:3.15e-02 supervised:5.73e-02 CoM:1.40e-02 total:1.13e+01
2024-07-15 05:35:04,160 
[2500/3136]| Loss diff_H:5.84e+00 diff_O:1.34e+00 hm_H:2.23e+00 hm_O:1.97e+00 vert:1.06e-01 joint:1.12e-01 mano_pose:1.95e-02 mano_shape:1.98e-03 force:7.64e-02 gravity:4.39e-02 torque:2.75e-02 supervised:5.75e-02 CoM:2.14e-02 total:1.18e+01
2024-07-15 05:39:10,916 
[3000/3136]| Loss diff_H:5.87e+00 diff_O:9.97e-01 hm_H:2.03e+00 hm_O:1.68e+00 vert:1.11e-01 joint:1.18e-01 mano_pose:1.86e-02 mano_shape:3.17e-03 force:8.14e-02 gravity:4.22e-02 torque:2.84e-02 supervised:6.67e-02 CoM:1.83e-02 total:1.11e+01
2024-07-15 05:40:16,889 
Evaluation on subtest dataset: 7877
2024-07-15 05:47:33,882 
Hand Evaluation: 7936 samples
2024-07-15 05:47:33,905 
regression: 
         MJE PA_MJE MJE_0 MJE_1 MJE_2  MJE_3  MJE_4 MJE_5  MJE_6  MJE_7  MJE_8 MJE_9 MJE_10 MJE_11 MJE_12 MJE_13 MJE_14 MJE_15 MJE_16 MJE_17 MJE_18 MJE_19 MJE_20
right  11.69   5.35  0.00  4.33  7.62  10.29  14.40  8.96  11.65  13.50  16.41  9.26  12.25  14.23  17.91   8.66  11.62  14.14  18.48   8.69  11.11  13.60  18.31
left   12.13   5.21  0.00  4.70  8.11  10.96  15.42  9.38  12.31  14.22  17.85  9.72  12.66  14.38  18.29   9.09  11.92  14.15  18.01   9.19  11.80  14.17  18.42
both   11.91   5.28  0.00  4.51  7.87  10.62  14.90  9.16  11.97  13.86  17.12  9.49  12.45  14.30  18.10   8.87  11.77  14.14  18.25   8.93  11.45  13.88  18.36
2024-07-15 05:47:33,926 
one_candidate: 
         MJE PA_MJE MJE_0 MJE_1  MJE_2  MJE_3  MJE_4  MJE_5  MJE_6  MJE_7  MJE_8  MJE_9 MJE_10 MJE_11 MJE_12 MJE_13 MJE_14 MJE_15 MJE_16 MJE_17 MJE_18 MJE_19 MJE_20
right  15.57   6.49  0.00  5.73  10.28  14.12  19.95  12.11  15.99  18.39  22.23  12.51  16.50  19.11  23.72  11.61  15.48  18.68  23.92  11.51  14.58  17.58  23.06
left   15.98   6.39  0.00  6.01  10.75  14.73  20.90  12.34  16.40  18.93  23.18  12.88  16.79  19.07  23.80  12.10  15.76  18.69  23.52  12.16  15.44  18.48  23.69
both   15.78   6.44  0.00  5.87  10.51  14.42  20.42  12.22  16.19  18.66  22.70  12.69  16.64  19.09  23.76  11.85  15.62  18.68  23.72  11.83  15.01  18.02  23.37
2024-07-15 05:47:33,944 
mean_candidate_mano: 
         MJE PA_MJE MJE_0 MJE_1 MJE_2 MJE_3  MJE_4 MJE_5  MJE_6  MJE_7  MJE_8 MJE_9 MJE_10 MJE_11 MJE_12 MJE_13 MJE_14 MJE_15 MJE_16 MJE_17 MJE_18 MJE_19 MJE_20
right  10.06   5.18  0.00  3.96  6.84  9.06  12.44  7.68   9.52  10.86  13.24  7.91  10.24  11.95  15.37   7.55   9.97  12.31  16.43   7.78   9.87  12.10  16.27
left   10.42   5.05  0.00  4.22  7.15  9.48  13.20  7.94  10.16  11.63  14.60  8.29  10.64  12.18  15.27   7.98  10.26  12.22  15.84   8.32  10.50  12.59  16.39
both   10.24   5.11  0.00  4.09  6.99  9.27  12.82  7.81   9.84  11.24  13.91  8.10  10.44  12.06  15.32   7.76  10.11  12.27  16.13   8.05  10.18  12.34  16.33
2024-07-15 05:47:34,119 
Object Evaluation: 7936 samples 
Mean Pose: 
                          MCE    OCE    ADD   ADDS  ADD01d ADDS01d    REP
002_master_chef_can     57.34  20.77  41.47  10.92  31.47%  92.89%  19.98
003_cracker_box         32.08  27.68  29.94  14.78  62.16%  91.40%   8.60
004_sugar_box           39.38  26.51  33.57  14.91  49.25%  82.50%  10.64
005_tomato_soup_can     42.29  22.93  33.36  11.91  18.78%  76.59%  13.76
006_mustard_bottle      28.30  18.49  23.04   9.91  66.75%  93.77%   8.51
007_tuna_fish_can       52.56  22.31  36.92  11.99  16.33%  72.45%  16.93
008_pudding_box         41.35  27.96  35.28  16.89  50.61%  84.91%  14.65
009_gelatin_box         33.99  23.90  29.28  13.02  36.20%  75.70%   9.42
010_potted_meat_can     38.54  22.03  31.11  11.84  32.12%  80.05%  13.44
011_banana              54.51  23.57  36.17  14.96  44.25%  77.75%  14.41
019_pitcher_base        51.07  35.10  41.60  19.38  58.04%  89.20%  17.59
021_bleach_cleanser     45.55  25.55  35.13  14.30  56.41%  90.00%  14.92
024_bowl               115.33  20.39  64.96  11.66  22.37%  90.26%  36.32
025_mug                 45.87  20.11  30.90   9.74  32.99%  90.21%  13.13
035_power_drill         41.92  29.98  34.51  15.91  57.33%  86.39%  11.97
036_wood_block         132.52  28.10  94.37  16.69   7.67%  83.84%  53.99
037_scissors            65.84  30.76  42.00  20.25  29.68%  68.33%  16.06
040_large_marker        40.57  23.79  31.23  16.47   8.05%  56.88%  11.77
052_extra_large_clamp  117.05  27.14  59.48  17.30  23.41%  83.72%  29.09
061_foam_brick          61.07  21.14  45.23  11.75  10.29%  73.88%  22.90
average_instance        56.40  24.89  40.21  14.21  35.86%  82.12%  17.73
2024-07-15 05:47:34,852 
Epoch: 59/100 | Learning Rate: 1.799e-05
2024-07-15 05:47:43,447 
[0000/3136]| Loss diff_H:5.95e+00 diff_O:9.21e-01 hm_H:2.12e+00 hm_O:1.69e+00 vert:1.05e-01 joint:1.12e-01 mano_pose:2.07e-02 mano_shape:1.60e-03 force:9.32e-02 gravity:6.10e-02 torque:2.87e-02 supervised:6.34e-02 CoM:1.84e-02 total:1.12e+01
2024-07-15 05:52:02,441 
[0500/3136]| Loss diff_H:5.47e+00 diff_O:1.10e+00 hm_H:2.21e+00 hm_O:1.83e+00 vert:1.30e-01 joint:1.40e-01 mano_pose:2.25e-02 mano_shape:2.47e-03 force:6.12e-02 gravity:4.38e-02 torque:2.13e-02 supervised:7.14e-02 CoM:1.76e-02 total:1.11e+01
2024-07-15 05:56:20,111 
[1000/3136]| Loss diff_H:5.73e+00 diff_O:1.06e+00 hm_H:2.13e+00 hm_O:1.79e+00 vert:1.22e-01 joint:1.31e-01 mano_pose:1.99e-02 mano_shape:1.17e-03 force:7.18e-02 gravity:4.46e-02 torque:3.19e-02 supervised:7.01e-02 CoM:2.20e-02 total:1.12e+01
2024-07-15 06:00:39,248 
[1500/3136]| Loss diff_H:5.72e+00 diff_O:1.11e+00 hm_H:2.19e+00 hm_O:1.69e+00 vert:1.38e-01 joint:1.50e-01 mano_pose:1.88e-02 mano_shape:1.55e-03 force:5.16e-02 gravity:3.41e-02 torque:3.08e-02 supervised:6.38e-02 CoM:1.38e-02 total:1.12e+01
2024-07-15 06:04:55,571 
[2000/3136]| Loss diff_H:5.39e+00 diff_O:1.09e+00 hm_H:2.16e+00 hm_O:1.85e+00 vert:1.35e-01 joint:1.48e-01 mano_pose:2.18e-02 mano_shape:2.74e-03 force:7.05e-02 gravity:4.07e-02 torque:3.46e-02 supervised:6.09e-02 CoM:1.45e-02 total:1.10e+01
2024-07-15 06:09:04,767 
[2500/3136]| Loss diff_H:5.91e+00 diff_O:9.71e-01 hm_H:2.30e+00 hm_O:1.74e+00 vert:1.45e-01 joint:1.55e-01 mano_pose:2.72e-02 mano_shape:5.24e-03 force:5.73e-02 gravity:3.81e-02 torque:2.72e-02 supervised:6.82e-02 CoM:2.59e-02 total:1.15e+01
2024-07-15 06:13:15,165 
[3000/3136]| Loss diff_H:5.49e+00 diff_O:9.59e-01 hm_H:1.93e+00 hm_O:1.68e+00 vert:1.18e-01 joint:1.29e-01 mano_pose:1.68e-02 mano_shape:1.46e-03 force:1.06e-01 gravity:6.16e-02 torque:2.72e-02 supervised:9.20e-02 CoM:1.12e-02 total:1.06e+01
2024-07-15 06:14:21,876 
Evaluation on subtest dataset: 7877
2024-07-15 06:21:33,275 
Hand Evaluation: 7936 samples
2024-07-15 06:21:33,292 
regression: 
         MJE PA_MJE MJE_0 MJE_1 MJE_2  MJE_3  MJE_4 MJE_5  MJE_6  MJE_7  MJE_8 MJE_9 MJE_10 MJE_11 MJE_12 MJE_13 MJE_14 MJE_15 MJE_16 MJE_17 MJE_18 MJE_19 MJE_20
right  11.68   5.36  0.00  4.35  7.69  10.42  14.57  8.99  11.65  13.46  16.35  9.29  12.24  14.16  17.76   8.68  11.63  14.10  18.36   8.70  11.16  13.60  18.22
left   12.06   5.19  0.00  4.67  8.09  10.89  15.26  9.31  12.19  14.08  17.64  9.68  12.56  14.28  18.11   9.08  11.89  14.09  17.90   9.18  11.80  14.15  18.33
both   11.87   5.28  0.00  4.51  7.89  10.65  14.91  9.15  11.92  13.77  16.98  9.49  12.40  14.22  17.93   8.88  11.76  14.10  18.13   8.94  11.47  13.87  18.27
2024-07-15 06:21:33,307 
one_candidate: 
         MJE PA_MJE MJE_0 MJE_1  MJE_2  MJE_3  MJE_4  MJE_5  MJE_6  MJE_7  MJE_8  MJE_9 MJE_10 MJE_11 MJE_12 MJE_13 MJE_14 MJE_15 MJE_16 MJE_17 MJE_18 MJE_19 MJE_20
right  15.38   6.50  0.00  5.77  10.29  14.10  19.79  11.96  15.82  18.27  22.13  12.30  16.16  18.76  23.46  11.43  15.11  18.32  23.66  11.39  14.38  17.31  22.64
left   15.79   6.37  0.00  5.93  10.60  14.47  20.51  12.12  16.10  18.62  22.92  12.65  16.60  19.02  23.87  11.92  15.60  18.55  23.37  12.00  15.25  18.20  23.26
both   15.58   6.44  0.00  5.85  10.44  14.28  20.14  12.03  15.96  18.44  22.52  12.47  16.38  18.89  23.66  11.67  15.36  18.43  23.52  11.69  14.81  17.75  22.95
2024-07-15 06:21:33,323 
mean_candidate_mano: 
         MJE PA_MJE MJE_0 MJE_1 MJE_2 MJE_3  MJE_4 MJE_5  MJE_6  MJE_7  MJE_8 MJE_9 MJE_10 MJE_11 MJE_12 MJE_13 MJE_14 MJE_15 MJE_16 MJE_17 MJE_18 MJE_19 MJE_20
right  10.04   5.19  0.00  3.96  6.81  8.99  12.31  7.67   9.47  10.83  13.23  7.90  10.22  11.91  15.35   7.57   9.93  12.29  16.41   7.82   9.89  12.08  16.23
left   10.38   5.05  0.00  4.21  7.12  9.38  13.03  7.90  10.09  11.53  14.45  8.27  10.58  12.13  15.26   7.98  10.22  12.20  15.85   8.34  10.53  12.58  16.35
both   10.21   5.12  0.00  4.09  6.96  9.19  12.67  7.78   9.77  11.18  13.83  8.09  10.40  12.02  15.30   7.77  10.07  12.24  16.13   8.08  10.20  12.33  16.29
2024-07-15 06:21:33,485 
Object Evaluation: 7936 samples 
Mean Pose: 
                          MCE    OCE    ADD   ADDS  ADD01d ADDS01d    REP
002_master_chef_can     57.90  20.90  41.91  11.01  32.76%  92.24%  19.98
003_cracker_box         31.97  27.31  29.76  14.43  62.16%  91.15%   8.37
004_sugar_box           39.40  26.09  33.34  14.92  51.75%  83.75%  10.65
005_tomato_soup_can     41.12  21.76  32.22  11.29  20.73%  77.80%  13.69
006_mustard_bottle      28.71  19.11  23.52  10.21  64.68%  94.55%   8.45
007_tuna_fish_can       51.17  21.73  35.87  11.67  15.82%  73.21%  16.56
008_pudding_box         42.04  28.76  36.07  17.50  51.34%  84.67%  14.73
009_gelatin_box         34.08  24.09  29.34  13.09  39.49%  74.43%   9.84
010_potted_meat_can     38.11  22.63  31.14  12.19  32.36%  78.35%  12.68
011_banana              54.08  23.49  35.99  14.64  44.50%  80.50%  14.31
019_pitcher_base        52.06  35.55  42.34  19.18  56.78%  89.70%  16.77
021_bleach_cleanser     43.68  25.49  34.17  14.28  59.74%  89.23%  13.52
024_bowl               117.85  21.84  66.80  12.60  20.00%  88.68%  36.76
025_mug                 46.75  20.70  31.46  10.06  37.37%  89.69%  13.27
035_power_drill         43.19  31.44  35.64  16.98  56.81%  86.65%  11.46
036_wood_block         133.07  27.61  94.58  16.80   9.32%  82.74%  55.37
037_scissors            66.22  31.29  42.35  20.69  26.93%  68.83%  16.00
040_large_marker        40.90  22.98  30.95  16.24   8.31%  55.84%  11.59
052_extra_large_clamp  112.56  27.33  57.85  16.90  23.92%  84.73%  28.37
061_foam_brick          61.28  21.28  45.37  11.79  11.87%  72.82%  22.43
average_instance        56.35  25.05  40.27  14.30  36.49%  82.07%  17.56
2024-07-15 06:21:34,146 
Epoch: 60/100 | Learning Rate: 1.727e-05
2024-07-15 06:21:44,362 
[0000/3136]| Loss diff_H:5.68e+00 diff_O:1.07e+00 hm_H:2.02e+00 hm_O:1.86e+00 vert:1.08e-01 joint:1.15e-01 mano_pose:1.86e-02 mano_shape:2.82e-03 force:6.28e-02 gravity:4.05e-02 torque:3.00e-02 supervised:5.83e-02 CoM:1.77e-02 total:1.11e+01
2024-07-15 06:26:02,249 
[0500/3136]| Loss diff_H:5.43e+00 diff_O:9.01e-01 hm_H:2.13e+00 hm_O:1.75e+00 vert:1.41e-01 joint:1.50e-01 mano_pose:1.99e-02 mano_shape:3.17e-03 force:9.03e-02 gravity:4.64e-02 torque:2.48e-02 supervised:5.72e-02 CoM:1.32e-02 total:1.08e+01
2024-07-15 06:30:20,252 
[1000/3136]| Loss diff_H:5.16e+00 diff_O:1.04e+00 hm_H:2.13e+00 hm_O:1.79e+00 vert:9.03e-02 joint:9.66e-02 mano_pose:1.58e-02 mano_shape:4.21e-03 force:6.50e-02 gravity:3.40e-02 torque:3.59e-02 supervised:7.00e-02 CoM:1.19e-02 total:1.05e+01
2024-07-15 06:34:37,710 
[1500/3136]| Loss diff_H:5.51e+00 diff_O:9.01e-01 hm_H:1.95e+00 hm_O:1.59e+00 vert:1.11e-01 joint:1.20e-01 mano_pose:1.96e-02 mano_shape:2.82e-03 force:4.42e-02 gravity:2.25e-02 torque:2.45e-02 supervised:6.00e-02 CoM:1.02e-02 total:1.04e+01
2024-07-15 06:38:52,979 
[2000/3136]| Loss diff_H:5.50e+00 diff_O:9.58e-01 hm_H:2.07e+00 hm_O:1.66e+00 vert:1.26e-01 joint:1.36e-01 mano_pose:1.54e-02 mano_shape:1.06e-03 force:6.62e-02 gravity:3.92e-02 torque:2.49e-02 supervised:8.34e-02 CoM:2.21e-02 total:1.07e+01
2024-07-15 06:43:00,751 
[2500/3136]| Loss diff_H:5.90e+00 diff_O:9.16e-01 hm_H:1.93e+00 hm_O:1.70e+00 vert:1.66e-01 joint:1.79e-01 mano_pose:2.22e-02 mano_shape:5.93e-03 force:9.98e-02 gravity:6.18e-02 torque:3.00e-02 supervised:7.33e-02 CoM:1.38e-02 total:1.11e+01
2024-07-15 06:47:07,431 
[3000/3136]| Loss diff_H:5.45e+00 diff_O:1.01e+00 hm_H:1.82e+00 hm_O:1.67e+00 vert:8.29e-02 joint:8.72e-02 mano_pose:1.56e-02 mano_shape:3.38e-03 force:5.72e-02 gravity:2.80e-02 torque:2.62e-02 supervised:7.51e-02 CoM:1.44e-02 total:1.03e+01
2024-07-15 06:48:13,947 
Evaluation on subtest dataset: 7877
2024-07-15 06:54:24,706 
Hand Evaluation: 7936 samples
2024-07-15 06:54:24,725 
regression: 
         MJE PA_MJE MJE_0 MJE_1 MJE_2  MJE_3  MJE_4 MJE_5  MJE_6  MJE_7  MJE_8 MJE_9 MJE_10 MJE_11 MJE_12 MJE_13 MJE_14 MJE_15 MJE_16 MJE_17 MJE_18 MJE_19 MJE_20
right  11.71   5.38  0.00  4.35  7.69  10.39  14.53  9.01  11.70  13.50  16.40  9.31  12.25  14.21  17.91   8.70  11.63  14.13  18.47   8.71  11.13  13.59  18.24
left   12.05   5.20  0.00  4.66  8.06  10.90  15.30  9.29  12.18  14.09  17.72  9.65  12.49  14.21  18.19   9.05  11.86  14.09  17.91   9.15  11.76  14.13  18.32
both   11.87   5.29  0.00  4.50  7.87  10.64  14.91  9.14  11.94  13.79  17.05  9.48  12.37  14.21  18.05   8.87  11.74  14.11  18.19   8.93  11.44  13.85  18.28
2024-07-15 06:54:24,740 
one_candidate: 
         MJE PA_MJE MJE_0 MJE_1  MJE_2  MJE_3  MJE_4  MJE_5  MJE_6  MJE_7  MJE_8  MJE_9 MJE_10 MJE_11 MJE_12 MJE_13 MJE_14 MJE_15 MJE_16 MJE_17 MJE_18 MJE_19 MJE_20
right  15.62   6.52  0.00  5.74  10.30  14.18  19.96  12.07  15.89  18.36  22.31  12.50  16.52  19.22  24.02  11.64  15.50  18.75  24.12  11.58  14.62  17.60  23.03
left   15.69   6.35  0.00  5.87  10.32  14.11  20.04  12.13  16.00  18.51  22.81  12.67  16.43  18.73  23.64  11.87  15.63  18.63  23.42  11.92  15.29  18.26  23.28
both   15.65   6.44  0.00  5.80  10.31  14.15  20.00  12.10  15.94  18.44  22.55  12.58  16.48  18.98  23.83  11.76  15.56  18.69  23.78  11.74  14.95  17.92  23.15
2024-07-15 06:54:24,756 
mean_candidate_mano: 
         MJE PA_MJE MJE_0 MJE_1 MJE_2 MJE_3  MJE_4 MJE_5  MJE_6  MJE_7  MJE_8 MJE_9 MJE_10 MJE_11 MJE_12 MJE_13 MJE_14 MJE_15 MJE_16 MJE_17 MJE_18 MJE_19 MJE_20
right  10.12   5.20  0.00  4.02  6.89  9.10  12.46  7.75   9.58  10.94  13.36  7.97  10.25  11.98  15.50   7.60   9.99  12.37  16.54   7.83   9.90  12.15  16.35
left   10.47   5.07  0.00  4.23  7.12  9.42  13.07  8.00  10.21  11.69  14.70  8.39  10.70  12.23  15.38   8.09  10.37  12.34  15.95   8.43  10.59  12.63  16.40
both   10.29   5.14  0.00  4.12  7.01  9.26  12.76  7.87   9.89  11.31  14.02  8.18  10.47  12.10  15.44   7.84  10.17  12.36  16.25   8.12  10.24  12.38  16.37
2024-07-15 06:54:24,909 
Object Evaluation: 7936 samples 
Mean Pose: 
                          MCE    OCE    ADD   ADDS  ADD01d ADDS01d    REP
002_master_chef_can     59.19  20.91  42.67  10.98  33.62%  92.89%  20.57
003_cracker_box         31.69  27.11  29.51  14.44  62.65%  91.65%   8.40
004_sugar_box           38.78  26.58  33.19  14.94  53.25%  82.00%  10.48
005_tomato_soup_can     41.21  22.98  32.71  12.02  19.27%  75.37%  13.54
006_mustard_bottle      28.52  18.77  23.29  10.09  67.27%  93.25%   8.56
007_tuna_fish_can       51.81  21.65  36.24  11.66  14.80%  73.72%  16.71
008_pudding_box         41.60  29.04  35.85  17.54  50.85%  84.18%  14.69
009_gelatin_box         33.79  24.24  29.26  13.16  36.46%  75.44%   9.68
010_potted_meat_can     38.41  21.41  30.77  11.48  33.58%  80.29%  13.28
011_banana              54.99  23.28  35.92  14.79  43.75%  81.50%  14.27
019_pitcher_base        49.96  34.52  40.76  18.68  56.03%  90.45%  16.58
021_bleach_cleanser     43.98  25.13  34.04  13.98  57.44%  90.77%  14.08
024_bowl               116.81  20.49  65.75  11.84  21.05%  90.00%  36.76
025_mug                 45.63  20.33  30.94   9.93  34.79%  89.95%  13.12
035_power_drill         42.78  30.83  35.25  16.43  55.76%  85.60%  11.68
036_wood_block         134.22  27.42  95.20  16.72   7.40%  84.66%  55.02
037_scissors            65.17  30.78  41.95  20.29  30.42%  69.33%  15.76
040_large_marker        39.82  23.23  30.53  16.53   8.57%  56.88%  11.45
052_extra_large_clamp  115.73  26.92  58.86  17.09  24.17%  83.72%  28.92
061_foam_brick          59.07  20.47  43.77  11.28   9.76%  73.61%  21.79
average_instance        56.21  24.79  40.07  14.17  36.23%  82.35%  17.59
2024-07-15 06:54:25,588 
Epoch: 61/100 | Learning Rate: 1.658e-05
2024-07-15 06:54:34,736 
[0000/3136]| Loss diff_H:5.69e+00 diff_O:1.02e+00 hm_H:2.18e+00 hm_O:1.92e+00 vert:1.38e-01 joint:1.49e-01 mano_pose:2.24e-02 mano_shape:2.39e-03 force:3.95e-02 gravity:1.70e-02 torque:2.83e-02 supervised:4.73e-02 CoM:2.03e-02 total:1.13e+01
2024-07-15 06:58:55,963 
[0500/3136]| Loss diff_H:5.77e+00 diff_O:1.02e+00 hm_H:2.14e+00 hm_O:1.77e+00 vert:1.41e-01 joint:1.54e-01 mano_pose:2.41e-02 mano_shape:3.97e-03 force:8.26e-02 gravity:4.95e-02 torque:2.52e-02 supervised:5.96e-02 CoM:2.49e-02 total:1.13e+01
2024-07-15 07:03:16,359 
[1000/3136]| Loss diff_H:5.53e+00 diff_O:9.12e-01 hm_H:2.06e+00 hm_O:1.73e+00 vert:1.24e-01 joint:1.35e-01 mano_pose:1.93e-02 mano_shape:9.53e-04 force:1.15e-01 gravity:8.83e-02 torque:2.41e-02 supervised:8.62e-02 CoM:2.05e-02 total:1.08e+01
2024-07-15 07:07:34,642 
[1500/3136]| Loss diff_H:6.04e+00 diff_O:1.12e+00 hm_H:2.07e+00 hm_O:1.79e+00 vert:1.39e-01 joint:1.50e-01 mano_pose:2.07e-02 mano_shape:3.54e-03 force:8.05e-02 gravity:4.59e-02 torque:2.60e-02 supervised:6.77e-02 CoM:3.15e-02 total:1.16e+01
2024-07-15 07:11:51,724 
[2000/3136]| Loss diff_H:5.55e+00 diff_O:1.08e+00 hm_H:2.21e+00 hm_O:1.72e+00 vert:1.25e-01 joint:1.34e-01 mano_pose:1.79e-02 mano_shape:6.46e-03 force:4.60e-02 gravity:2.47e-02 torque:3.73e-02 supervised:5.50e-02 CoM:1.94e-02 total:1.10e+01
2024-07-15 07:16:09,807 
[2500/3136]| Loss diff_H:5.44e+00 diff_O:9.93e-01 hm_H:2.01e+00 hm_O:1.70e+00 vert:1.28e-01 joint:1.38e-01 mano_pose:2.27e-02 mano_shape:2.59e-03 force:4.45e-02 gravity:2.25e-02 torque:2.73e-02 supervised:6.64e-02 CoM:1.83e-02 total:1.06e+01
2024-07-15 07:20:25,846 
[3000/3136]| Loss diff_H:6.15e+00 diff_O:1.01e+00 hm_H:2.33e+00 hm_O:1.86e+00 vert:1.62e-01 joint:1.73e-01 mano_pose:2.65e-02 mano_shape:5.05e-03 force:6.37e-02 gravity:3.41e-02 torque:3.13e-02 supervised:7.91e-02 CoM:2.01e-02 total:1.19e+01
2024-07-15 07:21:34,442 
Evaluation on subtest dataset: 7877
2024-07-15 07:28:15,441 
Hand Evaluation: 7936 samples
2024-07-15 07:28:15,454 
regression: 
         MJE PA_MJE MJE_0 MJE_1 MJE_2  MJE_3  MJE_4 MJE_5  MJE_6  MJE_7  MJE_8 MJE_9 MJE_10 MJE_11 MJE_12 MJE_13 MJE_14 MJE_15 MJE_16 MJE_17 MJE_18 MJE_19 MJE_20
right  11.65   5.35  0.00  4.34  7.65  10.33  14.43  8.97  11.60  13.41  16.30  9.26  12.19  14.15  17.86   8.64  11.58  14.07  18.37   8.66  11.09  13.54  18.16
left   12.04   5.19  0.00  4.68  8.06  10.88  15.22  9.29  12.16  14.06  17.69  9.65  12.49  14.22  18.18   9.06  11.83  14.06  17.90   9.18  11.77  14.13  18.35
both   11.84   5.27  0.00  4.51  7.85  10.60  14.82  9.13  11.88  13.73  16.99  9.45  12.34  14.18  18.02   8.85  11.71  14.07  18.14   8.91  11.43  13.83  18.25
2024-07-15 07:28:15,464 
one_candidate: 
         MJE PA_MJE MJE_0 MJE_1  MJE_2  MJE_3  MJE_4  MJE_5  MJE_6  MJE_7  MJE_8  MJE_9 MJE_10 MJE_11 MJE_12 MJE_13 MJE_14 MJE_15 MJE_16 MJE_17 MJE_18 MJE_19 MJE_20
right  15.67   6.52  0.00  5.76  10.38  14.18  19.87  12.17  16.10  18.59  22.47  12.60  16.60  19.31  24.10  11.70  15.55  18.74  23.95  11.62  14.68  17.63  22.98
left   15.88   6.40  0.00  6.00  10.65  14.52  20.47  12.28  16.25  18.73  23.08  12.81  16.70  19.03  24.09  12.00  15.73  18.64  23.42  12.05  15.32  18.29  23.40
both   15.77   6.46  0.00  5.88  10.51  14.35  20.17  12.23  16.18  18.66  22.77  12.70  16.65  19.17  24.10  11.85  15.64  18.69  23.69  11.83  14.99  17.95  23.18
2024-07-15 07:28:15,475 
mean_candidate_mano: 
         MJE PA_MJE MJE_0 MJE_1 MJE_2 MJE_3  MJE_4 MJE_5  MJE_6  MJE_7  MJE_8 MJE_9 MJE_10 MJE_11 MJE_12 MJE_13 MJE_14 MJE_15 MJE_16 MJE_17 MJE_18 MJE_19 MJE_20
right  10.10   5.19  0.00  3.97  6.85  9.03  12.38  7.73   9.56  10.92  13.32  7.96  10.26  11.96  15.44   7.61   9.99  12.37  16.52   7.84   9.94  12.18  16.33
left   10.45   5.07  0.00  4.21  7.12  9.42  13.12  7.99  10.21  11.66  14.64  8.40  10.70  12.19  15.31   8.08  10.33  12.27  15.87   8.41  10.55  12.60  16.36
both   10.27   5.13  0.00  4.09  6.98  9.22  12.74  7.86   9.88  11.29  13.97  8.18  10.48  12.07  15.38   7.84  10.16  12.32  16.20   8.12  10.24  12.38  16.35
2024-07-15 07:28:15,574 
Object Evaluation: 7936 samples 
Mean Pose: 
                          MCE    OCE    ADD   ADDS  ADD01d ADDS01d    REP
002_master_chef_can     56.87  21.21  41.44  11.11  34.05%  91.81%  19.58
003_cracker_box         31.41  26.92  29.25  14.40  62.90%  92.38%   8.19
004_sugar_box           37.85  25.41  32.10  14.32  54.25%  85.50%  10.43
005_tomato_soup_can     41.96  21.86  32.70  11.54  22.20%  77.56%  13.94
006_mustard_bottle      27.92  18.64  22.96  10.03  65.97%  93.51%   8.32
007_tuna_fish_can       50.72  22.68  36.04  12.35  19.13%  72.70%  16.34
008_pudding_box         41.18  28.71  35.51  17.37  48.91%  84.43%  14.35
009_gelatin_box         33.27  24.21  29.01  13.06  39.24%  76.46%   9.63
010_potted_meat_can     39.03  22.46  31.57  11.98  32.12%  78.83%  13.31
011_banana              55.39  23.81  36.58  14.66  44.75%  80.50%  14.70
019_pitcher_base        50.78  34.59  41.18  18.61  55.78%  91.21%  16.98
021_bleach_cleanser     44.41  25.58  34.59  14.25  59.49%  90.00%  14.25
024_bowl               117.14  20.95  66.08  11.89  19.21%  90.00%  36.91
025_mug                 45.50  20.19  30.84   9.80  33.51%  89.95%  13.06
035_power_drill         40.81  30.76  34.34  16.23  56.28%  87.17%  11.08
036_wood_block         133.44  27.75  94.81  16.66   8.77%  83.84%  54.62
037_scissors            66.80  31.56  42.72  21.04  27.43%  66.83%  16.17
040_large_marker        39.61  23.54  30.60  16.42  10.13%  54.03%  11.57
052_extra_large_clamp  113.93  25.82  57.74  16.03  24.17%  85.24%  28.64
061_foam_brick          59.36  21.44  44.28  11.95  11.87%  74.14%  21.82
average_instance        55.91  24.89  39.95  14.17  36.68%  82.38%  17.52
2024-07-15 07:28:16,043 
Epoch: 62/100 | Learning Rate: 1.592e-05
2024-07-15 07:28:23,414 
[0000/3136]| Loss diff_H:5.89e+00 diff_O:1.08e+00 hm_H:2.23e+00 hm_O:1.87e+00 vert:1.76e-01 joint:1.88e-01 mano_pose:2.78e-02 mano_shape:6.53e-03 force:2.57e-02 gravity:1.05e-02 torque:2.77e-02 supervised:5.42e-02 CoM:2.59e-02 total:1.16e+01
2024-07-15 07:32:38,975 
[0500/3136]| Loss diff_H:5.66e+00 diff_O:1.09e+00 hm_H:2.15e+00 hm_O:1.76e+00 vert:9.85e-02 joint:1.07e-01 mano_pose:2.11e-02 mano_shape:2.10e-03 force:8.29e-02 gravity:5.44e-02 torque:2.85e-02 supervised:5.16e-02 CoM:1.72e-02 total:1.11e+01
2024-07-15 07:36:54,331 
[1000/3136]| Loss diff_H:5.32e+00 diff_O:8.96e-01 hm_H:2.24e+00 hm_O:1.76e+00 vert:9.94e-02 joint:1.09e-01 mano_pose:1.96e-02 mano_shape:1.45e-03 force:4.06e-02 gravity:2.17e-02 torque:2.85e-02 supervised:6.55e-02 CoM:1.64e-02 total:1.06e+01
2024-07-15 07:41:12,685 
[1500/3136]| Loss diff_H:5.97e+00 diff_O:1.03e+00 hm_H:2.08e+00 hm_O:1.82e+00 vert:1.35e-01 joint:1.45e-01 mano_pose:2.02e-02 mano_shape:1.41e-03 force:5.24e-02 gravity:2.22e-02 torque:3.31e-02 supervised:5.34e-02 CoM:1.40e-02 total:1.14e+01
2024-07-15 07:45:28,646 
[2000/3136]| Loss diff_H:5.67e+00 diff_O:1.00e+00 hm_H:2.13e+00 hm_O:1.66e+00 vert:1.14e-01 joint:1.21e-01 mano_pose:1.74e-02 mano_shape:1.52e-03 force:8.86e-02 gravity:6.66e-02 torque:3.19e-02 supervised:6.86e-02 CoM:1.71e-02 total:1.10e+01
2024-07-15 07:49:46,465 
[2500/3136]| Loss diff_H:5.42e+00 diff_O:1.03e+00 hm_H:1.96e+00 hm_O:1.74e+00 vert:8.55e-02 joint:9.19e-02 mano_pose:1.92e-02 mano_shape:5.02e-03 force:6.74e-02 gravity:2.65e-02 torque:2.68e-02 supervised:7.96e-02 CoM:1.24e-02 total:1.06e+01
2024-07-15 07:53:56,377 
[3000/3136]| Loss diff_H:5.92e+00 diff_O:1.10e+00 hm_H:2.17e+00 hm_O:1.78e+00 vert:1.24e-01 joint:1.34e-01 mano_pose:2.36e-02 mano_shape:6.03e-03 force:3.01e-02 gravity:1.16e-02 torque:2.64e-02 supervised:6.60e-02 CoM:1.33e-02 total:1.14e+01
2024-07-15 07:55:02,909 
Evaluation on subtest dataset: 7877
2024-07-15 08:04:02,917 
Hand Evaluation: 7936 samples
2024-07-15 08:04:02,934 
regression: 
         MJE PA_MJE MJE_0 MJE_1 MJE_2  MJE_3  MJE_4 MJE_5  MJE_6  MJE_7  MJE_8 MJE_9 MJE_10 MJE_11 MJE_12 MJE_13 MJE_14 MJE_15 MJE_16 MJE_17 MJE_18 MJE_19 MJE_20
right  11.74   5.39  0.00  4.37  7.69  10.42  14.60  9.05  11.71  13.53  16.44  9.35  12.31  14.27  17.95   8.73  11.68  14.17  18.50   8.73  11.19  13.64  18.30
left   12.09   5.20  0.00  4.67  8.08  10.89  15.26  9.34  12.27  14.20  17.80  9.71  12.59  14.32  18.15   9.10  11.93  14.15  17.96   9.22  11.84  14.18  18.33
both   11.92   5.29  0.00  4.52  7.88  10.65  14.92  9.19  11.99  13.86  17.11  9.53  12.44  14.29  18.05   8.91  11.80  14.16  18.23   8.97  11.51  13.91  18.31
2024-07-15 08:04:02,951 
one_candidate: 
         MJE PA_MJE MJE_0 MJE_1  MJE_2  MJE_3  MJE_4  MJE_5  MJE_6  MJE_7  MJE_8  MJE_9 MJE_10 MJE_11 MJE_12 MJE_13 MJE_14 MJE_15 MJE_16 MJE_17 MJE_18 MJE_19 MJE_20
right  15.63   6.54  0.00  5.84  10.42  14.22  19.98  12.16  16.02  18.61  22.62  12.52  16.44  19.13  23.93  11.61  15.41  18.64  23.93  11.54  14.59  17.58  22.97
left   15.78   6.39  0.00  6.01  10.63  14.52  20.53  12.16  16.09  18.52  22.80  12.68  16.45  18.73  23.81  11.93  15.61  18.54  23.33  12.04  15.34  18.31  23.34
both   15.70   6.47  0.00  5.92  10.52  14.37  20.25  12.16  16.05  18.57  22.71  12.60  16.44  18.93  23.87  11.77  15.51  18.60  23.63  11.79  14.96  17.94  23.16
2024-07-15 08:04:02,970 
mean_candidate_mano: 
         MJE PA_MJE MJE_0 MJE_1 MJE_2 MJE_3  MJE_4 MJE_5  MJE_6  MJE_7  MJE_8 MJE_9 MJE_10 MJE_11 MJE_12 MJE_13 MJE_14 MJE_15 MJE_16 MJE_17 MJE_18 MJE_19 MJE_20
right  10.17   5.22  0.00  4.01  6.91  9.13  12.55  7.79   9.58  10.97  13.37  8.02  10.32  12.02  15.50   7.66  10.07  12.47  16.67   7.89  10.01  12.26  16.45
left   10.43   5.06  0.00  4.18  7.07  9.37  13.06  7.94  10.16  11.63  14.57  8.37  10.68  12.20  15.25   8.07  10.32  12.30  15.89   8.42  10.60  12.65  16.37
both   10.30   5.14  0.00  4.10  6.99  9.25  12.80  7.86   9.87  11.29  13.96  8.19  10.49  12.11  15.38   7.86  10.19  12.39  16.28   8.15  10.30  12.45  16.41
2024-07-15 08:04:03,172 
Object Evaluation: 7936 samples 
Mean Pose: 
                          MCE    OCE    ADD   ADDS  ADD01d ADDS01d    REP
002_master_chef_can     59.39  20.78  42.71  10.89  31.68%  92.89%  20.75
003_cracker_box         31.88  27.54  29.81  14.55  62.41%  91.65%   8.30
004_sugar_box           38.26  25.63  32.50  14.44  52.00%  83.50%  10.22
005_tomato_soup_can     41.43  23.07  32.89  12.07  21.95%  75.85%  13.63
006_mustard_bottle      27.36  17.88  22.33   9.58  68.05%  95.32%   8.16
007_tuna_fish_can       50.89  21.74  35.80  11.74  17.35%  76.02%  16.46
008_pudding_box         41.17  28.76  35.58  17.49  51.82%  84.67%  14.13
009_gelatin_box         33.11  24.61  29.11  13.32  36.20%  74.68%   9.39
010_potted_meat_can     38.11  22.31  30.92  11.84  30.90%  78.83%  13.34
011_banana              54.17  23.25  35.86  14.47  45.25%  80.25%  14.66
019_pitcher_base        50.85  35.67  41.83  19.15  55.28%  89.45%  16.80
021_bleach_cleanser     46.12  26.11  35.75  14.57  57.69%  89.49%  14.48
024_bowl               117.33  21.82  66.42  12.54  19.74%  89.47%  36.69
025_mug                 45.00  20.40  30.72  10.04  36.60%  88.92%  12.86
035_power_drill         41.49  30.98  34.71  16.52  55.24%  86.39%  11.27
036_wood_block         135.41  27.86  96.16  16.55   7.40%  82.74%  55.78
037_scissors            63.81  30.58  41.25  20.13  31.92%  67.33%  15.17
040_large_marker        38.54  22.72  29.67  15.64  10.13%  58.96%  11.10
052_extra_large_clamp  110.83  26.53  56.63  16.54  24.94%  85.50%  27.92
061_foam_brick          57.83  21.28  43.30  11.80  10.29%  73.35%  21.08
average_instance        55.71  24.96  39.94  14.17  36.50%  82.35%  17.44
2024-07-15 08:04:03,707 
Epoch: 63/100 | Learning Rate: 1.528e-05
2024-07-15 08:04:12,425 
[0000/3136]| Loss diff_H:5.78e+00 diff_O:1.09e+00 hm_H:2.03e+00 hm_O:1.72e+00 vert:9.92e-02 joint:1.08e-01 mano_pose:1.70e-02 mano_shape:3.21e-03 force:9.20e-02 gravity:6.44e-02 torque:2.88e-02 supervised:8.40e-02 CoM:1.11e-02 total:1.11e+01
2024-07-15 08:08:31,238 
[0500/3136]| Loss diff_H:6.91e+00 diff_O:9.46e-01 hm_H:2.07e+00 hm_O:1.65e+00 vert:1.42e-01 joint:1.49e-01 mano_pose:4.45e-02 mano_shape:5.04e-03 force:6.33e-02 gravity:3.87e-02 torque:3.35e-02 supervised:5.75e-02 CoM:1.66e-02 total:1.21e+01
2024-07-15 08:12:47,844 
[1000/3136]| Loss diff_H:5.31e+00 diff_O:9.69e-01 hm_H:1.97e+00 hm_O:1.67e+00 vert:8.76e-02 joint:9.41e-02 mano_pose:1.36e-02 mano_shape:1.15e-03 force:4.81e-02 gravity:2.36e-02 torque:2.60e-02 supervised:5.46e-02 CoM:1.56e-02 total:1.03e+01
2024-07-15 08:17:03,967 
[1500/3136]| Loss diff_H:5.51e+00 diff_O:1.07e+00 hm_H:1.92e+00 hm_O:1.78e+00 vert:1.12e-01 joint:1.17e-01 mano_pose:2.20e-02 mano_shape:1.22e-03 force:4.83e-02 gravity:1.44e-02 torque:2.39e-02 supervised:6.18e-02 CoM:2.03e-02 total:1.07e+01
2024-07-15 08:21:19,693 
[2000/3136]| Loss diff_H:5.61e+00 diff_O:8.95e-01 hm_H:1.94e+00 hm_O:1.72e+00 vert:1.71e-01 joint:1.82e-01 mano_pose:2.31e-02 mano_shape:1.47e-03 force:5.80e-02 gravity:3.31e-02 torque:3.48e-02 supervised:5.73e-02 CoM:2.54e-02 total:1.08e+01
2024-07-15 08:25:37,673 
[2500/3136]| Loss diff_H:5.75e+00 diff_O:9.98e-01 hm_H:2.12e+00 hm_O:1.70e+00 vert:1.20e-01 joint:1.30e-01 mano_pose:1.90e-02 mano_shape:2.59e-03 force:4.52e-02 gravity:1.81e-02 torque:3.40e-02 supervised:7.26e-02 CoM:2.36e-02 total:1.10e+01
2024-07-15 08:29:47,539 
[3000/3136]| Loss diff_H:5.55e+00 diff_O:8.67e-01 hm_H:2.00e+00 hm_O:1.64e+00 vert:1.02e-01 joint:1.08e-01 mano_pose:1.52e-02 mano_shape:1.89e-03 force:7.69e-02 gravity:5.77e-02 torque:2.54e-02 supervised:5.07e-02 CoM:1.68e-02 total:1.05e+01
2024-07-15 08:30:54,381 
Evaluation on subtest dataset: 7877
2024-07-15 08:38:14,962 
Hand Evaluation: 7936 samples
2024-07-15 08:38:14,975 
regression: 
         MJE PA_MJE MJE_0 MJE_1 MJE_2  MJE_3  MJE_4 MJE_5  MJE_6  MJE_7  MJE_8 MJE_9 MJE_10 MJE_11 MJE_12 MJE_13 MJE_14 MJE_15 MJE_16 MJE_17 MJE_18 MJE_19 MJE_20
right  11.70   5.37  0.00  4.36  7.67  10.36  14.45  9.01  11.68  13.48  16.35  9.31  12.26  14.22  17.91   8.69  11.63  14.13  18.45   8.70  11.10  13.58  18.29
left   12.09   5.23  0.00  4.67  8.07  10.88  15.22  9.32  12.23  14.15  17.75  9.68  12.57  14.29  18.25   9.06  11.90  14.14  18.01   9.16  11.80  14.22  18.51
both   11.89   5.30  0.00  4.52  7.87  10.62  14.83  9.17  11.96  13.81  17.04  9.49  12.41  14.25  18.08   8.87  11.76  14.14  18.23   8.93  11.45  13.89  18.40
2024-07-15 08:38:14,988 
one_candidate: 
         MJE PA_MJE MJE_0 MJE_1  MJE_2  MJE_3  MJE_4  MJE_5  MJE_6  MJE_7  MJE_8  MJE_9 MJE_10 MJE_11 MJE_12 MJE_13 MJE_14 MJE_15 MJE_16 MJE_17 MJE_18 MJE_19 MJE_20
right  15.83   6.52  0.00  5.87  10.47  14.37  20.23  12.30  16.34  18.86  22.71  12.73  16.85  19.57  24.32  11.84  15.73  18.93  24.14  11.75  14.76  17.66  23.01
left   16.05   6.43  0.00  5.98  10.62  14.54  20.56  12.35  16.50  19.06  23.37  12.93  16.99  19.30  24.29  12.13  15.92  18.88  23.66  12.16  15.53  18.57  23.72
both   15.94   6.48  0.00  5.92  10.55  14.45  20.39  12.32  16.42  18.96  23.04  12.83  16.92  19.44  24.31  11.98  15.83  18.91  23.90  11.95  15.14  18.11  23.36
2024-07-15 08:38:14,999 
mean_candidate_mano: 
         MJE PA_MJE MJE_0 MJE_1 MJE_2 MJE_3  MJE_4 MJE_5  MJE_6  MJE_7  MJE_8 MJE_9 MJE_10 MJE_11 MJE_12 MJE_13 MJE_14 MJE_15 MJE_16 MJE_17 MJE_18 MJE_19 MJE_20
right  10.09   5.19  0.00  3.97  6.84  9.06  12.48  7.71   9.56  10.89  13.24  7.96  10.29  11.97  15.40   7.60   9.99  12.34  16.46   7.83   9.87  12.07  16.25
left   10.43   5.07  0.00  4.21  7.11  9.39  13.05  7.96  10.13  11.62  14.63  8.36  10.69  12.19  15.32   8.06  10.32  12.27  15.86   8.40  10.56  12.59  16.34
both   10.26   5.13  0.00  4.09  6.97  9.22  12.76  7.83   9.85  11.25  13.93  8.16  10.48  12.08  15.36   7.83  10.15  12.31  16.17   8.11  10.21  12.33  16.30
2024-07-15 08:38:15,109 
Object Evaluation: 7936 samples 
Mean Pose: 
                          MCE    OCE    ADD   ADDS  ADD01d ADDS01d    REP
002_master_chef_can     56.62  21.76  41.37  11.33  34.48%  91.16%  19.44
003_cracker_box         31.71  27.41  29.63  14.58  62.41%  91.15%   8.16
004_sugar_box           40.25  27.27  34.23  15.23  49.25%  81.00%  11.07
005_tomato_soup_can     42.78  23.85  33.98  12.35  19.27%  72.68%  13.86
006_mustard_bottle      28.81  19.72  23.86  10.41  64.42%  92.47%   8.17
007_tuna_fish_can       51.72  22.37  36.48  12.24  17.60%  73.72%  16.76
008_pudding_box         41.71  29.08  35.95  17.64  49.64%  85.40%  14.19
009_gelatin_box         33.38  24.72  29.30  13.31  35.95%  74.94%   9.32
010_potted_meat_can     38.47  23.12  31.53  12.34  29.93%  77.86%  12.97
011_banana              55.40  24.13  36.85  14.68  44.25%  81.00%  14.59
019_pitcher_base        52.23  36.47  42.99  19.72  54.27%  89.45%  17.16
021_bleach_cleanser     45.04  26.42  35.19  14.59  54.10%  90.77%  14.09
024_bowl               115.36  21.15  65.18  12.07  19.21%  89.74%  36.63
025_mug                 46.96  19.92  31.40   9.92  33.76%  89.95%  13.55
035_power_drill         43.09  32.01  36.07  17.06  52.09%  83.77%  11.46
036_wood_block         134.95  29.17  96.17  17.07   6.58%  82.47%  55.09
037_scissors            65.30  31.02  42.09  20.75  30.92%  68.08%  15.28
040_large_marker        39.95  23.05  30.51  16.19  10.65%  56.10%  11.28
052_extra_large_clamp  112.35  27.40  57.70  16.59  24.94%  84.73%  28.34
061_foam_brick          59.48  21.89  44.38  12.13  12.14%  72.82%  21.88
average_instance        56.31  25.58  40.47  14.49  35.48%  81.54%  17.48
2024-07-15 08:38:15,597 
Epoch: 64/100 | Learning Rate: 1.467e-05
2024-07-15 08:38:23,615 
[0000/3136]| Loss diff_H:5.92e+00 diff_O:1.21e+00 hm_H:1.97e+00 hm_O:1.80e+00 vert:1.01e-01 joint:1.08e-01 mano_pose:2.33e-02 mano_shape:7.26e-04 force:1.16e-01 gravity:7.57e-02 torque:2.86e-02 supervised:7.04e-02 CoM:1.33e-02 total:1.14e+01
2024-07-15 08:42:36,859 
[0500/3136]| Loss diff_H:5.60e+00 diff_O:1.14e+00 hm_H:2.12e+00 hm_O:1.77e+00 vert:9.67e-02 joint:1.04e-01 mano_pose:2.02e-02 mano_shape:4.79e-03 force:7.63e-02 gravity:4.21e-02 torque:2.70e-02 supervised:1.04e-01 CoM:1.83e-02 total:1.11e+01
2024-07-15 08:46:54,180 
[1000/3136]| Loss diff_H:5.99e+00 diff_O:9.65e-01 hm_H:2.05e+00 hm_O:1.69e+00 vert:1.24e-01 joint:1.31e-01 mano_pose:3.85e-02 mano_shape:1.72e-03 force:7.52e-02 gravity:4.08e-02 torque:2.43e-02 supervised:6.31e-02 CoM:1.22e-02 total:1.12e+01
2024-07-15 08:51:11,087 
[1500/3136]| Loss diff_H:5.58e+00 diff_O:1.04e+00 hm_H:2.12e+00 hm_O:1.83e+00 vert:1.71e-01 joint:1.82e-01 mano_pose:2.66e-02 mano_shape:5.41e-03 force:4.78e-02 gravity:2.60e-02 torque:1.84e-02 supervised:6.23e-02 CoM:2.16e-02 total:1.11e+01
2024-07-15 08:55:27,493 
[2000/3136]| Loss diff_H:5.47e+00 diff_O:9.63e-01 hm_H:2.02e+00 hm_O:1.78e+00 vert:1.18e-01 joint:1.28e-01 mano_pose:1.71e-02 mano_shape:5.79e-03 force:9.37e-02 gravity:6.17e-02 torque:2.78e-02 supervised:1.02e-01 CoM:2.41e-02 total:1.08e+01
2024-07-15 08:59:43,752 
[2500/3136]| Loss diff_H:5.30e+00 diff_O:1.03e+00 hm_H:2.03e+00 hm_O:1.68e+00 vert:1.03e-01 joint:1.11e-01 mano_pose:2.35e-02 mano_shape:1.32e-03 force:8.24e-02 gravity:6.14e-02 torque:2.13e-02 supervised:7.38e-02 CoM:1.60e-02 total:1.05e+01
2024-07-15 09:03:56,943 
[3000/3136]| Loss diff_H:5.55e+00 diff_O:9.80e-01 hm_H:2.07e+00 hm_O:1.71e+00 vert:1.40e-01 joint:1.51e-01 mano_pose:1.78e-02 mano_shape:1.59e-03 force:2.11e-02 gravity:6.90e-03 torque:2.31e-02 supervised:6.48e-02 CoM:1.49e-02 total:1.07e+01
2024-07-15 09:05:02,915 
Evaluation on subtest dataset: 7877
2024-07-15 09:17:02,887 
Hand Evaluation: 7936 samples
2024-07-15 09:17:02,905 
regression: 
         MJE PA_MJE MJE_0 MJE_1 MJE_2  MJE_3  MJE_4 MJE_5  MJE_6  MJE_7  MJE_8 MJE_9 MJE_10 MJE_11 MJE_12 MJE_13 MJE_14 MJE_15 MJE_16 MJE_17 MJE_18 MJE_19 MJE_20
right  11.77   5.38  0.00  4.38  7.73  10.45  14.54  9.10  11.80  13.61  16.54  9.40  12.35  14.32  18.02   8.74  11.70  14.17  18.46   8.73  11.15  13.61  18.29
left   12.18   5.24  0.00  4.72  8.14  10.99  15.38  9.43  12.35  14.27  17.95  9.78  12.64  14.38  18.47   9.14  11.98  14.23  18.12   9.21  11.88  14.27  18.53
both   11.97   5.31  0.00  4.55  7.93  10.72  14.95  9.27  12.07  13.94  17.24  9.59  12.49  14.35  18.24   8.94  11.84  14.20  18.29   8.97  11.51  13.94  18.41
2024-07-15 09:17:02,921 
one_candidate: 
         MJE PA_MJE MJE_0 MJE_1  MJE_2  MJE_3  MJE_4  MJE_5  MJE_6  MJE_7  MJE_8  MJE_9 MJE_10 MJE_11 MJE_12 MJE_13 MJE_14 MJE_15 MJE_16 MJE_17 MJE_18 MJE_19 MJE_20
right  15.78   6.46  0.00  5.87  10.45  14.35  20.23  12.32  16.35  18.78  22.64  12.74  16.83  19.41  24.03  11.80  15.71  18.81  23.94  11.69  14.81  17.70  22.95
left   15.82   6.35  0.00  6.00  10.63  14.43  20.31  12.24  16.23  18.72  23.08  12.70  16.57  18.95  24.19  11.90  15.60  18.56  23.42  11.98  15.24  18.18  23.28
both   15.80   6.41  0.00  5.94  10.54  14.39  20.27  12.28  16.29  18.75  22.85  12.72  16.70  19.18  24.11  11.85  15.66  18.69  23.68  11.84  15.02  17.94  23.11
2024-07-15 09:17:02,936 
mean_candidate_mano: 
         MJE PA_MJE MJE_0 MJE_1 MJE_2 MJE_3  MJE_4 MJE_5  MJE_6  MJE_7  MJE_8 MJE_9 MJE_10 MJE_11 MJE_12 MJE_13 MJE_14 MJE_15 MJE_16 MJE_17 MJE_18 MJE_19 MJE_20
right  10.13   5.19  0.00  3.99  6.86  9.06  12.46  7.78   9.61  10.98  13.39  8.02  10.32  12.00  15.41   7.66  10.03  12.38  16.50   7.91   9.97  12.16  16.29
left   10.40   5.05  0.00  4.23  7.11  9.42  13.05  7.98  10.17  11.65  14.65  8.32  10.59  12.08  15.31   7.97  10.22  12.19  15.80   8.30  10.48  12.53  16.27
both   10.26   5.12  0.00  4.11  6.99  9.24  12.75  7.88   9.88  11.31  14.01  8.17  10.46  12.04  15.36   7.81  10.12  12.28  16.15   8.10  10.22  12.34  16.28
2024-07-15 09:17:03,096 
Object Evaluation: 7936 samples 
Mean Pose: 
                          MCE    OCE    ADD   ADDS  ADD01d ADDS01d    REP
002_master_chef_can     58.21  20.94  42.13  10.99  34.27%  92.67%  20.09
003_cracker_box         30.79  26.69  28.81  14.42  63.39%  91.65%   8.08
004_sugar_box           37.51  25.84  32.13  14.51  52.25%  84.00%  10.46
005_tomato_soup_can     41.05  22.34  32.35  11.63  18.54%  77.56%  13.51
006_mustard_bottle      28.12  18.46  22.92   9.86  68.31%  94.03%   8.46
007_tuna_fish_can       51.97  21.55  36.22  11.67  16.84%  76.02%  17.18
008_pudding_box         40.64  28.23  34.97  16.96  48.66%  85.40%  14.15
009_gelatin_box         33.08  24.28  28.94  13.28  35.95%  75.19%   9.25
010_potted_meat_can     38.71  22.75  31.44  12.16  31.63%  78.35%  13.33
011_banana              53.20  22.98  35.20  14.35  45.75%  82.50%  13.84
019_pitcher_base        50.15  34.95  41.33  19.12  56.03%  89.95%  17.19
021_bleach_cleanser     43.30  25.56  33.96  14.12  58.97%  91.03%  13.90
024_bowl               115.97  20.83  65.45  11.91  20.00%  91.05%  36.73
025_mug                 44.80  19.82  30.34   9.78  33.25%  90.98%  13.08
035_power_drill         41.76  30.45  34.75  16.18  55.76%  86.91%  11.62
036_wood_block         134.35  27.34  95.34  16.22   7.67%  86.58%  55.40
037_scissors            64.93  30.91  41.72  20.32  31.17%  68.58%  15.24
040_large_marker        39.12  22.94  30.07  16.15   8.31%  57.14%  11.37
052_extra_large_clamp  111.85  26.80  57.30  16.46  25.19%  85.24%  28.10
061_foam_brick          58.88  21.34  43.92  11.87  11.87%  74.14%  21.54
average_instance        55.47  24.74  39.71  14.08  36.37%  83.01%  17.45
2024-07-15 09:17:03,922 
Epoch: 65/100 | Learning Rate: 1.408e-05
2024-07-15 09:17:12,753 
[0000/3136]| Loss diff_H:5.56e+00 diff_O:1.06e+00 hm_H:1.91e+00 hm_O:1.70e+00 vert:9.08e-02 joint:9.66e-02 mano_pose:1.88e-02 mano_shape:6.57e-03 force:5.03e-02 gravity:2.39e-02 torque:3.49e-02 supervised:7.23e-02 CoM:1.23e-02 total:1.06e+01
2024-07-15 09:21:33,172 
[0500/3136]| Loss diff_H:5.84e+00 diff_O:8.88e-01 hm_H:1.94e+00 hm_O:1.72e+00 vert:1.78e-01 joint:1.95e-01 mano_pose:1.93e-02 mano_shape:1.55e-03 force:5.08e-02 gravity:1.65e-02 torque:2.96e-02 supervised:5.23e-02 CoM:8.18e-03 total:1.09e+01
2024-07-15 09:25:49,972 
[1000/3136]| Loss diff_H:5.98e+00 diff_O:1.02e+00 hm_H:2.24e+00 hm_O:1.85e+00 vert:1.60e-01 joint:1.73e-01 mano_pose:2.61e-02 mano_shape:5.57e-03 force:3.06e-02 gravity:8.48e-03 torque:2.46e-02 supervised:6.18e-02 CoM:1.83e-02 total:1.16e+01
2024-07-15 09:30:11,460 
[1500/3136]| Loss diff_H:5.81e+00 diff_O:9.31e-01 hm_H:1.93e+00 hm_O:1.69e+00 vert:1.18e-01 joint:1.24e-01 mano_pose:2.57e-02 mano_shape:1.40e-03 force:6.60e-02 gravity:3.56e-02 torque:2.64e-02 supervised:6.59e-02 CoM:1.42e-02 total:1.08e+01
2024-07-15 09:34:29,554 
[2000/3136]| Loss diff_H:5.70e+00 diff_O:8.96e-01 hm_H:2.11e+00 hm_O:1.72e+00 vert:1.12e-01 joint:1.19e-01 mano_pose:2.14e-02 mano_shape:4.27e-03 force:6.52e-02 gravity:3.10e-02 torque:2.83e-02 supervised:5.03e-02 CoM:1.39e-02 total:1.09e+01
2024-07-15 09:38:48,420 
[2500/3136]| Loss diff_H:5.62e+00 diff_O:1.08e+00 hm_H:2.06e+00 hm_O:1.83e+00 vert:1.02e-01 joint:1.09e-01 mano_pose:2.08e-02 mano_shape:3.05e-03 force:6.19e-02 gravity:2.52e-02 torque:3.32e-02 supervised:5.18e-02 CoM:1.67e-02 total:1.10e+01
2024-07-15 09:42:56,634 
[3000/3136]| Loss diff_H:5.74e+00 diff_O:9.26e-01 hm_H:2.00e+00 hm_O:1.72e+00 vert:8.93e-02 joint:9.57e-02 mano_pose:1.54e-02 mano_shape:1.35e-03 force:7.04e-02 gravity:5.88e-02 torque:3.04e-02 supervised:8.03e-02 CoM:1.24e-02 total:1.08e+01
2024-07-15 09:44:02,745 
Evaluation on subtest dataset: 7877
2024-07-15 09:56:20,791 
Hand Evaluation: 7936 samples
2024-07-15 09:56:20,811 
regression: 
         MJE PA_MJE MJE_0 MJE_1 MJE_2  MJE_3  MJE_4 MJE_5  MJE_6  MJE_7  MJE_8 MJE_9 MJE_10 MJE_11 MJE_12 MJE_13 MJE_14 MJE_15 MJE_16 MJE_17 MJE_18 MJE_19 MJE_20
right  11.76   5.38  0.00  4.38  7.73  10.48  14.60  9.07  11.73  13.53  16.40  9.37  12.30  14.27  18.04   8.74  11.68  14.18  18.54   8.74  11.17  13.64  18.32
left   12.18   5.22  0.00  4.69  8.11  10.93  15.34  9.41  12.33  14.27  17.92  9.80  12.66  14.39  18.38   9.18  12.01  14.26  18.16   9.27  11.87  14.25  18.47
both   11.96   5.30  0.00  4.53  7.92  10.70  14.97  9.24  12.02  13.89  17.15  9.58  12.48  14.33  18.21   8.96  11.84  14.22  18.35   9.00  11.52  13.94  18.40
2024-07-15 09:56:20,827 
one_candidate: 
         MJE PA_MJE MJE_0 MJE_1  MJE_2  MJE_3  MJE_4  MJE_5  MJE_6  MJE_7  MJE_8  MJE_9 MJE_10 MJE_11 MJE_12 MJE_13 MJE_14 MJE_15 MJE_16 MJE_17 MJE_18 MJE_19 MJE_20
right  15.70   6.52  0.00  5.82  10.46  14.32  20.14  12.23  16.08  18.63  22.64  12.61  16.62  19.35  24.16  11.69  15.54  18.71  23.90  11.60  14.67  17.61  22.90
left   15.76   6.39  0.00  5.92  10.49  14.37  20.46  12.11  16.11  18.59  22.88  12.63  16.41  18.75  23.75  11.88  15.57  18.61  23.52  11.95  15.30  18.32  23.42
both   15.73   6.46  0.00  5.87  10.47  14.34  20.30  12.17  16.09  18.61  22.76  12.62  16.52  19.05  23.96  11.78  15.55  18.66  23.71  11.78  14.98  17.96  23.16
2024-07-15 09:56:20,843 
mean_candidate_mano: 
         MJE PA_MJE MJE_0 MJE_1 MJE_2 MJE_3  MJE_4 MJE_5  MJE_6  MJE_7  MJE_8 MJE_9 MJE_10 MJE_11 MJE_12 MJE_13 MJE_14 MJE_15 MJE_16 MJE_17 MJE_18 MJE_19 MJE_20
right  10.17   5.20  0.00  4.03  6.90  9.10  12.50  7.82   9.65  10.98  13.38  8.03  10.34  12.09  15.61   7.66  10.03  12.43  16.59   7.91   9.97  12.19  16.37
left   10.47   5.08  0.00  4.21  7.10  9.42  13.14  8.04  10.21  11.67  14.66  8.45  10.73  12.22  15.36   8.10  10.35  12.31  15.92   8.41  10.57  12.60  16.31
both   10.32   5.14  0.00  4.12  7.00  9.26  12.81  7.93   9.92  11.32  14.01  8.24  10.53  12.16  15.49   7.88  10.19  12.37  16.26   8.16  10.27  12.40  16.34
2024-07-15 09:56:20,986 
Object Evaluation: 7936 samples 
Mean Pose: 
                          MCE    OCE    ADD   ADDS  ADD01d ADDS01d    REP
002_master_chef_can     56.75  21.25  41.37  11.08  34.70%  92.46%  19.71
003_cracker_box         30.67  26.92  28.80  14.18  64.86%  92.38%   8.16
004_sugar_box           38.72  26.81  33.10  15.02  52.25%  84.25%  10.66
005_tomato_soup_can     41.72  22.77  32.93  11.77  19.02%  74.88%  13.76
006_mustard_bottle      28.29  18.98  23.23  10.08  66.23%  94.29%   8.31
007_tuna_fish_can       51.49  21.56  36.10  11.71  17.09%  75.26%  16.90
008_pudding_box         41.88  29.41  36.20  17.89  49.15%  85.40%  15.06
009_gelatin_box         33.75  24.58  29.44  13.62  35.95%  76.96%   9.39
010_potted_meat_can     37.62  21.95  30.52  11.76  32.12%  79.81%  13.18
011_banana              54.98  23.10  36.07  14.32  43.50%  81.25%  14.77
019_pitcher_base        50.74  35.52  41.74  19.08  55.28%  88.44%  16.77
021_bleach_cleanser     43.93  25.83  34.53  14.58  57.44%  89.49%  13.92
024_bowl               119.03  20.99  66.97  12.03  21.32%  89.74%  37.49
025_mug                 45.30  19.99  30.62   9.79  36.60%  90.46%  13.00
035_power_drill         42.96  32.14  36.11  17.03  53.40%  85.60%  11.99
036_wood_block         134.12  27.65  95.51  16.63   7.12%  83.56%  55.24
037_scissors            65.54  31.38  42.14  20.36  31.42%  68.08%  15.60
040_large_marker        39.76  23.24  30.51  16.48   8.57%  55.32%  11.27
052_extra_large_clamp  113.09  26.35  57.65  16.64  26.97%  82.70%  28.34
061_foam_brick          59.37  21.62  44.31  12.20  11.87%  71.50%  21.78
average_instance        56.01  25.09  40.12  14.29  36.43%  82.18%  17.58
2024-07-15 09:56:21,572 
Epoch: 66/100 | Learning Rate: 1.352e-05
2024-07-15 09:56:30,559 
[0000/3136]| Loss diff_H:5.42e+00 diff_O:8.59e-01 hm_H:1.98e+00 hm_O:1.71e+00 vert:9.76e-02 joint:1.06e-01 mano_pose:1.89e-02 mano_shape:6.65e-03 force:9.49e-02 gravity:6.88e-02 torque:3.27e-02 supervised:6.21e-02 CoM:1.24e-02 total:1.05e+01
